sample_id,event_id,event_code,latitude,longitude,state,district,facility_id,facility_name,acquisition_date,split,spatial_group,spatial_holdout_region,label,label_type,label_source,verification_status,dataset_type,is_demo,point_in_time_compliant,frp_max,frp_avg,frp_std,bright_max,bright_avg,delta_brightness,dist_to_facility_m,dist_to_forest_m,dist_to_agriculture_m,dist_to_settlement_m,dist_to_water_m,dist_to_mine_m,landcover_code,persistence_score,recurrence_rate,day_night_ratio,baseline_deviation_ratio,industrial_context_score
2db60b35-c186-4f9f-8ba8-1f03abb491e8,823b318a-2f5e-46fa-aa44-7af8ed8cdde0,EVT-GUJ-20260830-E234,22.3542,69.8644,Gujarat,Jamnagar,9851739b-957a-4c0e-87c9-e46429a00630,Reliance Jamnagar Mega Refinery & Petrochemical Complex,2026-08-30,TEST,9851739b-957a-4c0e-87c9-e46429a00630,WESTERN_PETROCHEMICAL,Industrial Fire,HUMAN_VERIFIED,SENTINEL2_SWIR_VERIFICATION,VERIFIED,HUMAN_VERIFIED,False,True,285.0,249.38,0.0,0.0,0.0,0.0,181.91402943653523,1128614.5,941505.2,4200.0,1335938.1,1302902.4,1,1.0,456.44,1.0,49.336,0.95
48ca05a1-f8a8-4576-a27b-70e481db9e82,bd0cafe6-0ed6-4506-af56-f7223c3e270f,EVT-GUJ-20260830-01F9,22.3542,69.8644,Gujarat,Jamnagar,9851739b-957a-4c0e-87c9-e46429a00630,Reliance Jamnagar Mega Refinery & Petrochemical Complex,2026-08-30,TEST,9851739b-957a-4c0e-87c9-e46429a00630,WESTERN_PETROCHEMICAL,Industrial Fire,HUMAN_VERIFIED,SENTINEL2_SWIR_VERIFICATION,VERIFIED,HUMAN_VERIFIED,False,True,285.0,249.38,0.0,0.0,0.0,0.0,181.91402943653523,1128614.5,941505.2,4200.0,1335938.1,1302902.4,1,1.0,456.44,1.0,49.336,0.95
aba75650-6264-475e-9029-ea5027aa392a,0f14d5a9-0fa6-48c9-8a82-4d8258ce0cd1,EVT-GUJ-20260831-FDDA,22.3542,69.8644,Gujarat,Jamnagar,9851739b-957a-4c0e-87c9-e46429a00630,Reliance Jamnagar Mega Refinery & Petrochemical Complex,2026-08-31,TEST,9851739b-957a-4c0e-87c9-e46429a00630,WESTERN_PETROCHEMICAL,Industrial Fire,HUMAN_VERIFIED,SENTINEL2_SWIR_VERIFICATION,VERIFIED,HUMAN_VERIFIED,False,True,285.0,249.38,0.0,0.0,0.0,0.0,181.91402943653523,1128614.5,941505.2,4200.0,1335938.1,1302902.4,1,1.0,456.44,1.0,49.336,0.95
e07f60ee-2d70-485c-babb-fff419b0737b,7502e994-8636-40df-8055-597df8101f47,EVT-GUJ-20260831-F21F,22.3542,69.8644,Gujarat,Jamnagar,9851739b-957a-4c0e-87c9-e46429a00630,Reliance Jamnagar Mega Refinery & Petrochemical Complex,2026-08-31,TEST,9851739b-957a-4c0e-87c9-e46429a00630,WESTERN_PETROCHEMICAL,Industrial Fire,HUMAN_VERIFIED,SENTINEL2_SWIR_VERIFICATION,VERIFIED,HUMAN_VERIFIED,False,True,285.0,249.38,0.0,0.0,0.0,0.0,181.91402943653523,1128614.5,941505.2,4200.0,1335938.1,1302902.4,1,1.0,456.44,1.0,49.336,0.95
9088b293-5326-4cf2-bd90-ae377c14ade1,3f95cd98-f758-4106-8577-fc218e2bcb96,EVT-GUJ-20260831-445F,22.3542,69.8644,Gujarat,Jamnagar,9851739b-957a-4c0e-87c9-e46429a00630,Reliance Jamnagar Mega Refinery & Petrochemical Complex,2026-08-31,TEST,9851739b-957a-4c0e-87c9-e46429a00630,WESTERN_PETROCHEMICAL,Industrial Fire,HUMAN_VERIFIED,SENTINEL2_SWIR_VERIFICATION,VERIFIED,HUMAN_VERIFIED,False,True,285.0,249.38,0.0,0.0,0.0,0.0,181.91402943653523,1128614.5,941505.2,4200.0,1335938.1,1302902.4,1,1.0,456.44,1.0,49.336,0.95
fc1b1f27-c422-4e5c-8b81-5fb1e9229acf,459fe31e-7131-462b-be5d-fe4a1d3efdf0,EVT-GUJ-20260831-B3EB,22.3542,69.8644,Gujarat,Jamnagar,9851739b-957a-4c0e-87c9-e46429a00630,Reliance Jamnagar Mega Refinery & Petrochemical Complex,2026-08-31,TEST,9851739b-957a-4c0e-87c9-e46429a00630,WESTERN_PETROCHEMICAL,Industrial Fire,HUMAN_VERIFIED,SENTINEL2_SWIR_VERIFICATION,VERIFIED,HUMAN_VERIFIED,False,True,285.0,249.38,0.0,0.0,0.0,0.0,181.91402943653523,1128614.5,941505.2,4200.0,1335938.1,1302902.4,1,1.0,456.44,1.0,49.336,0.95
60afaeff-8821-4714-8e13-3b306d5e58e9,f48a377a-5f24-4346-a857-42749f32bd03,EVT-GUJ-20260831-29B0,22.3542,69.8644,Gujarat,Jamnagar,9851739b-957a-4c0e-87c9-e46429a00630,Reliance Jamnagar Mega Refinery & Petrochemical Complex,2026-08-31,TEST,9851739b-957a-4c0e-87c9-e46429a00630,WESTERN_PETROCHEMICAL,Industrial Fire,HUMAN_VERIFIED,SENTINEL2_SWIR_VERIFICATION,VERIFIED,HUMAN_VERIFIED,False,True,285.0,249.38,0.0,0.0,0.0,0.0,181.91402943653523,1128614.5,941505.2,4200.0,1335938.1,1302902.4,1,1.0,456.44,1.0,49.336,0.95
95ed0671-8652-46f3-b924-62180cd33144,1ae2b382-0094-4b4b-832e-d67cd95fce60,EVT-GUJ-20260831-C7E8,22.3542,69.8644,Gujarat,Jamnagar,9851739b-957a-4c0e-87c9-e46429a00630,Reliance Jamnagar Mega Refinery & Petrochemical Complex,2026-08-31,TEST,9851739b-957a-4c0e-87c9-e46429a00630,WESTERN_PETROCHEMICAL,Industrial Fire,HUMAN_VERIFIED,SENTINEL2_SWIR_VERIFICATION,VERIFIED,HUMAN_VERIFIED,False,True,285.0,249.38,0.0,0.0,0.0,0.0,181.91402943653523,1128614.5,941505.2,4200.0,1335938.1,1302902.4,1,1.0,456.44,1.0,49.336,0.95
98697551-9504-48b8-babb-388fa71ac816,e1687160-adf1-48a7-a1f9-b2d962d7116e,EVT-GUJ-20260831-B1E4,22.3542,69.8644,Gujarat,Jamnagar,9851739b-957a-4c0e-87c9-e46429a00630,Reliance Jamnagar Mega Refinery & Petrochemical Complex,2026-08-31,TEST,9851739b-957a-4c0e-87c9-e46429a00630,WESTERN_PETROCHEMICAL,Industrial Fire,HUMAN_VERIFIED,SENTINEL2_SWIR_VERIFICATION,VERIFIED,HUMAN_VERIFIED,False,True,285.0,249.38,0.0,0.0,0.0,0.0,181.91402943653523,1128614.5,941505.2,4200.0,1335938.1,1302902.4,1,1.0,456.44,1.0,49.336,0.95
2fe66a6f-27b0-4254-b776-61df508a53db,2bd6071a-8eba-45b6-b86b-017cf855e7a4,EVT-GUJ-20260831-1CF2,22.3542,69.8644,Gujarat,Jamnagar,9851739b-957a-4c0e-87c9-e46429a00630,Reliance Jamnagar Mega Refinery & Petrochemical Complex,2026-08-31,TEST,9851739b-957a-4c0e-87c9-e46429a00630,WESTERN_PETROCHEMICAL,Industrial Fire,HUMAN_VERIFIED,SENTINEL2_SWIR_VERIFICATION,VERIFIED,HUMAN_VERIFIED,False,True,285.0,249.38,0.0,0.0,0.0,0.0,181.91402943653523,1128614.5,941505.2,4200.0,1335938.1,1302902.4,1,1.0,456.44,1.0,49.336,0.95
99c9e3af-da49-4a91-98d5-1c1f88a7b4cf,e03c4b55-a083-4bb3-bea0-eac28fe9eb45,EVT-GUJ-20260831-C603,22.3542,69.8644,Gujarat,Jamnagar,9851739b-957a-4c0e-87c9-e46429a00630,Reliance Jamnagar Mega Refinery & Petrochemical Complex,2026-08-31,TEST,9851739b-957a-4c0e-87c9-e46429a00630,WESTERN_PETROCHEMICAL,Industrial Fire,HUMAN_VERIFIED,SENTINEL2_SWIR_VERIFICATION,VERIFIED,HUMAN_VERIFIED,False,True,285.0,249.38,0.0,0.0,0.0,0.0,181.91402943653523,1128614.5,941505.2,4200.0,1335938.1,1302902.4,1,1.0,456.44,1.0,49.336,0.95
6689f1a1-ed30-4d39-960f-bbb2f671a38d,e8283763-46f0-46d4-b4a4-57526ec19a26,EVT-GUJ-20260412-9441,22.3552,69.8654,Gujarat,Jamnagar,9851739b-957a-4c0e-87c9-e46429a00630,Reliance Jamnagar Mega Refinery & Petrochemical Complex,2026-04-13,TEST,9851739b-957a-4c0e-87c9-e46429a00630,WESTERN_PETROCHEMICAL,Industrial Fire,HUMAN_VERIFIED,SENTINEL2_SWIR_VERIFICATION,VERIFIED,HUMAN_VERIFIED,False,True,165.0,165.0,0.0,0.0,0.0,0.0,41.135171518434575,1128496.1,941360.1,4200.0,1335817.2,1302794.2,1,1.0,402.0,1.0,41.639,0.95
ac743c59-6d7c-4f03-b16a-5748827d1820,e03c4b55-a083-4bb3-bea0-eac28fe9eb45,EVT-GUJ-20260831-C603,22.3542,69.8644,Gujarat,Jamnagar,9851739b-957a-4c0e-87c9-e46429a00630,Reliance Jamnagar Mega Refinery & Petrochemical Complex,2026-08-31,TEST,9851739b-957a-4c0e-87c9-e46429a00630,WESTERN_PETROCHEMICAL,Industrial Fire,HUMAN_VERIFIED,SENTINEL2_SWIR_VERIFICATION,VERIFIED,HUMAN_VERIFIED,False,True,285.0,249.38,0.0,0.0,0.0,0.0,181.91402943653523,1128614.5,941505.2,4200.0,1335938.1,1302902.4,1,1.0,456.44,1.0,49.336,0.95
7aa613bf-611c-4327-9d55-5a928594a865,acc17416-08cf-45af-bee3-480b2b8dbae0,EVT-GUJ-20260901-32D0,22.3542,69.8644,Gujarat,Jamnagar,9851739b-957a-4c0e-87c9-e46429a00630,Reliance Jamnagar Mega Refinery & Petrochemical Complex,2026-09-01,TEST,9851739b-957a-4c0e-87c9-e46429a00630,WESTERN_PETROCHEMICAL,Industrial Fire,HUMAN_VERIFIED,SENTINEL2_SWIR_VERIFICATION,VERIFIED,HUMAN_VERIFIED,False,True,285.0,249.38,0.0,0.0,0.0,0.0,181.91402943653523,1128614.5,941505.2,4200.0,1335938.1,1302902.4,1,1.0,456.44,1.0,49.336,0.95
a5f12ed9-8ac7-480e-aafd-983ec0a22a9c,43c03b2d-f2e5-4087-b3e3-478f0820b3b0,EVT-REAL-2022-00001,16.5249,77.3982,Andhra Pradesh,East Godavari,,,2022-01-01,TRAIN,East Godavari,GENERAL_INDIAN_TERRITORY,Uncertain,UNKNOWN,LOW_CONFIDENCE_HOTSPOT,UNVERIFIED,REAL,False,True,6.3,6.3,0.0,315.0,315.0,0.0,7633.101563678762,850147.1,1482555.0,4200.0,996817.8,835294.8,0,0.0,0.0,1.0,0.63,0.65
3f0994b7-80d4-4bb5-908d-711e29528a9a,0f75abf3-1c05-4b12-867d-75540e6f8305,EVT-REAL-2022-00002,16.54304,76.51217,Maharashtra,Nagpur,,,2022-01-01,TRAIN,Nagpur,GENERAL_INDIAN_TERRITORY,Uncertain,UNKNOWN,LOW_CONFIDENCE_HOTSPOT,UNVERIFIED,REAL,False,True,6.95,6.95,0.0,340.49,340.49,0.0,9245.166091166051,891121.5,1479511.8,4200.0,1050304.2,896520.9,0,0.0,0.0,1.0,0.695,0.2
39d85516-9e7b-4199-8368-b77be6622af4,6aa4fabc-3a7a-422d-972a-e933ba740598,EVT-REAL-2022-00003,15.95954,77.14352,Andhra Pradesh,East Godavari,,,2022-01-01,TRAIN,East Godavari,GENERAL_INDIAN_TERRITORY,Uncertain,UNKNOWN,LOW_CONFIDENCE_HOTSPOT,UNVERIFIED,REAL,False,True,6.14,4.6,1.5394804318340654,331.05,330.53,0.5200000000000387,12146.283941541573,918374.1,1544261.3,4200.0,1064073.0,901167.0,0,0.0,0.0,1.0,0.614,0.2
0e23e648-ee73-4faa-bdcc-5dd877a68176,98dc0575-c61f-4888-b215-92f97ea6b0b2,EVT-REAL-2022-00004,16.60065,78.14039,Andhra Pradesh,East Godavari,,,2022-01-01,TRAIN,East Godavari,GENERAL_INDIAN_TERRITORY,Uncertain,UNKNOWN,LOW_CONFIDENCE_HOTSPOT,UNVERIFIED,REAL,False,True,24.52,24.52,0.0,340.57,340.57,0.0,10234.187988066802,812815.9,1479244.5,4200.0,947877.3,780568.3,0,0.0,0.0,1.0,1.0,0.2
d8977ba1-5fd1-4745-892d-0f7d2df37fb4,f9b57054-251e-476c-8b89-63b57dfc568a,EVT-REAL-2022-00005,16.5387,77.66588,Andhra Pradesh,East Godavari,,,2022-01-01,TRAIN,East Godavari,GENERAL_INDIAN_TERRITORY,Uncertain,UNKNOWN,LOW_CONFIDENCE_HOTSPOT,UNVERIFIED,REAL,False,True,3.11,3.11,0.0,333.98,333.98,0.0,7167.901291487608,837414.7,1482404.7,4200.0,979993.9,816288.8,0,0.0,0.0,1.0,0.311,0.65
6e5e1ba7-2f3c-4a6d-9cd4-45431794c060,1262b988-fa71-4289-96f5-eb9147b2e13a,EVT-REAL-2022-00006,16.38729,76.76286,Andhra Pradesh,East Godavari,,,2022-01-01,TRAIN,East Godavari,GENERAL_INDIAN_TERRITORY,Uncertain,UNKNOWN,LOW_CONFIDENCE_HOTSPOT,UNVERIFIED,REAL,False,True,3.83,3.83,0.0,330.47,330.47,0.0,9616.41103117164,893475.8,1496532.0,4200.0,1048051.2,890984.1,0,0.0,0.0,1.0,0.383,0.2
1005aea5-a3e5-46a2-a862-ea9338749856,e168246f-e1ef-4570-8cff-1b3571d707f8,EVT-REAL-2022-00007,16.47318,77.1695,Andhra Pradesh,East Godavari,,,2022-01-01,TRAIN,East Godavari,GENERAL_INDIAN_TERRITORY,Uncertain,UNKNOWN,LOW_CONFIDENCE_HOTSPOT,UNVERIFIED,REAL,False,True,6.28,6.28,0.0,338.56,338.56,0.0,10004.027372559829,865588.6,1487500.1,4200.0,1015224.7,855305.2,0,0.0,0.0,1.0,0.628,0.2
2571e49e-41e7-408d-a202-7721b7c79ad5,75ba6f98-e5fa-4bd7-b322-cb4781f656ee,EVT-REAL-2022-00008,16.28764,77.10003,Andhra Pradesh,East Godavari,,,2022-01-01,TRAIN,East Godavari,GENERAL_INDIAN_TERRITORY,Uncertain,UNKNOWN,LOW_CONFIDENCE_HOTSPOT,UNVERIFIED,REAL,False,True,4.98,4.23,0.7483314773547883,337.79,337.4,0.3900000000000432,12253.400231831227,887321.2,1507865.8,4200.0,1036367.5,875810.4,0,0.0,0.0,1.0,0.498,0.2
e7ee70c2-b2ee-41d5-853c-eac49a2680fd,d9796f2c-d79e-4a0b-8be5-9102a1c25b4a,EVT-REAL-2022-00009,16.48127,76.85621,Andhra Pradesh,East Godavari,,,2022-01-01,TRAIN,East Godavari,GENERAL_INDIAN_TERRITORY,Uncertain,UNKNOWN,LOW_CONFIDENCE_HOTSPOT,UNVERIFIED,REAL,False,True,3.05,3.05,0.0,334.95,334.95,0.0,6465.526822640956,879651.3,1486138.2,4200.0,1033778.3,876585.7,0,0.0,0.0,1.0,0.305,0.65
11f86a5d-aa57-4923-9ba8-c4dbf6b17a31,298a3bfe-db62-4490-accb-31c51d17c245,EVT-REAL-2022-00010,30.18563,76.67887,Punjab,Sangrur,,,2022-01-01,TRAIN,Sangrur,NORTHERN_AGRICULTURE,Agricultural Burning,REAL,BHUVAN_AGRICULTURAL_CYCLE,UNVERIFIED,REAL,False,True,8.37,8.37,0.0,330.72,330.72,0.0,12131.993738583435,807438.7,0.0,4200.0,898379.7,882145.2,4,0.0,0.0,1.0,0.837,0.2
6d97aaa4-1ae6-488f-90df-11b3888ee796,7dadf49a-fe0c-4713-a044-c1685100642b,EVT-REAL-2022-00011,30.62966,75.79422,Punjab,Sangrur,,,2022-01-01,TRAIN,Sangrur,NORTHERN_AGRICULTURE,Agricultural Burning,REAL,BHUVAN_AGRICULTURAL_CYCLE,UNVERIFIED,REAL,False,True,14.92,14.92,0.0,341.1,341.1,0.0,5426.289748198023,895114.8,0.0,4200.0,993246.9,976582.2,4,0.0,0.0,1.0,1.0,0.65
233237e5-378d-4e8a-a04f-dcf0b75fcc0e,44834006-d289-4875-9341-669ebacbcb31,EVT-REAL-2022-00012,16.7561,76.5711,Maharashtra,Nagpur,,,2022-01-01,TRAIN,Nagpur,GENERAL_INDIAN_TERRITORY,Uncertain,UNKNOWN,LOW_CONFIDENCE_HOTSPOT,UNVERIFIED,REAL,False,True,6.6,6.6,0.0,314.7,314.7,0.0,7901.907016907533,867528.1,1455876.2,4200.0,1027841.1,875222.0,0,0.0,0.0,1.0,0.66,0.65
bfe1b2ee-6ae2-4b17-945b-77a3b863fd40,4e04a80c-d07d-4064-9c1f-7f2a5afd991a,EVT-REAL-2022-00013,16.62326,76.83441,Andhra Pradesh,East Godavari,,,2022-01-01,TRAIN,East Godavari,GENERAL_INDIAN_TERRITORY,Uncertain,UNKNOWN,LOW_CONFIDENCE_HOTSPOT,UNVERIFIED,REAL,False,True,5.0,4.95,0.0,335.32,333.96,1.3600000000000136,5081.172072003477,866808.3,1470418.0,4200.0,1022479.1,866512.0,0,0.0,0.0,1.0,0.5,0.65
a7ec1e88-95fa-420b-8db0-1ccc9b88f1cc,a324e257-ae42-4526-9441-fcb82fdeb97d,EVT-REAL-2022-00014,15.08663,77.62585,Andhra Pradesh,East Godavari,,,2022-01-01,TRAIN,East Godavari,GENERAL_INDIAN_TERRITORY,Uncertain,UNKNOWN,LOW_CONFIDENCE_HOTSPOT,UNVERIFIED,REAL,False,True,6.49,6.49,0.0,341.85,341.85,0.0,3150.9353256894683,989148.7,1642634.2,4200.0,1121079.3,950548.1,0,0.0,0.0,1.0,0.649,0.65
95f5ce17-8118-4e22-bb68-da0181a2f678,e4556c19-eedf-4ba3-b732-9928f543748c,EVT-REAL-2022-00015,30.3164,75.6704,Punjab,Sangrur,,,2022-01-01,TRAIN,Sangrur,NORTHERN_AGRICULTURE,Agricultural Burning,REAL,BHUVAN_AGRICULTURAL_CYCLE,UNVERIFIED,REAL,False,True,17.8,17.8,0.0,312.2,312.2,0.0,6514.982434386109,873894.2,0.0,4200.0,978174.9,961004.2,4,0.0,0.0,1.0,1.0,0.65
d31b57d1-6b22-47ab-b715-038fab28425f,ced8abb1-ccfe-40aa-91ee-c54a7225e20b,EVT-REAL-2022-00016,22.3412,69.8814,Gujarat,Jamnagar,ae8cb4e2-ec5d-414a-a67a-ee4f275bbb89,Industrial Manufacturing (cooling) (Way #666443873),2022-01-01,TRAIN,ae8cb4e2-ec5d-414a-a67a-ee4f275bbb89,WESTERN_PETROCHEMICAL,Industrial Fire,WEAKLY_LABELED,FACILITY_ANOMALOUS_THERMAL,UNVERIFIED,REAL,False,True,26.0,26.0,0.0,317.2,317.2,0.0,817.5773202017549,1127098.5,942015.2,4200.0,1334468.1,1301222.8,1,0.0,0.0,0.0,1.0,0.95
52d3adf8-e517-440f-81eb-05d873e011b2,e7f142a4-2525-449b-b21f-efe42045fa4c,EVT-REAL-2022-00017,15.18638,76.64178,Karnataka,Ballari,88d052f9-bea2-47a1-b1a9-557b83171409,Industrial Manufacturing (cooling) (Way #666448109),2022-01-01,TRAIN,88d052f9-bea2-47a1-b1a9-557b83171409,GENERAL_INDIAN_TERRITORY,Industrial Fire,WEAKLY_LABELED,FACILITY_ANOMALOUS_THERMAL,UNVERIFIED,REAL,False,True,4.04,3.55,0.37416573867739417,328.11,315.17,12.939999999999998,183.6699826729754,1018520.4,1629496.4,4200.0,1165139.2,1001776.3,0,0.0,0.0,0.0,0.404,0.95
20efc274-1c39-42a6-b3c0-826be2f8a0cc,8ce022c3-ac77-4aea-a470-c944b38be7d4,EVT-REAL-2022-00018,15.17542,76.65914,Karnataka,Ballari,23ba9fb0-4eff-41e9-9d83-71d545b12a48,Industrial Manufacturing (cooling) (Way #666448114),2022-01-01,TRAIN,23ba9fb0-4eff-41e9-9d83-71d545b12a48,GENERAL_INDIAN_TERRITORY,Industrial Fire,WEAKLY_LABELED,FACILITY_ANOMALOUS_THERMAL,UNVERIFIED,REAL,False,True,7.05,4.2,0.9695359714832658,349.55,323.77,25.78000000000003,120.05531447500272,1018843.5,1630692.3,4200.0,1165154.6,1001612.7,0,0.0,0.0,0.3333,0.705,0.95
888c498a-bbae-4dfa-bf78-2d4c0d17d15f,b835ac1c-afea-4097-98b8-89e35e0762f8,EVT-REAL-2022-00019,27.9627,72.9986,Rajasthan,Barmer,,,2022-01-02,TRAIN,Barmer,GENERAL_INDIAN_TERRITORY,Uncertain,UNKNOWN,LOW_CONFIDENCE_HOTSPOT,UNVERIFIED,REAL,False,True,5.2,5.2,0.0,309.2,309.2,0.0,4667.5485083833955,901514.5,244589.3,4200.0,1065054.0,1043901.2,0,0.0,0.0,1.0,0.52,0.65
471c556c-c71c-4d9f-84ef-65386dc9cb7b,b45809df-f0c1-4c15-b295-fa6af2ba0499,EVT-REAL-2022-00020,16.50607,77.23726,Andhra Pradesh,East Godavari,,,2022-01-02,TRAIN,East Godavari,GENERAL_INDIAN_TERRITORY,Uncertain,UNKNOWN,LOW_CONFIDENCE_HOTSPOT,UNVERIFIED,REAL,False,True,4.07,4.07,0.0,330.09,330.09,0.0,5338.426481954604,859208.1,1484053.1,4200.0,1008136.0,847860.2,0,0.0,0.0,1.0,0.407,0.65
f63f6fa4-89c1-4901-b266-244aa200ae1e,b5a711d7-ae70-4279-bac1-1781c51f6d9e,EVT-REAL-2022-00021,16.42278,76.78027,Andhra Pradesh,East Godavari,,,2022-01-02,TRAIN,East Godavari,GENERAL_INDIAN_TERRITORY,Uncertain,UNKNOWN,LOW_CONFIDENCE_HOTSPOT,UNVERIFIED,REAL,False,True,4.19,4.19,0.0,330.22,330.22,0.0,11303.148985508955,889133.6,1492601.2,4200.0,1043781.3,886818.2,0,0.0,0.0,1.0,0.419,0.2
74afc7fe-6d1f-4d50-be46-145eeefa9834,659c1d80-0c93-48b7-a534-24689118310c,EVT-REAL-2022-00022,14.19392,76.42376,Karnataka,Ballari,5a58238c-420a-48e6-8a51-2cefe8095287,Designated Industrial Park / Estate (Way #924699013),2022-01-02,TRAIN,5a58238c-420a-48e6-8a51-2cefe8095287,GENERAL_INDIAN_TERRITORY,Uncertain,UNKNOWN,LOW_CONFIDENCE_HOTSPOT,UNVERIFIED,REAL,False,True,6.3,6.3,0.0,349.0,349.0,0.0,1919.9774585378384,1128359.2,1739520.1,4200.0,1270870.4,1104403.5,0,0.0,0.0,1.0,0.63,0.95
4ab50f98-6430-4633-83ed-e940b73aba27,c666c2ee-0d2c-4eff-9404-5bf4054c1c6a,EVT-REAL-2022-00023,14.25145,76.29766,Karnataka,Ballari,,,2022-01-02,TRAIN,Ballari,GENERAL_INDIAN_TERRITORY,Uncertain,UNKNOWN,LOW_CONFIDENCE_HOTSPOT,UNVERIFIED,REAL,False,True,10.37,5.82,2.7129319932501073,340.6,335.81,4.7900000000000205,7956.477662579177,1128028.9,1733260.3,4200.0,1272472.0,1107035.7,0,0.0,0.0,1.0,1.037,0.65
5c87e8af-36e3-409b-be60-6dd972ad1a6a,ad0f156b-69cf-4ed1-b632-261305c331d9,EVT-REAL-2022-00024,14.51227,77.57043,Andhra Pradesh,East Godavari,,,2022-01-02,TRAIN,East Godavari,GENERAL_INDIAN_TERRITORY,Uncertain,UNKNOWN,LOW_CONFIDENCE_HOTSPOT,UNVERIFIED,REAL,False,True,3.95,3.95,0.0,336.92,336.92,0.0,3738.195037382516,1051237.7,1705838.3,4200.0,1180192.1,1007948.1,0,0.0,0.0,1.0,0.395,0.65
90a78dc2-9020-4b77-8ac6-e3dba740ce54,71d50f70-960e-4852-a92a-c4db8aafe561,EVT-REAL-2022-00025,14.97142,77.80672,Andhra Pradesh,East Godavari,,,2022-01-02,TRAIN,East Godavari,GENERAL_INDIAN_TERRITORY,Uncertain,UNKNOWN,LOW_CONFIDENCE_HOTSPOT,UNVERIFIED,REAL,False,True,4.12,4.12,0.0,333.48,333.48,0.0,6875.040828686852,995034.2,1656418.4,4200.0,1123375.0,951270.8,0,0.0,0.0,1.0,0.412,0.65
aa62081e-7632-4d06-918a-84223c72c99a,531af445-a2b0-41a3-a9bb-da43387a0eab,EVT-REAL-2022-00026,14.99799,77.6311,Andhra Pradesh,East Godavari,,,2022-01-02,TRAIN,East Godavari,GENERAL_INDIAN_TERRITORY,Uncertain,UNKNOWN,LOW_CONFIDENCE_HOTSPOT,UNVERIFIED,REAL,False,True,4.16,4.16,0.0,332.97,332.97,0.0,8015.0826329115525,998232.2,1652458.1,4200.0,1129473.3,958570.1,0,0.0,0.0,1.0,0.416,0.2
8b4b63e3-0a24-4aa6-beb1-ed313f0788ca,6b1f3b86-7db0-49da-9249-940bf2b24915,EVT-REAL-2022-00027,15.37056,77.01385,Andhra Pradesh,East Godavari,,,2022-01-02,TRAIN,East Godavari,GENERAL_INDIAN_TERRITORY,Uncertain,UNKNOWN,LOW_CONFIDENCE_HOTSPOT,UNVERIFIED,REAL,False,True,3.06,3.06,0.0,334.26,334.26,0.0,19247.6016324098,983652.8,1609184.9,4200.0,1126611.1,961522.5,0,0.0,0.0,1.0,0.306,0.2
4ea7dfb4-6a5f-4d0d-8b6a-ded0d4b413c7,3063871f-3e26-4edf-b664-31e69aa39147,EVT-REAL-2022-00028,15.52506,76.57597,Karnataka,Ballari,,,2022-01-02,TRAIN,Ballari,GENERAL_INDIAN_TERRITORY,Uncertain,UNKNOWN,LOW_CONFIDENCE_HOTSPOT,UNVERIFIED,REAL,False,True,3.74,3.74,0.0,333.4,333.4,0.0,8557.18570231487,987681.2,1592092.1,4200.0,1137706.2,976653.7,0,0.0,0.0,1.0,0.374,0.2
af4c41aa-26d1-4629-ab3c-2614a6c766f2,57723a0c-b7c2-4677-a61f-9e4b7160d3b7,EVT-REAL-2022-00029,15.59555,76.75582,Andhra Pradesh,East Godavari,,,2022-01-02,TRAIN,East Godavari,GENERAL_INDIAN_TERRITORY,Uncertain,UNKNOWN,LOW_CONFIDENCE_HOTSPOT,UNVERIFIED,REAL,False,True,3.25,3.25,0.0,338.14,338.14,0.0,4534.231123089591,972309.4,1584146.5,4200.0,1120513.1,958510.9,0,0.0,0.0,1.0,0.325,0.65
7291caee-0471-43e1-b193-a9564346059f,91d129b4-7ec0-4b3d-8c78-b42549b65cd1,EVT-REAL-2022-00030,15.63893,76.72684,Andhra Pradesh,East Godavari,,,2022-01-02,TRAIN,East Godavari,GENERAL_INDIAN_TERRITORY,Uncertain,UNKNOWN,LOW_CONFIDENCE_HOTSPOT,UNVERIFIED,REAL,False,True,6.48,6.48,0.0,338.57,338.57,0.0,6163.808748399232,969302.9,1579357.6,4200.0,1118230.8,956692.9,0,0.0,0.0,1.0,0.648,0.65
00cb8998-08c7-4458-aa5b-e5a6eed88d48,3dcdcfed-4b14-4303-af06-e0287e958f06,EVT-REAL-2022-00031,15.74611,76.79067,Andhra Pradesh,East Godavari,,,2022-01-02,TRAIN,East Godavari,GENERAL_INDIAN_TERRITORY,Uncertain,UNKNOWN,LOW_CONFIDENCE_HOTSPOT,UNVERIFIED,REAL,False,True,3.03,3.03,0.0,331.76,331.76,0.0,4954.184220069065,955653.0,1567480.1,4200.0,1104567.6,943161.4,0,0.0,0.0,1.0,0.303,0.65
52c6823f-6c1f-46c3-a0a8-c5478d4034d7,55956e13-d601-4fce-aef8-a05c44b90830,EVT-REAL-2022-00032,16.13431,76.96691,Andhra Pradesh,East Godavari,,,2022-01-02,TRAIN,East Godavari,GENERAL_INDIAN_TERRITORY,Uncertain,UNKNOWN,LOW_CONFIDENCE_HOTSPOT,UNVERIFIED,REAL,False,True,3.15,3.15,0.0,331.98,331.98,0.0,3662.127883228049,908757.3,1524617.6,4200.0,1058401.2,897957.1,0,0.0,0.0,1.0,0.315,0.65
48a3c62c-6906-4f1c-83a5-e445584c4e3a,7662eafb-80e5-46d7-8b55-04d4c3c0b7d7,EVT-REAL-2022-00033,16.48571,77.91984,Andhra Pradesh,East Godavari,1f90bf8a-59ac-4e93-9832-99c76d3e0c9a,Solar Photovoltaic / Solar Thermal Power Generation (Way #748664610),2022-01-02,TRAIN,1f90bf8a-59ac-4e93-9832-99c76d3e0c9a,GENERAL_INDIAN_TERRITORY,Industrial Fire,WEAKLY_LABELED,FACILITY_ANOMALOUS_THERMAL,UNVERIFIED,REAL,False,True,3.0,3.0,0.0,335.15,335.15,0.0,256.1857612803493,832869.4,1490021.4,4200.0,970783.5,804650.5,0,0.0,0.0,1.0,0.3,0.95
10dc174e-f741-4614-a878-922b3d07991d,c0de676c-7805-4173-8952-ee4bcc2d2130,EVT-REAL-2022-00034,16.44044,76.78319,Andhra Pradesh,East Godavari,,,2022-01-02,TRAIN,East Godavari,GENERAL_INDIAN_TERRITORY,Uncertain,UNKNOWN,LOW_CONFIDENCE_HOTSPOT,UNVERIFIED,REAL,False,True,3.01,3.01,0.0,334.87,334.87,0.0,9337.508826943715,887257.2,1490646.5,4200.0,1042018.2,885156.2,0,0.0,0.0,1.0,0.301,0.2
3ba96e4b-7e02-4e6a-b744-303e89aa19cb,961dc888-e253-4295-a48e-652cfed4da0a,EVT-REAL-2022-00035,16.50413,76.48253,Maharashtra,Nagpur,,,2022-01-02,TRAIN,Nagpur,GENERAL_INDIAN_TERRITORY,Uncertain,UNKNOWN,LOW_CONFIDENCE_HOTSPOT,UNVERIFIED,REAL,False,True,3.7,3.7,0.0,347.1,347.1,0.0,6479.408576017246,896427.6,1483845.7,4200.0,1055646.2,901819.6,0,0.0,0.0,1.0,0.37,0.65
f1f03f9f-d237-411f-b75f-66e4fc3245e4,2599f48d-cdca-47e4-aa15-43fee8fd3234,EVT-REAL-2022-00036,16.74554,77.35217,Andhra Pradesh,East Godavari,,,2022-01-02,TRAIN,East Godavari,GENERAL_INDIAN_TERRITORY,Uncertain,UNKNOWN,LOW_CONFIDENCE_HOTSPOT,UNVERIFIED,REAL,False,True,4.05,4.05,0.0,334.44,334.44,0.0,4372.011784944791,830008.9,1457968.3,4200.0,979345.3,819718.6,0,0.0,0.0,1.0,0.405,0.65
2452a3c4-73a9-4755-8a4f-7aa11c435415,d77822b8-c0b7-4742-ba60-65c01f0d49c0,EVT-REAL-2022-00037,16.8937,77.44068,Andhra Pradesh,East Godavari,,,2022-01-02,TRAIN,East Godavari,GENERAL_INDIAN_TERRITORY,Uncertain,UNKNOWN,LOW_CONFIDENCE_HOTSPOT,UNVERIFIED,REAL,False,True,5.21,5.21,0.0,335.31,335.31,0.0,12331.98063715437,811158.2,1441963.1,4200.0,960492.9,801137.1,0,0.0,0.0,1.0,0.521,0.2
09b0edce-ad8b-4cb6-89df-7ecfa7e4cea0,cedf17ab-4067-4881-ad2e-699ad251e4e7,EVT-REAL-2022-00038,31.15467,76.07658,Punjab,Sangrur,,,2022-01-02,TRAIN,Sangrur,NORTHERN_AGRICULTURE,Agricultural Burning,REAL,BHUVAN_AGRICULTURAL_CYCLE,UNVERIFIED,REAL,False,True,8.73,8.73,0.0,331.73,331.73,0.0,3423.3026023405723,929218.4,0.0,4200.0,1016270.6,1000541.3,4,0.0,0.0,1.0,0.873,0.65
1593f812-946b-4684-9c57-ccaa7922ab79,e5344dd8-8c9b-47c2-b462-88f271dc1c09,EVT-REAL-2022-00039,27.46338,71.97816,Rajasthan,Barmer,15e4a59a-a22d-4939-a628-61cbd9c836da,Designated Industrial Park / Estate (Way #654730206),2022-01-02,TRAIN,15e4a59a-a22d-4939-a628-61cbd9c836da,GENERAL_INDIAN_TERRITORY,Industrial Fire,WEAKLY_LABELED,FACILITY_ANOMALOUS_THERMAL,UNVERIFIED,REAL,False,True,6.23,3.7,0.9746794344808963,356.41,346.68,9.730000000000018,597.8188891628348,969219.5,346509.7,4200.0,1143117.9,1121443.1,0,0.0,0.0,1.0,0.623,0.95
0f9079bb-a69a-4ba1-b2ea-c824824902fe,1b3f0a6a-3075-46f3-9c81-f51460a9df2f,EVT-REAL-2022-00040,16.6615,78.4392,Andhra Pradesh,East Godavari,,,2022-01-03,TRAIN,East Godavari,GENERAL_INDIAN_TERRITORY,Uncertain,UNKNOWN,LOW_CONFIDENCE_HOTSPOT,UNVERIFIED,REAL,False,True,16.3,16.3,0.0,316.7,316.7,0.0,4200.619178731824,796251.9,1475676.0,4200.0,926353.3,756921.8,0,0.0,0.0,1.0,1.0,0.65
6b3adf63-bc97-43fb-9040-9622a2ba6c27,98a17d9f-932f-4984-b0f0-675e938a7f43,EVT-REAL-2022-00041,14.82652,77.27308,Andhra Pradesh,East Godavari,,,2022-01-03,TRAIN,East Godavari,GENERAL_INDIAN_TERRITORY,Uncertain,UNKNOWN,LOW_CONFIDENCE_HOTSPOT,UNVERIFIED,REAL,False,True,6.86,6.86,0.0,334.52,334.52,0.0,4090.573256370926,1029124.9,1669938.7,4200.0,1164507.6,995232.4,0,0.0,0.0,1.0,0.686,0.65
eaa40afa-aadb-4fbd-acec-a1501407719f,a7e9209a-ae7d-4ab6-a44b-3ac6f0f629ad,EVT-REAL-2022-00042,14.93239,77.68639,Andhra Pradesh,East Godavari,be515e7c-8f8a-498d-8fe7-a1a4997487d9,Megha Solar Plant,2022-01-03,TRAIN,be515e7c-8f8a-498d-8fe7-a1a4997487d9,GENERAL_INDIAN_TERRITORY,Uncertain,UNKNOWN,LOW_CONFIDENCE_HOTSPOT,UNVERIFIED,REAL,False,True,8.2,6.07,1.606237840420901,353.63,337.19,16.439999999999998,1750.0925132163832,1003190.8,1660008.5,4200.0,1133139.5,961645.3,0,0.0,0.0,1.0,0.82,0.95
d411ab68-4737-4ba5-a68e-ea37a1a6e563,01fc6413-71f8-4689-bebe-a00fd24cabad,EVT-REAL-2022-00043,15.22855,76.39423,Karnataka,Ballari,,,2022-01-03,TRAIN,Ballari,GENERAL_INDIAN_TERRITORY,Uncertain,UNKNOWN,LOW_CONFIDENCE_HOTSPOT,UNVERIFIED,REAL,False,True,4.34,4.34,0.0,332.67,332.67,0.0,3764.0817012721873,1025726.4,1625072.1,4200.0,1175821.2,1014453.2,0,0.0,0.0,1.0,0.434,0.65
2c248031-fa3e-4437-b074-c591b11e01d9,50162faa-762b-4b20-b4e0-0d642a122620,EVT-REAL-2022-00044,15.56528,76.70122,Andhra Pradesh,East Godavari,,,2022-01-03,TRAIN,East Godavari,GENERAL_INDIAN_TERRITORY,Uncertain,UNKNOWN,LOW_CONFIDENCE_HOTSPOT,UNVERIFIED,REAL,False,True,5.25,5.25,0.0,335.02,335.02,0.0,6053.579464730581,977842.2,1587521.8,4200.0,1126538.3,964775.7,0,0.0,0.0,1.0,0.525,0.65
06c71459-5a4c-4b89-b366-db43e115e9f8,46c0124f-28cd-4e89-a6dd-120cbba8ecf6,EVT-REAL-2022-00045,15.60299,76.81036,Andhra Pradesh,East Godavari,,,2022-01-03,TRAIN,East Godavari,GENERAL_INDIAN_TERRITORY,Uncertain,UNKNOWN,LOW_CONFIDENCE_HOTSPOT,UNVERIFIED,REAL,False,True,3.09,3.09,0.0,330.38,330.38,0.0,5643.344599101651,969083.9,1583317.2,4200.0,1116611.9,954241.5,0,0.0,0.0,1.0,0.309,0.65
345533d4-1504-48ec-928b-84ea6f4fec35,b1db6f2c-5ae1-4915-a1fd-046cb5af6060,EVT-REAL-2022-00046,15.6949,76.58828,Maharashtra,Nagpur,,,2022-01-03,TRAIN,Nagpur,GENERAL_INDIAN_TERRITORY,Uncertain,UNKNOWN,LOW_CONFIDENCE_HOTSPOT,UNVERIFIED,REAL,False,True,9.76,7.89,1.8708286933869707,341.86,339.81,2.0500000000000114,11799.96945622645,970235.1,1573286.7,4200.0,1121421.5,961266.1,0,0.0,0.0,1.0,0.976,0.2
516967f4-5b34-446f-abe7-0f4444829518,67b297aa-def3-46a6-ad21-1751a1f53498,EVT-REAL-2022-00047,15.78214,76.72331,Andhra Pradesh,East Godavari,be654374-bd26-46c5-8364-60c641f5926c,Designated Industrial Park / Estate (Way #974782075),2022-01-03,TRAIN,be654374-bd26-46c5-8364-60c641f5926c,GENERAL_INDIAN_TERRITORY,Uncertain,UNKNOWN,LOW_CONFIDENCE_HOTSPOT,UNVERIFIED,REAL,False,True,4.48,4.48,0.0,334.21,334.21,0.0,1781.8612764485263,955189.2,1563512.5,4200.0,1105291.6,944616.8,0,0.0,0.0,1.0,0.448,0.95
188894b7-e15e-406f-9fa5-984753893619,26d34f8d-7ff1-42f7-b6ed-0a6b5aa5031a,EVT-REAL-2022-00048,16.14711,77.0263,Andhra Pradesh,East Godavari,,,2022-01-03,TRAIN,East Godavari,GENERAL_INDIAN_TERRITORY,Uncertain,UNKNOWN,LOW_CONFIDENCE_HOTSPOT,UNVERIFIED,REAL,False,True,4.79,4.79,0.0,335.43,335.43,0.0,5021.572588273055,904749.5,1523281.2,4200.0,1053665.0,892820.0,0,0.0,0.0,1.0,0.479,0.65
45b51811-ee08-4ad7-8eb6-b6d128e94cc3,0b43526a-faad-4555-89fe-2268f807d59d,EVT-REAL-2022-00049,16.24437,77.05148,Andhra Pradesh,East Godavari,,,2022-01-03,TRAIN,East Godavari,GENERAL_INDIAN_TERRITORY,Uncertain,UNKNOWN,LOW_CONFIDENCE_HOTSPOT,UNVERIFIED,REAL,False,True,5.11,5.11,0.0,333.13,333.13,0.0,6212.58452872396,893870.5,1512560.9,4200.0,1043244.5,882809.9,0,0.0333,1.0,1.0,4.961,0.65
91feed28-0d6a-46af-ac4d-35170a8420e8,f1c83537-e6c5-41c3-8d47-8fcbd0d20793,EVT-REAL-2022-00050,16.51053,78.48965,Andhra Pradesh,East Godavari,,,2022-01-03,TRAIN,East Godavari,GENERAL_INDIAN_TERRITORY,Uncertain,UNKNOWN,LOW_CONFIDENCE_HOTSPOT,UNVERIFIED,REAL,False,True,3.64,3.64,0.0,333.19,333.19,0.0,3711.758171709932,810599.1,1492871.4,4200.0,938504.0,767929.8,0,0.0,0.0,1.0,0.364,0.65
9db72985-3339-4e65-83e0-79638b5b6be3,86f151f6-7dd3-4b75-a342-15a740cc1978,EVT-REAL-2022-00051,16.16009,76.15763,Maharashtra,Nagpur,77119c3d-5d23-44eb-a793-af565df5c48d,Hydro-Electric Power Generation (Way #1493958754),2022-01-03,TRAIN,77119c3d-5d23-44eb-a793-af565df5c48d,GENERAL_INDIAN_TERRITORY,Uncertain,UNKNOWN,LOW_CONFIDENCE_HOTSPOT,UNVERIFIED,REAL,False,True,4.36,4.36,0.0,334.07,334.07,0.0,1633.2649713305384,946728.4,1522170.2,4200.0,1107001.0,953331.9,0,0.0,0.0,1.0,0.436,0.95
924b0605-a321-4368-a688-d1d00097ad27,73c9736a-d183-4e8d-8f06-53ea045c5314,EVT-REAL-2022-00052,16.69164,78.37852,Andhra Pradesh,East Godavari,,,2022-01-03,TRAIN,East Godavari,GENERAL_INDIAN_TERRITORY,Uncertain,UNKNOWN,LOW_CONFIDENCE_HOTSPOT,UNVERIFIED,REAL,False,True,3.11,3.11,0.0,332.49,332.49,0.0,2828.5003477003993,795069.7,1471671.0,4200.0,926564.7,757784.7,0,0.0,0.0,1.0,0.311,0.65
aa3c513d-73e9-45fd-8c02-508f06691b20,7931bf1e-1484-4c0e-9710-a3318006ec53,EVT-REAL-2022-00053,16.46708,76.90713,Andhra Pradesh,East Godavari,,,2022-01-03,TRAIN,East Godavari,GENERAL_INDIAN_TERRITORY,Uncertain,UNKNOWN,LOW_CONFIDENCE_HOTSPOT,UNVERIFIED,REAL,False,True,3.4,3.4,0.0,340.22,340.22,0.0,11818.742455146443,878567.3,1487737.6,4200.0,1031872.4,874144.5,0,0.0,0.0,1.0,0.34,0.2
7c33f691-6225-4a66-b27e-5eb0b7d636b2,8180f1e5-02c4-4074-9806-c64fb4fa0530,EVT-REAL-2022-00054,16.74364,78.35638,Andhra Pradesh,East Godavari,23382654-7222-444c-8926-8bf522f92638,Solar Photovoltaic / Solar Thermal Power Generation (Way #1002700866),2022-01-03,TRAIN,23382654-7222-444c-8926-8bf522f92638,GENERAL_INDIAN_TERRITORY,Industrial Fire,WEAKLY_LABELED,FACILITY_ANOMALOUS_THERMAL,UNVERIFIED,REAL,False,True,8.11,7.17,0.9327379053088815,353.66,351.39,2.2700000000000387,113.26312674411471,790348.1,1465702.0,4200.0,922700.7,754381.8,0,0.0,0.0,1.0,0.811,0.95
7477f717-d461-451c-b312-92ec1a50f9fa,28303308-6bb9-43c0-98fb-43b4a8fe3685,EVT-REAL-2022-00055,16.83786,78.11942,Andhra Pradesh,East Godavari,21bd7e82-15f6-4c58-b07c-d03d4462c5f9,Solar Photovoltaic / Solar Thermal Power Generation (Way #1002707497),2022-01-03,TRAIN,21bd7e82-15f6-4c58-b07c-d03d4462c5f9,GENERAL_INDIAN_TERRITORY,Industrial Fire,WEAKLY_LABELED,FACILITY_ANOMALOUS_THERMAL,UNVERIFIED,REAL,False,True,4.33,4.33,0.0,338.18,338.18,0.0,262.2949460164592,788905.2,1452898.5,4200.0,926412.1,760649.4,0,0.0,0.0,1.0,0.433,0.95
22f1f5cf-6a11-4336-8fde-34e364c57c27,672e87e5-d105-4de4-ad21-922544ad947a,EVT-REAL-2022-00056,16.94297,76.53581,Maharashtra,Nagpur,,,2022-01-03,TRAIN,Nagpur,GENERAL_INDIAN_TERRITORY,Uncertain,UNKNOWN,LOW_CONFIDENCE_HOTSPOT,UNVERIFIED,REAL,False,True,9.48,9.48,0.0,342.0,342.0,0.0,5304.252812539683,851589.3,1435231.9,4200.0,1014033.3,863286.4,0,0.0,0.0,1.0,0.948,0.65
2090e92e-0279-42f7-b5ab-ade08cab3836,de9309b2-fc30-4d96-86d8-104dae311086,EVT-REAL-2022-00057,16.95727,76.4389,Maharashtra,Nagpur,,,2022-01-03,TRAIN,Nagpur,GENERAL_INDIAN_TERRITORY,Uncertain,UNKNOWN,LOW_CONFIDENCE_HOTSPOT,UNVERIFIED,REAL,False,True,6.08,6.08,0.0,336.61,336.61,0.0,15238.279312448089,855572.6,1433739.8,4200.0,1019347.1,869600.2,0,0.0,0.0,1.0,0.608,0.2
46b5957f-86b8-4a39-98dd-c1ce69e5a14e,4df60790-85d1-40f4-85d4-5f25060e9eb9,EVT-REAL-2022-00058,14.55514,76.4572,Karnataka,Ballari,accbbba5-f3ef-47bb-9c85-fa336fc69274,Vedanta Energy Solar pvt ltd,2022-01-03,TRAIN,accbbba5-f3ef-47bb-9c85-fa336fc69274,GENERAL_INDIAN_TERRITORY,Industrial Fire,WEAKLY_LABELED,FACILITY_ANOMALOUS_THERMAL,UNVERIFIED,REAL,False,True,8.1,6.59,1.5491933384829668,338.82,326.64,12.180000000000007,212.50854969706197,1090329.9,1699524.7,4200.0,1234837.0,1069707.1,0,0.0,0.0,1.0,0.81,0.95
496ed6e9-632d-4535-b9b3-e243611a8195,a1510346-55de-4999-beac-29e10853a8b4,EVT-REAL-2022-00059,14.24751,76.29538,Karnataka,Ballari,,,2022-01-03,TRAIN,Ballari,GENERAL_INDIAN_TERRITORY,Uncertain,UNKNOWN,LOW_CONFIDENCE_HOTSPOT,UNVERIFIED,REAL,False,True,9.7,8.64,1.0535653752852738,347.0,333.7,13.300000000000011,8151.328571790218,1128527.4,1733697.9,4200.0,1272972.2,1107533.4,0,0.0333,1.0,1.0,3.031,0.2
1d3e33d9-ad4f-4911-adb3-817a20ed1c2b,74d2ebba-5b69-465f-a83e-eb2ecf088093,EVT-REAL-2022-00060,16.6877,78.378,Andhra Pradesh,East Godavari,,,2022-01-03,TRAIN,East Godavari,GENERAL_INDIAN_TERRITORY,Uncertain,UNKNOWN,LOW_CONFIDENCE_HOTSPOT,UNVERIFIED,REAL,False,True,4.3,4.3,0.0,315.3,315.3,0.0,2657.9051482327764,795501.3,1472098.8,4200.0,926972.5,758176.1,0,0.0,0.0,1.0,0.43,0.65
13c0ff72-0afd-448a-9cb7-95b76abc8ce5,09417e8f-5081-45a3-bf28-f3784a4586e9,EVT-REAL-2022-00061,16.7058,77.4714,Andhra Pradesh,East Godavari,,,2022-01-03,TRAIN,East Godavari,GENERAL_INDIAN_TERRITORY,Uncertain,UNKNOWN,LOW_CONFIDENCE_HOTSPOT,UNVERIFIED,REAL,False,True,13.3,13.3,0.0,326.0,326.0,0.0,5006.542560169698,828686.0,1462881.5,4200.0,975830.6,814879.1,0,0.0,0.0,1.0,1.0,0.65
7d412cdb-090e-457e-8f6c-9695922268de,1fe6d68d-2233-4db0-b0e0-b1c27d318a65,EVT-REAL-2022-00062,14.55466,77.55676,Andhra Pradesh,East Godavari,06649859-6410-4105-87cc-e068951a8644,Solar Photovoltaic / Solar Thermal Power Generation (Way #1003118935),2022-01-03,TRAIN,06649859-6410-4105-87cc-e068951a8644,GENERAL_INDIAN_TERRITORY,Uncertain,UNKNOWN,LOW_CONFIDENCE_HOTSPOT,UNVERIFIED,REAL,False,True,3.95,3.95,0.0,352.92,352.92,0.0,2022.8051442015105,1047254.4,1701088.0,4200.0,1176683.1,1004660.9,0,0.0,0.0,1.0,0.395,0.95
b06b2d00-b8cc-487b-bf2c-5eebfa9bfc3f,c1f2d197-9441-4c24-8ccd-fbc3c4f58896,EVT-REAL-2022-00063,14.5972,77.55856,Andhra Pradesh,East Godavari,,,2022-01-03,TRAIN,East Godavari,GENERAL_INDIAN_TERRITORY,Uncertain,UNKNOWN,LOW_CONFIDENCE_HOTSPOT,UNVERIFIED,REAL,False,True,4.46,4.46,0.0,332.93,332.93,0.0,6306.401417687127,1042730.5,1696394.1,4200.0,1172406.3,1000517.2,0,0.0,0.0,1.0,0.446,0.65
aa90922a-e4eb-464b-b452-995b8471898c,e155313c-c736-4d87-b874-f4a420f710de,EVT-REAL-2022-00064,15.66595,76.74774,Andhra Pradesh,East Godavari,,,2022-01-03,TRAIN,East Godavari,GENERAL_INDIAN_TERRITORY,Uncertain,UNKNOWN,LOW_CONFIDENCE_HOTSPOT,UNVERIFIED,REAL,False,True,3.33,3.33,0.0,336.78,336.78,0.0,9456.589750220946,965639.8,1576359.0,4200.0,1114500.1,952958.4,0,0.0,0.0,1.0,0.333,0.2
cc4b9c17-d6a3-4010-9531-562e24f0709f,68a740e3-8cbd-4975-a827-c43d1c69d82f,EVT-REAL-2022-00065,15.74917,76.99033,Andhra Pradesh,East Godavari,,,2022-01-03,TRAIN,East Godavari,GENERAL_INDIAN_TERRITORY,Uncertain,UNKNOWN,LOW_CONFIDENCE_HOTSPOT,UNVERIFIED,REAL,False,True,3.01,3.01,0.0,336.97,336.97,0.0,13568.514131303002,946334.7,1567262.0,4200.0,1092530.7,929614.2,0,0.0,0.0,1.0,0.301,0.2
d2fd4c4d-2872-49e2-9760-3c28f4be51bf,e9ff0ddd-6592-49a7-8286-70f3ab906995,EVT-REAL-2022-00066,15.93831,76.95358,Andhra Pradesh,East Godavari,,,2022-01-03,TRAIN,East Godavari,GENERAL_INDIAN_TERRITORY,Uncertain,UNKNOWN,LOW_CONFIDENCE_HOTSPOT,UNVERIFIED,REAL,False,True,3.66,3.38,0.282842712474619,333.22,332.04,1.1800000000000068,6527.812788821489,928969.9,1546291.2,4200.0,1077190.9,915651.4,0,0.0,0.0,1.0,0.366,0.65
66d7539b-1287-432e-b716-9b6e94dacd99,0f70921e-473d-4c7b-b92d-4d4a4c536f70,EVT-REAL-2022-00067,15.16861,76.66719,Karnataka,Ballari,fc2a566d-50b5-4698-9c80-f1af2838b507,Industrial Manufacturing (cooling) (Way #666448116),2022-01-03,TRAIN,fc2a566d-50b5-4698-9c80-f1af2838b507,GENERAL_INDIAN_TERRITORY,Industrial Fire,REAL,OSM_FACILITY_GROUND_TRUTH,UNVERIFIED,REAL,False,True,8.01,5.98,2.029778313018444,343.24,336.39,6.850000000000023,20.809721614209572,1019168.8,1631438.8,4200.0,1165324.3,1001690.8,0,0.0667,23.0,0.5,3.403,0.95
8d24f6d3-4990-4352-90ec-d1be7dcfb3d6,cfa1d57a-9e42-4761-8b37-4ca8482b1565,EVT-REAL-2022-00068,14.23342,77.73161,Andhra Pradesh,East Godavari,,,2022-01-04,TRAIN,East Godavari,GENERAL_INDIAN_TERRITORY,Uncertain,UNKNOWN,LOW_CONFIDENCE_HOTSPOT,UNVERIFIED,REAL,False,True,4.08,4.08,0.0,330.6,330.6,0.0,12427.329763498597,1075349.8,1737494.8,4200.0,1200169.7,1026153.3,0,0.0,0.0,1.0,0.408,0.2
9f2b09d6-cdb8-4b60-9e1b-1adba15465eb,d88f8a9c-b658-4bd3-9ea7-2718d2c789a4,EVT-REAL-2022-00069,14.31011,78.32124,Andhra Pradesh,East Godavari,,,2022-01-04,TRAIN,East Godavari,GENERAL_INDIAN_TERRITORY,Uncertain,UNKNOWN,LOW_CONFIDENCE_HOTSPOT,UNVERIFIED,REAL,False,True,9.84,8.28,1.5588457268119895,344.06,343.64,0.4200000000000159,16747.338421130044,1050144.7,1733427.7,4200.0,1166192.7,989299.5,0,0.0,0.0,1.0,0.984,0.2
ba3cd7da-2ccb-404f-a196-335aaf88e20a,77f49250-23a8-42ed-aa04-d89d2d2f262c,EVT-REAL-2022-00070,14.02581,76.50742,Karnataka,Ballari,,,2022-01-04,TRAIN,Ballari,GENERAL_INDIAN_TERRITORY,Uncertain,UNKNOWN,LOW_CONFIDENCE_HOTSPOT,UNVERIFIED,REAL,False,True,3.2,3.2,0.0,352.32,352.32,0.0,6479.3028132175405,1141933.5,1758040.7,4200.0,1282312.8,1114665.1,0,0.0,0.0,1.0,0.32,0.65
67dda638-2e78-4a01-a501-3d308546658a,68a8446c-21c3-46d3-96c4-3a5b56e0b587,EVT-REAL-2022-00071,14.35689,78.21345,Andhra Pradesh,East Godavari,,,2022-01-04,TRAIN,East Godavari,GENERAL_INDIAN_TERRITORY,Uncertain,UNKNOWN,LOW_CONFIDENCE_HOTSPOT,UNVERIFIED,REAL,False,True,3.69,3.52,0.17320508075688773,339.84,338.75,1.089999999999975,8856.87407114723,1048009.6,1727305.6,4200.0,1166065.0,989827.7,0,0.0,0.0,1.0,0.369,0.2
0534ad93-8748-4ca2-826c-93436e93d7bc,d0f10dbb-7d86-44e7-92a4-05a4cabc3c68,EVT-REAL-2022-00072,14.88695,76.99984,Andhra Pradesh,East Godavari,,,2022-01-04,TRAIN,East Godavari,GENERAL_INDIAN_TERRITORY,Uncertain,UNKNOWN,LOW_CONFIDENCE_HOTSPOT,UNVERIFIED,REAL,False,True,4.1,4.1,0.0,345.07,345.07,0.0,9856.510478074557,1033607.1,1662673.7,4200.0,1173260.5,1006020.8,0,0.0,0.0,1.0,0.41,0.2
1ff8c9fd-0ced-4575-b7d0-778857f4a0a7,dc7965fb-9de5-492b-98ed-3eb1d029713b,EVT-REAL-2022-00073,16.36863,77.69521,Andhra Pradesh,East Godavari,,,2022-01-04,TRAIN,East Godavari,GENERAL_INDIAN_TERRITORY,Uncertain,UNKNOWN,LOW_CONFIDENCE_HOTSPOT,UNVERIFIED,REAL,False,True,5.91,5.91,0.0,340.77,340.77,0.0,4115.6845909859485,853657.2,1501374.3,4200.0,994303.4,829343.1,0,0.0333,1.0,1.0,2.788,0.65
3c452eb5-ee20-4128-8cb9-7476711b405e,07c5ae31-2c3e-4d03-82e3-c3f681b77601,EVT-REAL-2022-00074,16.29717,77.33876,Andhra Pradesh,East Godavari,6b22ec48-c4b6-4bf7-b79a-4f572595c63c,Designated Industrial Park / Estate (Way #671789574),2022-01-04,TRAIN,6b22ec48-c4b6-4bf7-b79a-4f572595c63c,GENERAL_INDIAN_TERRITORY,Industrial Fire,WEAKLY_LABELED,FACILITY_ANOMALOUS_THERMAL,UNVERIFIED,REAL,False,True,10.37,8.4,1.4177446878757824,339.49,336.79,2.6999999999999886,720.8441987099159,875749.8,1507503.5,4200.0,1021363.0,858898.1,0,0.0,0.0,1.0,1.037,0.95
86f24ddf-38d5-45bb-95a8-e578fb06950d,bf220122-1a92-4771-bd1e-f71e1ee3d501,EVT-REAL-2022-00075,16.20003,76.26383,Maharashtra,Nagpur,,,2022-01-04,TRAIN,Nagpur,GENERAL_INDIAN_TERRITORY,Uncertain,UNKNOWN,LOW_CONFIDENCE_HOTSPOT,UNVERIFIED,REAL,False,True,6.42,6.42,0.0,367.0,367.0,0.0,8475.416541878363,937232.0,1517678.6,4200.0,1096567.4,942317.6,0,0.0,0.0,1.0,0.642,0.2
b679a5f1-43a9-4e9e-a870-a81daf704184,f48130fc-61e7-4c8f-abe3-de1eadb86562,EVT-REAL-2022-00076,16.87719,77.4675,Andhra Pradesh,East Godavari,,,2022-01-04,TRAIN,East Godavari,GENERAL_INDIAN_TERRITORY,Uncertain,UNKNOWN,LOW_CONFIDENCE_HOTSPOT,UNVERIFIED,REAL,False,True,6.82,6.82,0.0,331.37,331.37,0.0,9081.396716048732,811608.4,1443914.7,4200.0,960373.9,800656.4,0,0.0,0.0,1.0,0.682,0.2
a8b0a9ed-ccf6-41b0-b464-76c825a81ee5,e32f1d7a-b9dd-4148-a57a-5bb8e646699c,EVT-REAL-2022-00077,21.69399,72.60218,Gujarat,Jamnagar,3771e4b0-40bc-497f-8edf-436adf49ac07,Industrial Works (works) (Way #909780545),2022-01-04,TRAIN,3771e4b0-40bc-497f-8edf-436adf49ac07,WESTERN_PETROCHEMICAL,Industrial Fire,REAL,OSM_FACILITY_GROUND_TRUTH,UNVERIFIED,REAL,False,True,194.9,65.2,54.36248706599064,372.2,344.59,27.610000000000014,541.2073328372144,866181.2,923085.7,4200.0,1075967.3,1026166.4,1,0.0333,1.0,0.6667,389.8,0.95
784e15a8-2a05-47e7-b3d8-1b8a1fe2b63d,d2f5746d-3821-4256-8226-190752cb4f3f,EVT-REAL-2022-00078,27.92926,78.84737,Uttar Pradesh,Sonbhadra,,,2022-01-04,TRAIN,Sonbhadra,GENERAL_INDIAN_TERRITORY,Agricultural Burning,REAL,BHUVAN_AGRICULTURAL_CYCLE,UNVERIFIED,REAL,False,True,15.3,15.3,0.0,343.32,343.32,0.0,9714.256112625586,487348.5,295912.7,4200.0,571861.2,555212.3,0,0.0,0.0,1.0,1.0,0.2
601d07ec-761f-4e45-9330-46e310b83f87,c1b2c75b-f154-4eaf-8d39-bb9be6821d55,EVT-REAL-2022-00079,14.99972,76.14638,Karnataka,Ballari,,,2022-01-04,TRAIN,Ballari,GENERAL_INDIAN_TERRITORY,Uncertain,UNKNOWN,LOW_CONFIDENCE_HOTSPOT,UNVERIFIED,REAL,False,True,6.11,6.11,0.0,345.94,345.94,0.0,3143.721275806552,1060258.3,1650575.1,4200.0,1211707.1,1050870.7,0,0.0,0.0,1.0,0.611,0.65
a36e1ddb-c848-4981-9673-e87685411221,1337743a-b37c-4dd1-a3da-e92640d7c5a3,EVT-REAL-2022-00080,15.16567,76.61765,Karnataka,Ballari,b12558a3-b1f8-42f4-add8-4089f4fc0c6c,Industrial Works (goods_conveyor) (Way #1375816451),2022-01-04,TRAIN,b12558a3-b1f8-42f4-add8-4089f4fc0c6c,GENERAL_INDIAN_TERRITORY,Uncertain,UNKNOWN,LOW_CONFIDENCE_HOTSPOT,UNVERIFIED,REAL,False,True,3.52,3.52,0.0,334.73,334.73,0.0,2282.49914651256,1021687.5,1631813.6,4200.0,1168468.5,1005170.8,0,0.0,0.0,1.0,0.352,0.95
3ba985f9-8afa-4945-a34c-6f7bfeda766f,72115f87-2cf2-4ee0-be85-c6a4ff157005,EVT-REAL-2022-00081,15.72318,78.38612,Andhra Pradesh,East Godavari,,,2022-01-04,TRAIN,East Godavari,GENERAL_INDIAN_TERRITORY,Uncertain,UNKNOWN,LOW_CONFIDENCE_HOTSPOT,UNVERIFIED,REAL,False,True,4.19,4.19,0.0,342.57,342.57,0.0,8951.431136797173,897291.8,1578373.4,4200.0,1021134.1,848018.9,0,0.0,0.0,1.0,0.419,0.2
7ddd537e-40ad-4ee3-990b-15d4304c592d,708f34ce-2ab2-4529-a313-da9e586d92b7,EVT-REAL-2022-00082,15.7852,78.12432,Andhra Pradesh,East Godavari,,,2022-01-04,TRAIN,East Godavari,GENERAL_INDIAN_TERRITORY,Uncertain,UNKNOWN,LOW_CONFIDENCE_HOTSPOT,UNVERIFIED,REAL,False,True,5.75,5.75,0.0,340.64,340.64,0.0,7289.762463875206,898869.6,1569007.5,4200.0,1027727.7,856639.2,0,0.0,0.0,1.0,0.575,0.65
29c0611e-7f4f-4b89-adef-429117e0fb55,71693042-7942-49a0-9c0e-51c84dfce9b1,EVT-REAL-2022-00083,15.60689,76.73761,Andhra Pradesh,East Godavari,,,2022-01-04,TRAIN,East Godavari,GENERAL_INDIAN_TERRITORY,Uncertain,UNKNOWN,LOW_CONFIDENCE_HOTSPOT,UNVERIFIED,REAL,False,True,3.27,3.27,0.0,334.55,332.44,2.1100000000000136,6294.7602948416925,972009.1,1582898.1,4200.0,1120544.0,958742.6,0,0.0333,1.0,1.0,1.006,0.65
b2a15758-f03c-4cd9-b114-8c988a44ceef,459863c0-e904-4c50-9740-2458ffe0e072,EVT-REAL-2022-00084,16.34878,76.46416,Maharashtra,Nagpur,,,2022-01-04,TRAIN,Nagpur,GENERAL_INDIAN_TERRITORY,Uncertain,UNKNOWN,LOW_CONFIDENCE_HOTSPOT,UNVERIFIED,REAL,False,True,4.04,4.04,0.0,335.87,335.87,0.0,3268.0091822372337,912376.4,1501053.5,4200.0,1070494.9,915663.8,0,0.0,0.0,1.0,0.404,0.65
583da737-508e-4541-a025-8aad3c1126db,28a32f8c-cd51-44ca-a297-c43aa85e36ce,EVT-REAL-2022-00085,16.77461,76.05861,Maharashtra,Nagpur,,,2022-01-04,TRAIN,Nagpur,GENERAL_INDIAN_TERRITORY,Uncertain,UNKNOWN,LOW_CONFIDENCE_HOTSPOT,UNVERIFIED,REAL,False,True,3.47,3.37,0.1,338.69,337.38,1.3100000000000023,13214.575276725085,894258.6,1454223.4,4200.0,1060875.5,912921.1,0,0.0,0.0,1.0,0.347,0.2
1f305cf0-1e70-416e-be28-62b4cd2a33a4,9e5c5768-8a1f-4ead-b2c5-0a5070e3d335,EVT-REAL-2022-00086,21.69862,72.61322,Gujarat,Jamnagar,646431f9-a7e5-4f54-ac15-1b759f6a8bd6,Industrial Works (works) (Way #909780505),2022-01-04,TRAIN,646431f9-a7e5-4f54-ac15-1b759f6a8bd6,WESTERN_PETROCHEMICAL,Industrial Fire,REAL,OSM_FACILITY_GROUND_TRUTH,UNVERIFIED,REAL,False,True,94.0,52.27,25.531353273964935,330.7,320.4,10.300000000000011,530.6535483208363,864945.4,922389.2,4200.0,1074729.9,1024979.5,1,0.0333,1.0,0.5,188.0,0.95
b74a5735-02dd-467a-b723-9b649255a5ff,3327e2ad-f402-4775-b700-97b55e40cee8,EVT-REAL-2022-00087,21.684,72.5707,Gujarat,Jamnagar,3d5a781c-9a30-4e82-b5f1-c90be714ae2a,Industrial Works (works) (Way #1008648069),2022-01-04,TRAIN,3d5a781c-9a30-4e82-b5f1-c90be714ae2a,WESTERN_PETROCHEMICAL,Industrial Fire,WEAKLY_LABELED,FACILITY_ANOMALOUS_THERMAL,UNVERIFIED,REAL,False,True,55.8,55.8,0.0,306.2,306.2,0.0,201.46919835279553,869613.9,924727.3,4200.0,1079401.8,1029516.9,1,0.0,0.0,0.0,1.0,0.95
9b87ab9f-e244-4c72-8377-960714f2ee6e,3f6012ac-b923-46ee-8e4b-ff129cd85d18,EVT-REAL-2022-00088,21.6943,72.5741,Gujarat,Jamnagar,48026270-7385-4983-8ea0-20b7ba867365,Industrial Works (works) (Way #909780547),2022-01-04,TRAIN,48026270-7385-4983-8ea0-20b7ba867365,WESTERN_PETROCHEMICAL,Industrial Fire,REAL,OSM_FACILITY_GROUND_TRUTH,UNVERIFIED,REAL,False,True,100.2,88.2,12.0,311.3,310.85,0.44999999999998863,643.5965645386916,868980.7,923543.5,4200.0,1078760.3,1029055.0,1,0.0,0.0,0.0,1.136,0.95
de52788e-04a8-4595-af47-27ad01dcf510,36122827-b2ec-4b8f-8daf-50290515bee7,EVT-REAL-2022-00089,16.01852,76.92826,Andhra Pradesh,East Godavari,,,2022-01-05,TRAIN,East Godavari,GENERAL_INDIAN_TERRITORY,Uncertain,UNKNOWN,LOW_CONFIDENCE_HOTSPOT,UNVERIFIED,REAL,False,True,3.57,3.57,0.0,330.02,330.02,0.0,2856.7211089041803,922101.7,1537391.4,4200.0,1071327.8,910473.9,0,0.0,0.0,1.0,0.357,0.65
9a3b8524-a335-42c9-bb37-a55dc5399def,26fe1d6f-31e6-4317-9288-002c27b439d1,EVT-REAL-2022-00090,16.29355,77.93451,Andhra Pradesh,East Godavari,,,2022-01-05,TRAIN,East Godavari,GENERAL_INDIAN_TERRITORY,Uncertain,UNKNOWN,LOW_CONFIDENCE_HOTSPOT,UNVERIFIED,REAL,False,True,6.58,5.59,0.806225774829855,346.23,344.15,2.080000000000041,15380.255565329215,852248.7,1511344.0,4200.0,988307.1,821009.8,0,0.0,0.0,1.0,0.658,0.2
07f81b61-3435-4b27-b1be-95ea35d00745,d5442300-8f7f-4a70-bc5c-2d327468899e,EVT-REAL-2022-00091,19.5745,82.5011,Chhattisgarh,Korba,,,2022-01-05,TRAIN,Korba,EASTERN_COAL_BELT,Forest Fire,REAL,FSI_FOREST_CANOPY,UNVERIFIED,REAL,False,True,21.9,21.9,0.0,326.3,326.3,0.0,32803.02333070197,426355.9,1280356.0,4200.0,485472.8,301763.9,0,0.0,0.0,1.0,1.0,0.2
eff3a769-ccf6-49e1-acd7-025b36e0e144,b79dabe8-6e47-4151-be16-5384e8753835,EVT-REAL-2022-00092,19.5785,82.51134,Chhattisgarh,Korba,,,2022-01-05,TRAIN,Korba,EASTERN_COAL_BELT,Forest Fire,REAL,FSI_FOREST_CANOPY,UNVERIFIED,REAL,False,True,42.29,33.55,8.74528444363018,340.38,334.44,5.939999999999998,33683.394313095,425201.4,1280421.7,4200.0,484964.5,301316.0,0,0.0333,2.0,1.0,8.702,0.2
db2e54bb-6ec5-4fb1-ab67-61a500fbab9e,285e9d2b-23f6-44dd-bcdd-0b5edeab3442,EVT-REAL-2022-00093,14.26239,77.58209,Andhra Pradesh,East Godavari,,,2022-01-05,TRAIN,East Godavari,GENERAL_INDIAN_TERRITORY,Uncertain,UNKNOWN,LOW_CONFIDENCE_HOTSPOT,UNVERIFIED,REAL,False,True,4.86,4.86,0.0,339.51,339.51,0.0,10381.80231103447,1077125.8,1733514.3,4200.0,1204346.3,1031242.0,0,0.0,0.0,1.0,0.486,0.2
435306fe-e6d2-4c45-a915-ce6026528497,b38c7922-6f85-4048-aeea-0278036fe3c9,EVT-REAL-2022-00094,14.36376,78.20073,Andhra Pradesh,East Godavari,,,2022-01-05,TRAIN,East Godavari,GENERAL_INDIAN_TERRITORY,Uncertain,UNKNOWN,LOW_CONFIDENCE_HOTSPOT,UNVERIFIED,REAL,False,True,3.24,3.24,0.0,340.36,340.36,0.0,8578.022959423328,1047622.6,1726438.6,4200.0,1165921.9,989767.0,0,0.0333,1.0,1.0,0.878,0.2
9b882e1a-4e08-43cd-9ff7-18367cb29a03,7f54e1b8-2c55-4147-8707-6cd8df4ad590,EVT-REAL-2022-00095,14.48153,78.10139,Andhra Pradesh,East Godavari,,,2022-01-05,TRAIN,East Godavari,GENERAL_INDIAN_TERRITORY,Uncertain,UNKNOWN,LOW_CONFIDENCE_HOTSPOT,UNVERIFIED,REAL,False,True,3.25,3.25,0.0,338.67,338.67,0.0,14908.888973184068,1037833.5,1712623.9,4200.0,1158412.9,983086.2,0,0.0,0.0,1.0,0.325,0.2
efe809b1-9e0c-4544-b6fa-8517a22a04e4,c3780dec-597d-46c6-9544-3c8ddeac1257,EVT-REAL-2022-00096,14.83106,77.56693,Andhra Pradesh,East Godavari,,,2022-01-05,TRAIN,East Godavari,GENERAL_INDIAN_TERRITORY,Uncertain,UNKNOWN,LOW_CONFIDENCE_HOTSPOT,UNVERIFIED,REAL,False,True,4.22,4.22,0.0,335.7,335.7,0.0,16736.583518432384,1017944.1,1670583.7,4200.0,1149031.5,977914.7,0,0.0,0.0,1.0,0.422,0.2
7d2c34be-a391-4897-84a6-10a68ac6db1e,645640f9-9b63-46a1-9249-b3e4a926a98b,EVT-REAL-2022-00097,15.09846,76.21938,Karnataka,Ballari,,,2022-01-05,TRAIN,Ballari,GENERAL_INDIAN_TERRITORY,Uncertain,UNKNOWN,LOW_CONFIDENCE_HOTSPOT,UNVERIFIED,REAL,False,True,3.36,3.36,0.0,342.71,342.71,0.0,5697.044480393528,1046971.3,1639601.8,4200.0,1198259.3,1037437.9,0,0.0,0.0,1.0,0.336,0.65
d1e88c2f-690c-49e3-8acf-fb202003d3ac,bd98e623-1f93-49e1-8e5b-13caa1e36105,EVT-REAL-2022-00098,15.30221,76.68662,Karnataka,Ballari,,,2022-01-05,TRAIN,Ballari,GENERAL_INDIAN_TERRITORY,Uncertain,UNKNOWN,LOW_CONFIDENCE_HOTSPOT,UNVERIFIED,REAL,False,True,4.21,4.21,0.0,339.59,339.59,0.0,10269.636124657034,1004864.6,1616640.7,4200.0,1151754.4,988670.5,0,0.0,0.0,1.0,0.421,0.2
489e2ab2-7d5e-40f0-a459-5732f7d04c87,f8267147-18c1-4fe5-8721-4865fb5a6df5,EVT-REAL-2022-00099,15.6201,76.80757,Andhra Pradesh,East Godavari,,,2022-01-05,TRAIN,East Godavari,GENERAL_INDIAN_TERRITORY,Uncertain,UNKNOWN,LOW_CONFIDENCE_HOTSPOT,UNVERIFIED,REAL,False,True,3.26,3.26,0.0,336.62,336.62,0.0,7142.322500183329,967494.1,1581423.7,4200.0,1115192.6,952938.7,0,0.0333,2.0,1.0,1.142,0.65
fde1879d-a22f-4eff-997f-c4f19027f4c3,97620064-d51c-43cd-8c1a-47a81f8053ba,EVT-REAL-2022-00100,15.93462,78.07967,Andhra Pradesh,East Godavari,,,2022-01-05,TRAIN,East Godavari,GENERAL_INDIAN_TERRITORY,Uncertain,UNKNOWN,LOW_CONFIDENCE_HOTSPOT,UNVERIFIED,REAL,False,True,3.08,3.08,0.0,339.04,339.04,0.0,8999.551615469316,884631.8,1552138.8,4200.0,1015376.1,845245.3,0,0.0,0.0,1.0,0.308,0.2
6be53738-e3c8-4e59-96c3-4f987aa4cc7f,2ddaa914-fed0-440e-a1ce-bf95d6257e32,EVT-REAL-2022-00101,15.96774,77.20756,Andhra Pradesh,East Godavari,,,2022-01-05,TRAIN,East Godavari,GENERAL_INDIAN_TERRITORY,Uncertain,UNKNOWN,LOW_CONFIDENCE_HOTSPOT,UNVERIFIED,REAL,False,True,3.22,3.22,0.0,335.11,335.11,0.0,10336.609571820367,914767.7,1543516.8,4200.0,1059602.1,896241.8,0,0.0,0.0,1.0,0.322,0.2
4eff3621-8e09-4c7d-bd3b-c1075217e247,211123e4-8313-4177-9708-b928a0b86b65,EVT-REAL-2022-00102,15.95422,76.9221,Andhra Pradesh,East Godavari,,,2022-01-05,TRAIN,East Godavari,GENERAL_INDIAN_TERRITORY,Uncertain,UNKNOWN,LOW_CONFIDENCE_HOTSPOT,UNVERIFIED,REAL,False,True,4.01,4.01,0.0,340.18,340.18,0.0,4426.094127887962,928812.3,1544501.3,4200.0,1077599.4,916403.2,0,0.0667,2.0,1.0,1.588,0.65
46e607e1-acd2-4a7f-b2e3-9bdabeefb2bc,981d4041-ba32-49a0-8a05-dac7f88efed6,EVT-REAL-2022-00103,16.09115,76.99438,Andhra Pradesh,East Godavari,,,2022-01-05,TRAIN,East Godavari,GENERAL_INDIAN_TERRITORY,Uncertain,UNKNOWN,LOW_CONFIDENCE_HOTSPOT,UNVERIFIED,REAL,False,True,3.59,3.59,0.0,343.37,343.37,0.0,8034.00621358828,911807.2,1529427.3,4200.0,1060708.3,899772.8,0,0.0,0.0,1.0,0.359,0.2
7c94c6dc-95e2-43e3-9c0b-44f3c25742ad,78aa3daa-cb16-4cfe-867d-a03e56e69022,EVT-REAL-2022-00104,16.4767,78.09608,Andhra Pradesh,East Godavari,,,2022-01-05,TRAIN,East Godavari,GENERAL_INDIAN_TERRITORY,Uncertain,UNKNOWN,LOW_CONFIDENCE_HOTSPOT,UNVERIFIED,REAL,False,True,5.39,5.39,0.0,344.31,344.31,0.0,5319.043181828847,827324.7,1492501.0,4200.0,962120.2,794501.3,0,0.0,0.0,1.0,0.539,0.65
71d38039-33dd-4f57-938b-3505b6108e43,6d20fc92-75d2-44cf-b0ad-c1679aee715b,EVT-REAL-2022-00105,16.52316,77.83926,Andhra Pradesh,East Godavari,,,2022-01-05,TRAIN,East Godavari,GENERAL_INDIAN_TERRITORY,Uncertain,UNKNOWN,LOW_CONFIDENCE_HOTSPOT,UNVERIFIED,REAL,False,True,4.44,4.44,0.0,345.92,345.92,0.0,6736.964570258383,832091.8,1485279.0,4200.0,971684.4,806432.9,0,0.0,0.0,1.0,0.444,0.65
ffafc702-5766-46b6-a15b-48e32919ad12,27644e6b-6245-4852-846e-134b1f4f0050,EVT-REAL-2022-00106,16.46955,77.22173,Andhra Pradesh,East Godavari,,,2022-01-05,TRAIN,East Godavari,GENERAL_INDIAN_TERRITORY,Uncertain,UNKNOWN,LOW_CONFIDENCE_HOTSPOT,UNVERIFIED,REAL,False,True,3.37,3.37,0.0,341.07,341.07,0.0,8533.741645574566,863571.3,1488046.2,4200.0,1012409.9,852022.7,0,0.0,0.0,1.0,0.337,0.2
b7278f84-c450-4738-84a6-7bc908d6c05d,0ca3b9bd-806e-43a1-b995-b3a3d9511210,EVT-REAL-2022-00107,16.48921,76.53991,Maharashtra,Nagpur,,,2022-01-05,TRAIN,Nagpur,GENERAL_INDIAN_TERRITORY,Uncertain,UNKNOWN,LOW_CONFIDENCE_HOTSPOT,UNVERIFIED,REAL,False,True,3.13,3.13,0.0,330.27,330.27,0.0,3671.884774054127,894863.2,1485441.6,4200.0,1053227.5,898797.2,0,0.0,0.0,1.0,0.313,0.65
bab9c04e-ee24-419c-93c5-45ff1f672c92,38eb615d-2108-4b75-a43d-9121fb5ee15f,EVT-REAL-2022-00108,16.88179,77.36105,Andhra Pradesh,East Godavari,,,2022-01-05,TRAIN,East Godavari,GENERAL_INDIAN_TERRITORY,Uncertain,UNKNOWN,LOW_CONFIDENCE_HOTSPOT,UNVERIFIED,REAL,False,True,3.77,3.77,0.0,334.08,334.08,0.0,12678.352025917035,815978.2,1442935.8,4200.0,966425.4,807702.3,0,0.0,0.0,1.0,0.377,0.2
45ae574c-7dc7-439f-a1c2-552880fe60e6,5080f0a9-a246-423c-b12f-e8076752675c,EVT-REAL-2022-00109,16.78135,76.19135,Maharashtra,Nagpur,d132600d-c953-4c2b-986f-b154a71cf935,Solar Photovoltaic / Solar Thermal Power Generation (Way #1002692940),2022-01-05,TRAIN,d132600d-c953-4c2b-986f-b154a71cf935,GENERAL_INDIAN_TERRITORY,Uncertain,UNKNOWN,LOW_CONFIDENCE_HOTSPOT,UNVERIFIED,REAL,False,True,5.64,5.64,0.0,347.92,347.92,0.0,2023.4573346631087,886021.9,1453398.9,4200.0,1051179.2,902120.0,0,0.0,0.0,1.0,0.564,0.95
ff834b89-9c54-4327-a3c7-0aa0dcb14667,10f10ab7-c2e5-49ef-a0b6-7e82a40ea773,EVT-REAL-2022-00110,16.95091,76.90719,Andhra Pradesh,East Godavari,,,2022-01-05,TRAIN,East Godavari,GENERAL_INDIAN_TERRITORY,Uncertain,UNKNOWN,LOW_CONFIDENCE_HOTSPOT,UNVERIFIED,REAL,False,True,3.19,3.19,0.0,339.74,339.74,0.0,10673.150775461227,831200.6,1434195.4,4200.0,988847.8,834789.9,0,0.0,0.0,1.0,0.319,0.2
25df6949-5667-4165-bc4e-e3822e3f475a,8eeebd0e-a09f-42ba-b133-3ce70afe4b93,EVT-REAL-2022-00111,15.5096,76.66332,Karnataka,Ballari,,,2022-01-05,TRAIN,Ballari,GENERAL_INDIAN_TERRITORY,Uncertain,UNKNOWN,LOW_CONFIDENCE_HOTSPOT,UNVERIFIED,REAL,False,True,3.49,3.49,0.0,331.16,331.16,0.0,11082.778612359663,985152.9,1593712.2,4200.0,1133920.1,972128.6,0,0.0,0.0,1.0,0.349,0.2
61d7bb6b-0d45-4af6-bcba-f5f42d207272,99aa202f-d7ff-4667-9fe9-06607bf8be0b,EVT-REAL-2022-00112,16.8847,76.1146,Maharashtra,Nagpur,,,2022-01-05,TRAIN,Nagpur,GENERAL_INDIAN_TERRITORY,Uncertain,UNKNOWN,LOW_CONFIDENCE_HOTSPOT,UNVERIFIED,REAL,False,True,9.9,9.9,0.0,304.6,304.6,0.0,12076.303848446825,880788.6,1442009.1,4200.0,1047736.5,900253.5,0,0.0,0.0,0.0,0.99,0.2
8dfbdd53-1a6e-470a-aa08-4a8ad70f5a04,968a1282-1493-42a1-b4f7-bfc929a623db,EVT-REAL-2022-00113,20.96267,86.00961,Odisha,Angul,ccfecf36-122a-46ec-8e75-8ab9585c9ee8,TATA Steel,2022-01-08,TRAIN,ccfecf36-122a-46ec-8e75-8ab9585c9ee8,EASTERN_COAL_BELT,Industrial Fire,REAL,OSM_FACILITY_GROUND_TRUTH,UNVERIFIED,REAL,False,True,25.31,25.31,0.0,349.33,349.33,0.0,931.7713760847562,49322.3,1354729.7,4200.0,446194.0,375146.9,1,0.2333,76.0,1.0,9.443,0.95
12a912db-9c50-4bbe-9f6d-43e021451fe2,9bab0f4d-959e-4046-abaf-c47e8459c8a5,EVT-REAL-2022-00114,21.7297,70.1022,Gujarat,Jamnagar,0fbc9da7-56b4-4438-b095-860bfd748431,Mervadar,2022-01-08,TRAIN,0fbc9da7-56b4-4438-b095-860bfd748431,WESTERN_PETROCHEMICAL,Industrial Fire,WEAKLY_LABELED,FACILITY_ANOMALOUS_THERMAL,UNVERIFIED,REAL,False,True,65.7,65.7,0.0,351.0,351.0,0.0,1195.1239660883616,1116888.7,993806.5,4200.0,1325812.4,1283347.9,0,0.0,0.0,1.0,1.0,0.95
60b9446d-c547-4cae-96ce-c37a001706d9,5a5b94cc-8d84-404b-a080-703505370bf0,EVT-REAL-2022-00115,21.81005,73.17905,Gujarat,Jamnagar,6b5242f2-acf6-4c0f-96db-4a4741b0f9e1,Solar Photovoltaic / Solar Thermal Power Generation (Way #1467608881),2022-01-09,TRAIN,6b5242f2-acf6-4c0f-96db-4a4741b0f9e1,WESTERN_PETROCHEMICAL,Uncertain,UNKNOWN,LOW_CONFIDENCE_HOTSPOT,UNVERIFIED,REAL,False,True,26.21,26.21,0.0,332.72,332.72,0.0,1897.9995405666061,805211.0,902068.3,4200.0,1015022.6,965564.1,0,0.0,0.0,1.0,1.0,0.95
727492b3-2ab9-4aaa-a281-043b575f97cc,bad20e7d-35a8-4bc4-8193-77422d4dd2c8,EVT-REAL-2022-00116,21.60078,69.844,Gujarat,Jamnagar,d0604d0a-b5bd-48f4-8113-3ac0c50702eb,Hiraco,2022-01-12,TRAIN,d0604d0a-b5bd-48f4-8113-3ac0c50702eb,WESTERN_PETROCHEMICAL,Industrial Fire,REAL,OSM_FACILITY_GROUND_TRUTH,UNVERIFIED,REAL,False,True,141.24,141.24,0.0,338.09,338.09,0.0,317.5238335962005,1146054.1,1017726.4,4200.0,1355107.3,1311306.7,0,0.0333,8.0,1.0,36.986,0.95
90f0bb07-1680-45cf-917f-2b2d23021061,5fcb16ec-33cb-43fd-8781-ea4ef43d081b,EVT-REAL-2022-00117,26.3961,78.0744,Madhya Pradesh,Singrauli,88406cc4-2be4-471e-a047-2ea4a0252bc9,Industrial Works (works) (Way #840919166),2022-01-13,TRAIN,88406cc4-2be4-471e-a047-2ea4a0252bc9,EASTERN_COAL_BELT,Industrial Fire,WEAKLY_LABELED,FACILITY_ANOMALOUS_THERMAL,UNVERIFIED,REAL,False,True,15.2,15.2,0.0,314.0,314.0,0.0,143.7096515983589,389818.7,407976.8,4200.0,534404.6,513706.6,0,0.0,0.0,1.0,1.0,0.95
5ed3c192-1a08-4660-913f-94314252eff6,b42511de-ea9d-418d-9361-36a047cce8ec,EVT-REAL-2022-00118,12.1971,76.7806,Tamil Nadu,Chennai,,,2022-01-13,TRAIN,Chennai,GENERAL_INDIAN_TERRITORY,Uncertain,UNKNOWN,LOW_CONFIDENCE_HOTSPOT,UNVERIFIED,REAL,False,True,25.7,25.7,0.0,323.7,323.7,0.0,8040.6363236253555,1321282.9,1960141.0,4200.0,1447888.2,1273373.9,0,0.0,0.0,1.0,1.0,0.2
2a443932-3f2f-4051-8813-018ea611d4fe,f3853126-15f1-4c8c-a733-5b6109c2d08e,EVT-REAL-2022-00119,23.42919,70.10901,Gujarat,Jamnagar,,,2022-01-13,TRAIN,Jamnagar,WESTERN_PETROCHEMICAL,Uncertain,UNKNOWN,LOW_CONFIDENCE_HOTSPOT,UNVERIFIED,REAL,False,True,66.76,66.76,0.0,343.94,343.94,0.0,8543.78989210234,1091557.5,824353.0,4200.0,1295258.3,1273025.5,0,0.0,0.0,1.0,1.0,0.2
3d408dc0-0aa8-494a-8247-010a98929933,3809d99b-4196-46f7-b6ef-d6fad272af10,EVT-REAL-2022-00120,25.97723,81.89893,Madhya Pradesh,Singrauli,,,2022-01-13,TRAIN,Singrauli,EASTERN_COAL_BELT,Forest Fire,REAL,FSI_FOREST_CANOPY,UNVERIFIED,REAL,False,True,8.62,8.62,0.0,338.35,338.35,0.0,27160.087491550028,239250.0,663768.0,4200.0,216840.0,206421.8,0,0.0,0.0,1.0,0.862,0.2
2ac9816a-1aaf-4a13-9100-e4776fe74acc,39bd5447-19a9-4cd6-ae56-1b90c26c1742,EVT-REAL-2022-00121,22.7944,86.2191,Jharkhand,Dhanbad,0f6ecd4d-1089-4e08-a951-9925b7acb006,Designated Industrial Park / Estate (Way #583699321),2022-01-15,TRAIN,0f6ecd4d-1089-4e08-a951-9925b7acb006,EASTERN_COAL_BELT,Industrial Fire,REAL,OSM_FACILITY_GROUND_TRUTH,UNVERIFIED,REAL,False,True,29.4,29.4,0.0,311.1,311.1,0.0,692.8087646282708,82414.6,1225336.0,4200.0,343604.1,366223.8,0,0.3667,155.0,1.0,8.58,0.95
b806ae77-85eb-41d9-bfbc-aba8e1aa204e,efc6949f-452b-4f61-af16-71fa6c387700,EVT-REAL-2022-00122,23.0437,69.3803,Gujarat,Jamnagar,,,2022-01-15,TRAIN,Jamnagar,WESTERN_PETROCHEMICAL,Uncertain,UNKNOWN,LOW_CONFIDENCE_HOTSPOT,UNVERIFIED,REAL,False,True,25.8,25.8,0.0,308.4,308.4,0.0,5485.329522096184,1169203.8,898627.9,4200.0,1373883.4,1351074.4,0,0.0,0.0,1.0,1.0,0.65
189fe70e-718c-410d-bd80-7683ecfed6df,323c121a-eef3-4c99-87da-2bbdf8b69684,EVT-REAL-2022-00123,22.73001,71.43491,Gujarat,Jamnagar,0a2962cc-443d-40fa-95a4-9f4dabb09446,Surendranagar Solar,2022-01-15,TRAIN,0a2962cc-443d-40fa-95a4-9f4dabb09446,WESTERN_PETROCHEMICAL,Industrial Fire,REAL,OSM_FACILITY_GROUND_TRUTH,UNVERIFIED,REAL,False,True,117.67,117.67,0.0,223.2,223.2,0.0,524.3254437932842,962924.5,840896.4,4200.0,1169734.2,1140250.2,0,0.0333,2.0,1.0,12.007,0.95
f6cb2865-e2ff-4778-87f0-9dbe8ad9cef8,153203c9-1a8c-421b-8ca9-fa6b57097652,EVT-REAL-2022-00124,22.72639,71.43397,Gujarat,Jamnagar,0a2962cc-443d-40fa-95a4-9f4dabb09446,Surendranagar Solar,2022-01-15,TRAIN,0a2962cc-443d-40fa-95a4-9f4dabb09446,WESTERN_PETROCHEMICAL,Industrial Fire,REAL,OSM_FACILITY_GROUND_TRUTH,UNVERIFIED,REAL,False,True,163.62,103.88,46.988083595737336,351.67,267.94,83.73000000000002,391.41985284907537,963068.7,841307.2,4200.0,1169891.5,1140349.7,0,0.0333,2.0,1.0,16.696,0.95
ae7af750-6531-450a-9bfe-ab1f5e3da006,fcf0731b-5ed2-4f19-ab4d-2152fc5d8997,EVT-REAL-2022-00125,22.72875,71.42718,Gujarat,Jamnagar,0a2962cc-443d-40fa-95a4-9f4dabb09446,Surendranagar Solar,2022-01-15,TRAIN,0a2962cc-443d-40fa-95a4-9f4dabb09446,WESTERN_PETROCHEMICAL,Industrial Fire,REAL,OSM_FACILITY_GROUND_TRUTH,UNVERIFIED,REAL,False,True,44.59,44.59,0.0,288.78,288.78,0.0,1125.645859334076,963729.6,841281.8,4200.0,1170540.3,1141045.3,0,0.0333,2.0,1.0,4.55,0.95
017aaa06-0d2a-4678-b112-164ccfd8a638,8ae2505a-ca73-4aa7-af96-8af49dfbcbe5,EVT-REAL-2022-00126,21.1025,72.6454,Gujarat,Jamnagar,e9c4bee7-eae3-4bd8-a08a-39d2cf310cbd,ArcelorMittal Nippon Steel India,2022-01-16,TRAIN,e9c4bee7-eae3-4bd8-a08a-39d2cf310cbd,WESTERN_PETROCHEMICAL,Industrial Fire,REAL,OSM_FACILITY_GROUND_TRUTH,UNVERIFIED,REAL,False,True,53.8,35.43,12.987301490301979,334.0,328.6,5.399999999999977,836.717427685217,881029.0,987014.4,4200.0,1090876.3,1030162.5,0,0.5,248.0,0.6667,11.737,0.95
bbbc23bc-e94e-4457-a375-98189b820e17,afb8df5e-9ea2-43b0-b7ec-9c110f419d27,EVT-REAL-2022-00127,21.896,84.2589,Chhattisgarh,Korba,,,2022-01-20,TRAIN,Korba,EASTERN_COAL_BELT,Uncertain,UNKNOWN,LOW_CONFIDENCE_HOTSPOT,UNVERIFIED,REAL,False,True,38.8,38.8,0.0,320.5,320.5,0.0,14406.268993894473,190249.7,1158980.8,4200.0,256653.6,168957.1,0,0.0333,3.0,1.0,6.924,0.2
ec430dc7-d951-4815-b1a6-46ede0f69956,db1f7e2c-abfb-4d43-bb34-9aa1a268669b,EVT-REAL-2022-00128,21.9955,81.4079,Madhya Pradesh,Singrauli,,,2022-01-21,TRAIN,Singrauli,EASTERN_COAL_BELT,Forest Fire,REAL,FSI_FOREST_CANOPY,UNVERIFIED,REAL,False,True,53.3,53.3,0.0,327.5,327.5,0.0,24714.056472002234,167396.6,989601.9,4200.0,259276.7,119570.6,0,0.0,0.0,1.0,1.0,0.2
58607d7e-9b73-47fb-bc9f-4ce147fef101,bc012afd-fe1c-4893-a205-7a8a587230a3,EVT-REAL-2022-00129,27.92394,80.28678,Uttar Pradesh,Sonbhadra,,,2022-01-21,TRAIN,Sonbhadra,GENERAL_INDIAN_TERRITORY,Agricultural Burning,REAL,BHUVAN_AGRICULTURAL_CYCLE,UNVERIFIED,REAL,False,True,10.0,9.77,0.22360679774997896,354.33,332.26,22.069999999999993,25724.23979363435,448753.6,404427.5,4200.0,483136.4,470115.1,0,0.0333,1.0,1.0,3.125,0.2
9686656b-1fd1-4d71-99fb-414950d6d7a9,e4b69b19-2cf6-4a3a-8fe4-8ede68628887,EVT-REAL-2022-00130,21.6867,72.5615,Gujarat,Jamnagar,06daee13-a10e-41a6-bdcd-838e2d8c373d,Industrial Works (works) (Way #909780546),2022-01-23,TRAIN,06daee13-a10e-41a6-bdcd-838e2d8c373d,WESTERN_PETROCHEMICAL,Industrial Fire,WEAKLY_LABELED,FACILITY_ANOMALOUS_THERMAL,UNVERIFIED,REAL,False,True,33.6,30.75,2.8495613697550013,326.2,324.35,1.849999999999966,817.6891164082971,870456.9,924595.8,4200.0,1080240.5,1030435.0,1,0.0667,3.0,0.0,0.762,0.95
c8f8e8a6-be7e-49d2-9ae8-5fe09f9aaff8,001f2897-1e82-4d58-a4f1-dcda76e63fa7,EVT-REAL-2022-00131,23.85786,86.90878,Jharkhand,Dhanbad,b30ef258-a986-4489-a9b0-7cf77fa6666a,Chittaranjan Locomotive Works,2022-01-25,TRAIN,b30ef258-a986-4489-a9b0-7cf77fa6666a,EASTERN_COAL_BELT,Industrial Fire,REAL,OSM_FACILITY_GROUND_TRUTH,UNVERIFIED,REAL,False,True,45.61,45.61,0.0,347.4,347.4,0.0,131.7677368468557,201959.8,1206180.1,4200.0,387959.7,427223.7,0,0.0667,5.0,1.0,7.977,0.95
337d6086-c67c-4513-93aa-6b3b0e684947,d4d73a95-d81a-475c-b6d9-202b9be19e48,EVT-REAL-2022-00132,25.7913,81.9474,Madhya Pradesh,Singrauli,,,2022-01-25,TRAIN,Singrauli,EASTERN_COAL_BELT,Forest Fire,REAL,FSI_FOREST_CANOPY,UNVERIFIED,REAL,False,True,21.7,21.7,0.0,320.1,320.1,0.0,29618.819257184758,221039.8,681284.3,4200.0,196162.9,185400.9,0,0.0,0.0,1.0,1.0,0.2
265b49be-50b3-4c65-8b61-59d0549ef381,095cfbaf-ab47-49c5-b380-e19fb57cd2d9,EVT-REAL-2022-00133,25.78868,81.95692,Madhya Pradesh,Singrauli,,,2022-01-25,TRAIN,Singrauli,EASTERN_COAL_BELT,Forest Fire,REAL,FSI_FOREST_CANOPY,UNVERIFIED,REAL,False,True,10.19,10.19,0.0,354.95,344.01,10.939999999999998,29036.115380869334,221074.1,682179.9,4200.0,195482.2,184799.4,0,0.0,0.0,1.0,1.0,0.2
bc30e30c-5392-4968-bc07-b3f899110fdd,21295791-46c7-4cc4-a260-c46dcadd3d0d,EVT-REAL-2022-00134,21.15268,70.7415,Gujarat,Jamnagar,,,2022-01-26,TRAIN,Jamnagar,WESTERN_PETROCHEMICAL,Uncertain,UNKNOWN,LOW_CONFIDENCE_HOTSPOT,UNVERIFIED,REAL,False,True,32.0,32.0,0.0,338.08,338.08,0.0,21712.73280298479,1068078.8,1029319.7,4200.0,1277904.3,1224873.6,0,0.0,0.0,1.0,1.0,0.2
a29817f4-e842-4d75-b21a-5b1a9d39ea22,35724fad-6b05-4b4e-a17f-19b54032e8f7,EVT-REAL-2022-00135,21.1664,72.6696,Gujarat,Jamnagar,ea20c613-b54b-4b88-96a2-b5e32a097c97,Reliance,2022-01-27,TRAIN,ea20c613-b54b-4b88-96a2-b5e32a097c97,WESTERN_PETROCHEMICAL,Industrial Fire,WEAKLY_LABELED,FACILITY_ANOMALOUS_THERMAL,UNVERIFIED,REAL,False,True,51.9,51.9,0.0,346.0,346.0,0.0,519.500421587749,876363.1,979639.5,4200.0,1086242.9,1026570.7,0,0.0,0.0,1.0,1.0,0.95
3eec01f8-f835-44df-ad4e-67cd3c470352,1a9bc77f-23a7-4883-9985-96c1a369b98c,EVT-REAL-2022-00136,24.46092,86.75431,Jharkhand,Dhanbad,4e91f187-8a77-4aae-a956-3878f33656e5,Tapovan,2022-01-27,TRAIN,4e91f187-8a77-4aae-a956-3878f33656e5,EASTERN_COAL_BELT,Industrial Fire,REAL,OSM_FACILITY_GROUND_TRUTH,UNVERIFIED,REAL,False,True,234.39,173.79,80.53235374680166,392.6,340.01,52.59000000000003,106.9762279725266,267217.1,1155187.8,4200.0,371990.0,410264.9,0,0.1333,10.0,1.0,23.757,0.95
90d5de3a-fdda-49ca-9ad2-17f658032792,70cc9885-6dd0-4585-892d-6738024636d7,EVT-REAL-2022-00137,21.16531,72.67171,Gujarat,Jamnagar,ea20c613-b54b-4b88-96a2-b5e32a097c97,Reliance,2022-01-27,TRAIN,ea20c613-b54b-4b88-96a2-b5e32a097c97,WESTERN_PETROCHEMICAL,Industrial Fire,WEAKLY_LABELED,FACILITY_ANOMALOUS_THERMAL,UNVERIFIED,REAL,False,True,94.84,63.89,30.954967291211922,354.03,347.75,6.279999999999973,456.75555495306475,876194.2,979725.6,4200.0,1086073.0,1026372.7,0,0.0,0.0,1.0,1.484,0.95
c24532ac-e0b6-454c-a420-603a7bfdbb37,d5659c9e-6e9a-450e-89f7-337ca7def11d,EVT-REAL-2022-00138,26.05819,80.79685,Madhya Pradesh,Singrauli,,,2022-01-28,TRAIN,Singrauli,EASTERN_COAL_BELT,Other Thermal Source,REAL,BACKGROUND_THERMAL_SOURCE,UNVERIFIED,REAL,False,True,36.4,22.29,14.114885759367661,344.44,338.71,5.730000000000018,9052.28358936776,239068.7,579445.0,4200.0,288392.6,271640.3,0,0.0,0.0,1.0,1.633,0.2
c8404c27-4a1e-44b5-adda-10801c4a4739,35c13a63-9a10-495f-b250-c6c11b740697,EVT-REAL-2022-00139,22.1683,80.9427,Madhya Pradesh,Singrauli,,,2022-01-28,TRAIN,Singrauli,EASTERN_COAL_BELT,Forest Fire,REAL,FSI_FOREST_CANOPY,UNVERIFIED,REAL,False,True,31.7,31.7,0.0,327.5,327.5,0.0,22941.613850773352,147490.2,951426.1,4200.0,274142.6,163258.5,0,0.0,0.0,1.0,1.0,0.2
29fb52e4-b0b7-405c-9fab-7c221d547378,501c3f1d-3296-4069-9f20-f4d6dfae5040,EVT-REAL-2022-00140,27.9678,80.3546,Uttar Pradesh,Sonbhadra,,,2022-01-28,TRAIN,Sonbhadra,GENERAL_INDIAN_TERRITORY,Agricultural Burning,REAL,BHUVAN_AGRICULTURAL_CYCLE,UNVERIFIED,REAL,False,True,8.1,8.1,0.0,304.8,304.8,0.0,17644.575030409436,452862.2,407365.6,4200.0,483804.4,471100.6,0,0.0333,1.0,1.0,5.294,0.2
015af0c0-707d-44c5-a6e0-5b9eae1fe465,ec9589e6-5532-4a20-bf3b-851b1352e581,EVT-REAL-2022-00141,26.4005,81.7103,Madhya Pradesh,Singrauli,,,2022-01-28,TRAIN,Singrauli,EASTERN_COAL_BELT,Uncertain,UNKNOWN,LOW_CONFIDENCE_HOTSPOT,UNVERIFIED,REAL,False,True,8.3,8.3,0.0,303.9,303.9,0.0,5334.107395503015,280853.7,618762.6,4200.0,267322.5,256932.7,0,0.0333,1.0,1.0,4.171,0.65
b690a153-ab6d-4721-987a-c31e44d1a2d6,6f1940b7-7435-4451-b6c2-cdb65784cf4e,EVT-REAL-2022-00142,26.09044,80.72906,Madhya Pradesh,Singrauli,,,2022-01-28,TRAIN,Singrauli,EASTERN_COAL_BELT,Uncertain,UNKNOWN,LOW_CONFIDENCE_HOTSPOT,UNVERIFIED,REAL,False,True,11.99,11.99,0.0,367.0,367.0,0.0,8975.123009045155,242747.0,572265.9,4200.0,295720.2,278839.5,0,0.0,0.0,1.0,1.0,0.2
4f6e72a9-ec5e-424f-960c-fdf6bd93acc2,cc64bd98-acb9-4942-bef1-e7d2297239ec,EVT-REAL-2022-00143,22.3504,69.7553,Gujarat,Jamnagar,60415ce8-464d-4fa8-a80d-c7c70e73ec12,Industrial Manufacturing (cooling) (Way #688584548),2022-01-29,TRAIN,60415ce8-464d-4fa8-a80d-c7c70e73ec12,WESTERN_PETROCHEMICAL,Industrial Fire,REAL,OSM_FACILITY_GROUND_TRUTH,UNVERIFIED,REAL,False,True,40.3,40.3,0.0,327.0,327.0,0.0,974.9872580656832,1139789.8,946941.0,4200.0,1347075.4,1314147.5,0,0.2,7.0,1.0,22.108,0.95
bf35faaf-ecd3-40f0-af72-a1cb9a129ba8,4a14bfa6-f173-484c-957b-a8a1039bdf68,EVT-REAL-2022-00144,27.71434,80.05824,Uttar Pradesh,Sonbhadra,,,2022-01-29,TRAIN,Sonbhadra,GENERAL_INDIAN_TERRITORY,Uncertain,UNKNOWN,LOW_CONFIDENCE_HOTSPOT,UNVERIFIED,REAL,False,True,8.48,8.48,0.0,332.42,332.42,0.0,6162.258164620263,429065.6,399772.7,4200.0,476393.4,462181.5,0,0.0,0.0,1.0,0.848,0.65
0af4a136-c3cc-41df-a5f0-bac0805dee89,7cec1b23-dd33-4874-afaa-b97f879c6663,EVT-REAL-2022-00145,30.86592,74.34217,Punjab,Sangrur,,,2022-01-29,TRAIN,Sangrur,NORTHERN_AGRICULTURE,Agricultural Burning,REAL,BHUVAN_AGRICULTURAL_CYCLE,UNVERIFIED,REAL,False,True,10.94,10.94,0.0,342.62,342.62,0.0,21922.49468431041,1001434.9,0.0,4200.0,1114436.5,1096744.2,4,0.0,0.0,1.0,1.0,0.2
11f21afa-6471-4741-aa53-b52815de67c8,51b0bcbe-d566-496b-b955-cc35d65539c5,EVT-REAL-2022-00146,31.381,76.93626,National / Other,,,,2022-01-29,TRAIN,National / Other,GENERAL_INDIAN_TERRITORY,Uncertain,UNKNOWN,LOW_CONFIDENCE_HOTSPOT,UNVERIFIED,REAL,False,True,11.34,11.34,0.0,345.19,345.19,0.0,5704.585613947465,912276.0,12961.4,4200.0,983026.0,968631.2,0,0.0,0.0,1.0,1.0,0.65
47c124ec-2990-425c-911c-0fee002e5369,c8edea40-be5d-4e14-b692-e502193cbb46,EVT-REAL-2022-00147,29.93089,76.42285,Punjab,Sangrur,,,2022-01-29,TRAIN,Sangrur,NORTHERN_AGRICULTURE,Agricultural Burning,REAL,BHUVAN_AGRICULTURAL_CYCLE,UNVERIFIED,REAL,False,True,10.34,10.34,0.0,346.64,346.64,0.0,11363.457980894313,797024.3,0.0,4200.0,895956.3,879081.2,4,0.0,0.0,1.0,1.0,0.2
b4ca65be-de09-49d0-a310-a005110fc661,e7c7a281-9100-4254-a92c-dbc66c5636ac,EVT-REAL-2022-00148,25.36305,78.3123,Madhya Pradesh,Singrauli,247224fe-276e-46b0-a36c-61e5c77883d8,Badanpur,2022-01-30,TRAIN,247224fe-276e-46b0-a36c-61e5c77883d8,EASTERN_COAL_BELT,Industrial Fire,REAL,OSM_FACILITY_GROUND_TRUTH,UNVERIFIED,REAL,False,True,12.73,12.73,0.0,356.1,348.38,7.720000000000027,441.15686682983596,299495.8,524423.8,4200.0,471731.2,449711.7,0,0.0333,1.0,1.0,2.926,0.95
dfe910ef-65c4-4937-8f11-1935a8944d32,76fe7bc2-bc65-4e17-80ba-c66a7779ae76,EVT-REAL-2022-00149,25.3624,78.30486,Madhya Pradesh,Singrauli,247224fe-276e-46b0-a36c-61e5c77883d8,Badanpur,2022-01-30,TRAIN,247224fe-276e-46b0-a36c-61e5c77883d8,EASTERN_COAL_BELT,Industrial Fire,REAL,OSM_FACILITY_GROUND_TRUTH,UNVERIFIED,REAL,False,True,8.72,8.72,0.0,354.23,351.71,2.5200000000000387,423.1162975819705,300091.2,524284.7,4200.0,472436.4,450414.4,0,0.0333,1.0,1.0,2.005,0.95
db731c38-6163-4ef8-9bc5-be312939c287,88451306-3396-41db-b544-83d392e9860d,EVT-REAL-2022-00150,31.35546,75.74366,Punjab,Sangrur,,,2022-01-30,TRAIN,Sangrur,NORTHERN_AGRICULTURE,Agricultural Burning,REAL,BHUVAN_AGRICULTURAL_CYCLE,UNVERIFIED,REAL,False,True,28.82,28.82,0.0,332.75,332.75,0.0,6865.206440878279,964850.2,0.0,4200.0,1054128.5,1038266.0,4,0.0333,1.0,1.0,5.834,0.65
601d5358-04a0-4e56-9320-144b12a4b888,275ffd25-7100-49bf-a365-ccb9c5ebd6a5,EVT-REAL-2022-00151,23.7991,86.3179,Jharkhand,Dhanbad,,,2022-01-30,TRAIN,Dhanbad,EASTERN_COAL_BELT,Uncertain,UNKNOWN,LOW_CONFIDENCE_HOTSPOT,UNVERIFIED,REAL,False,True,15.5,15.5,0.0,314.5,314.5,0.0,2699.9115505966674,193676.3,1161840.0,4200.0,328162.3,367917.1,0,0.8333,291.0,1.0,7.412,0.65
9619e11c-ec32-4695-9dd8-7c97fb8d0c51,7e6c06ae-3137-4012-89c7-a634e5537057,EVT-REAL-2022-00152,25.9801,81.9838,Madhya Pradesh,Singrauli,,,2022-01-30,TRAIN,Singrauli,EASTERN_COAL_BELT,Forest Fire,REAL,FSI_FOREST_CANOPY,UNVERIFIED,REAL,False,True,9.1,9.1,0.0,312.4,312.4,0.0,30331.451693296578,242040.8,669887.6,4200.0,213686.2,204036.6,0,0.0,0.0,1.0,0.91,0.2
99fb9aea-7127-4e9f-a931-1ffe340501c3,313805ee-8036-4e79-bb34-8347ec09ae67,EVT-REAL-2022-00153,25.5195,81.0304,Madhya Pradesh,Singrauli,,,2022-01-30,TRAIN,Singrauli,EASTERN_COAL_BELT,Uncertain,UNKNOWN,LOW_CONFIDENCE_HOTSPOT,UNVERIFIED,REAL,False,True,8.0,8.0,0.0,313.4,313.4,0.0,12524.457931186233,179371.7,639951.7,4200.0,230966.7,212699.9,0,0.0,0.0,1.0,0.8,0.2
6e6dbb57-7dbb-48f6-b2f6-6644fdf09a89,264953af-d3d6-4331-a7b4-3e43001d522a,EVT-REAL-2022-00154,31.2047,76.1102,Punjab,Sangrur,,,2022-01-30,TRAIN,Sangrur,NORTHERN_AGRICULTURE,Agricultural Burning,REAL,BHUVAN_AGRICULTURAL_CYCLE,UNVERIFIED,REAL,False,True,20.3,20.3,0.0,319.6,319.6,0.0,4046.5581464471848,932315.0,0.0,4200.0,1018232.0,1002600.1,4,0.0,0.0,1.0,1.0,0.65
8059091d-40ec-4533-b6bf-28c8051c45ea,d79db87b-6b9c-449b-931d-840ff336221c,EVT-REAL-2022-00155,21.4101,72.76187,Gujarat,Jamnagar,,,2022-01-30,TRAIN,Jamnagar,WESTERN_PETROCHEMICAL,Uncertain,UNKNOWN,LOW_CONFIDENCE_HOTSPOT,UNVERIFIED,REAL,False,True,25.06,25.06,0.0,339.1,339.1,0.0,8835.371599166938,858956.1,951531.4,4200.0,1068889.0,1013284.4,0,0.0333,1.0,1.0,13.694,0.2
4a4ec308-01ce-4a34-a531-4fda6d86cdc4,1a83e0e6-b3d0-4a75-bd8e-19d4d8bbd3d9,EVT-REAL-2022-00156,23.8037,86.3321,Jharkhand,Dhanbad,,,2022-01-31,TRAIN,Dhanbad,EASTERN_COAL_BELT,Uncertain,UNKNOWN,LOW_CONFIDENCE_HOTSPOT,UNVERIFIED,REAL,False,True,18.7,18.7,0.0,307.9,307.9,0.0,2704.1633326669257,194185.3,1162675.6,4200.0,329575.4,369300.5,0,0.8667,398.0,1.0,8.598,0.65
6c86183a-6e70-45d0-a994-6f58174d496e,4e6f262f-199c-437c-a0ae-9b4b238b51e3,EVT-REAL-2022-00157,27.3344,81.7462,Uttar Pradesh,Sonbhadra,,,2022-01-31,TRAIN,Sonbhadra,GENERAL_INDIAN_TERRITORY,Uncertain,UNKNOWN,LOW_CONFIDENCE_HOTSPOT,UNVERIFIED,REAL,False,True,13.6,13.6,0.0,312.4,312.4,0.0,3268.0873242906805,383719.6,561005.1,4200.0,362971.0,355015.8,0,0.0,0.0,1.0,1.0,0.65
19bdd339-bc83-4944-ac22-b24c2a423489,d78ca0e4-112e-4db9-963a-c597289830ed,EVT-REAL-2022-00158,27.3325,81.7576,Uttar Pradesh,Sonbhadra,,,2022-01-31,TRAIN,Sonbhadra,GENERAL_INDIAN_TERRITORY,Uncertain,UNKNOWN,LOW_CONFIDENCE_HOTSPOT,UNVERIFIED,REAL,False,True,13.7,13.7,0.0,312.4,312.4,0.0,2595.7423972633705,383661.3,562076.3,4200.0,362438.4,354543.7,0,0.0,0.0,1.0,1.0,0.65
4cf6c648-01f2-4b85-b94f-a3ea2259bf79,a998c502-ddfb-4a48-a41a-101df5fe141b,EVT-REAL-2022-00159,25.2741,81.2143,Madhya Pradesh,Singrauli,69c3b123-93e0-4c59-aa88-bbbe11a7114f,Solar Photovoltaic / Solar Thermal Power Generation (Way #1267195235),2022-01-31,TRAIN,69c3b123-93e0-4c59-aa88-bbbe11a7114f,EASTERN_COAL_BELT,Industrial Fire,WEAKLY_LABELED,FACILITY_ANOMALOUS_THERMAL,UNVERIFIED,REAL,False,True,12.2,12.2,0.0,313.8,313.8,0.0,738.0027540619075,152199.2,672696.6,4200.0,199717.7,180879.2,0,0.0,0.0,1.0,1.0,0.95
f026e650-48c9-49a0-9995-a3c5b23ca2de,269aaddd-dcef-40e2-b643-eb1196ba15b5,EVT-REAL-2022-00160,25.2707,81.2076,Madhya Pradesh,Singrauli,69c3b123-93e0-4c59-aa88-bbbe11a7114f,Solar Photovoltaic / Solar Thermal Power Generation (Way #1267195235),2022-01-31,TRAIN,69c3b123-93e0-4c59-aa88-bbbe11a7114f,EASTERN_COAL_BELT,Industrial Fire,WEAKLY_LABELED,FACILITY_ANOMALOUS_THERMAL,UNVERIFIED,REAL,False,True,16.6,16.6,0.0,317.2,317.2,0.0,165.58714877138274,151821.7,672560.1,4200.0,200040.7,181156.5,0,0.0,0.0,1.0,1.0,0.95
b9d7fc56-8b23-4cb8-9b04-e841f372bb86,6f110afa-f4d3-45b2-b955-2ec1de559fd3,EVT-REAL-2022-00161,22.70745,71.41498,Gujarat,Jamnagar,262dc3fc-5bfb-4b4c-bfbe-d7e7179a1e96,S.J. Green Surendranagar,2022-01-31,TRAIN,262dc3fc-5bfb-4b4c-bfbe-d7e7179a1e96,WESTERN_PETROCHEMICAL,Industrial Fire,REAL,OSM_FACILITY_GROUND_TRUTH,UNVERIFIED,REAL,False,True,72.5,72.5,0.0,343.48,343.48,0.0,197.44361987095863,965260.4,843917.3,4200.0,1172144.4,1142318.5,0,0.1333,11.0,1.0,11.301,0.95
2711d541-e3c3-48bf-b797-1b2a38186a27,57204d1d-8282-4b70-9088-cd389e2ddb49,EVT-REAL-2022-00162,31.09255,75.94242,Punjab,Sangrur,5c01d0c9-6d02-445c-88c8-6bec27efa940,Clay Building Materials (Brickyard / Brickworks / Kiln) (Way #1458492747),2022-01-31,TRAIN,5c01d0c9-6d02-445c-88c8-6bec27efa940,NORTHERN_AGRICULTURE,Industrial Fire,REAL,OSM_FACILITY_GROUND_TRUTH,UNVERIFIED,REAL,False,True,11.54,10.42,1.118033988749895,345.09,336.97,8.119999999999948,1249.5743007731596,930091.7,0.0,4200.0,1019901.7,1003949.3,4,0.0333,1.0,1.0,6.042,0.95
9daaf72a-de9a-4695-bd1c-b5d03fab088d,6b245b9e-68a9-4648-9b7d-27931787ab52,EVT-REAL-2022-00163,31.41475,75.65641,Punjab,Sangrur,f970747b-8994-4cd8-a331-8ffcd1345e39,Designated Industrial Park / Estate (Way #646339751),2022-01-31,TRAIN,f970747b-8994-4cd8-a331-8ffcd1345e39,NORTHERN_AGRICULTURE,Agricultural Burning,REAL,BHUVAN_AGRICULTURAL_CYCLE,UNVERIFIED,REAL,False,True,8.41,8.41,0.0,330.24,330.24,0.0,1924.4238360129723,974851.7,0.0,4200.0,1064596.9,1048709.2,4,0.0,0.0,1.0,0.841,0.95
eec01f6f-2403-4b4e-bef8-f2f05266f9d6,09779f2d-c7f0-4f74-8432-fbcdb95c799b,EVT-REAL-2022-00164,31.45972,75.63817,Punjab,Sangrur,0f7a5d67-0210-4f6c-8ad3-5417fd7de4a8,Designated Industrial Park / Estate (Way #647407216),2022-01-31,TRAIN,0f7a5d67-0210-4f6c-8ad3-5417fd7de4a8,NORTHERN_AGRICULTURE,Agricultural Burning,REAL,BHUVAN_AGRICULTURAL_CYCLE,UNVERIFIED,REAL,False,True,10.66,10.66,0.0,330.73,330.73,0.0,1093.5759777683343,979987.3,0.0,4200.0,1069424.8,1053568.7,4,0.0,0.0,1.0,1.0,0.95
1ff6aa3e-cd60-48c3-a7a7-8dcd47490b8e,155f8a69-9810-4e48-b929-5aad1fa53ff4,EVT-REAL-2022-00165,12.8741,75.6563,Karnataka,Ballari,,,2022-02-01,TRAIN,Ballari,GENERAL_INDIAN_TERRITORY,Uncertain,UNKNOWN,LOW_CONFIDENCE_HOTSPOT,UNVERIFIED,REAL,False,True,57.7,57.7,0.0,310.6,310.6,0.0,2824.4568015573195,1295474.8,1885940.3,4200.0,1438837.0,1271829.7,0,0.0,0.0,1.0,1.0,0.65
cf8483a3-db88-41cc-8a36-79bb1f74cb09,2c789dd8-819b-43f9-937e-40a427dd2692,EVT-REAL-2022-00166,24.2363,82.4367,Madhya Pradesh,Singrauli,46f07bef-47cc-468a-b534-a32a2de0667e,Designated Industrial Park / Estate (Way #197202073),2022-02-01,TRAIN,46f07bef-47cc-468a-b534-a32a2de0667e,EASTERN_COAL_BELT,Industrial Fire,REAL,OSM_FACILITY_GROUND_TRUTH,UNVERIFIED,REAL,False,True,19.9,19.9,0.0,326.4,326.4,0.0,383.05767293299436,126302.0,840216.1,4200.0,37122.2,14666.8,0,0.1,6.0,1.0,3.152,0.95
39e20849-73f7-473c-a86e-11b89546c5c9,e0e5ff5b-1bc2-4f72-b491-130f37bc6217,EVT-REAL-2022-00167,25.2348,81.55643,Madhya Pradesh,Singrauli,694808a4-44c2-4c58-96bb-f7ccc3508e6b,Solar Photovoltaic / Solar Thermal Power Generation (Way #754330661),2022-02-01,TRAIN,694808a4-44c2-4c58-96bb-f7ccc3508e6b,EASTERN_COAL_BELT,Industrial Fire,REAL,OSM_FACILITY_GROUND_TRUTH,UNVERIFIED,REAL,False,True,13.77,11.91,2.6248809496813372,355.75,337.59,18.160000000000025,91.73084942667633,151074.4,698303.2,4200.0,170204.1,152836.6,0,0.0333,1.0,1.0,3.425,0.95
c228600e-d805-4c8a-9682-44ec6b3da3aa,e4c98dd0-5b81-439c-ad08-b36e377d3f25,EVT-REAL-2022-00168,21.52559,81.9035,Madhya Pradesh,Singrauli,f95df10a-4863-457d-afd3-423f1f3ac719,Solar Photovoltaic / Solar Thermal Power Generation (Way #1003091517),2022-02-01,TRAIN,f95df10a-4863-457d-afd3-423f1f3ac719,EASTERN_COAL_BELT,Industrial Fire,REAL,OSM_FACILITY_GROUND_TRUTH,UNVERIFIED,REAL,False,True,25.5,25.5,0.0,354.43,354.43,0.0,2192.629210200991,228744.2,1059360.7,4200.0,283830.8,106820.4,0,0.0667,2.0,1.0,8.32,0.95
b4ee41fa-5ffa-4120-858a-c10b61d33169,e089fb74-ae36-4eb3-9316-951b2b887eba,EVT-REAL-2022-00169,27.01175,80.89742,Uttar Pradesh,Sonbhadra,,,2022-02-01,TRAIN,Sonbhadra,GENERAL_INDIAN_TERRITORY,Agricultural Burning,REAL,BHUVAN_AGRICULTURAL_CYCLE,UNVERIFIED,REAL,False,True,8.89,8.89,0.0,329.72,329.72,0.0,11627.806807434059,344706.9,513264.3,4200.0,365428.9,352424.5,0,0.0,0.0,1.0,0.889,0.2
7c93b406-08c9-445c-88dd-d159b328bca6,f161b38a-c9ce-49fe-b255-275de72b093a,EVT-REAL-2022-00170,31.48135,75.96411,Punjab,Sangrur,,,2022-02-01,TRAIN,Sangrur,NORTHERN_AGRICULTURE,Agricultural Burning,REAL,BHUVAN_AGRICULTURAL_CYCLE,UNVERIFIED,REAL,False,True,8.06,8.06,0.0,325.41,325.41,0.0,6863.071280173266,965779.5,0.0,4200.0,1050376.1,1034899.4,4,0.0,0.0,1.0,0.806,0.65
d6d99ce6-acd5-4e40-a89c-0ae1963a7f4b,419ae809-abf7-4726-9629-00b98b8f4d9b,EVT-REAL-2022-00171,12.88854,75.63577,Karnataka,Ballari,,,2022-02-01,TRAIN,Ballari,GENERAL_INDIAN_TERRITORY,Uncertain,UNKNOWN,LOW_CONFIDENCE_HOTSPOT,UNVERIFIED,REAL,False,True,22.15,22.15,0.0,343.99,343.99,0.0,4870.093030775978,1294927.6,1884345.8,4200.0,1438596.7,1271751.8,0,0.0,0.0,1.0,1.0,0.65
14fd145c-2df2-464b-a33d-f880f86020e1,c34114e5-5cce-4c51-8196-9ee69f7b5f84,EVT-REAL-2022-00172,30.68617,76.64705,Punjab,Sangrur,,,2022-02-01,TRAIN,Sangrur,NORTHERN_AGRICULTURE,Agricultural Burning,REAL,BHUVAN_AGRICULTURAL_CYCLE,UNVERIFIED,REAL,False,True,8.36,8.36,0.0,333.72,316.13,17.590000000000032,2592.5361809854094,856802.2,0.0,4200.0,941182.4,925559.0,4,0.0,0.0,0.0,0.836,0.65
43d46481-e4f5-4e5d-a0d9-3fa2bb2cc2b3,aaddb5ce-a6cf-4b1e-be54-f7af227959eb,EVT-REAL-2022-00173,30.35999,74.12611,Punjab,Sangrur,,,2022-02-02,TRAIN,Sangrur,NORTHERN_AGRICULTURE,Uncertain,UNKNOWN,LOW_CONFIDENCE_HOTSPOT,UNVERIFIED,REAL,False,True,11.86,11.86,0.0,355.85,355.85,0.0,6113.125869441421,974285.6,7103.5,4200.0,1096289.2,1077900.1,0,0.0,0.0,1.0,1.0,0.65
24af1f94-ca12-4156-a2d2-771a6bc2f3f6,7390854e-6d46-4d48-b648-9a784ca656e2,EVT-REAL-2022-00174,22.1786,80.6273,Madhya Pradesh,Singrauli,,,2022-02-02,TRAIN,Singrauli,EASTERN_COAL_BELT,Uncertain,UNKNOWN,LOW_CONFIDENCE_HOTSPOT,UNVERIFIED,REAL,False,True,25.4,25.4,0.0,312.4,312.4,0.0,13072.128796998237,147403.9,937088.3,4200.0,296728.7,195575.9,0,0.0,0.0,1.0,1.0,0.2
86ae69cc-07c1-4d3c-a864-86bc81577c58,acdbf40a-cb03-42b6-bf46-78bad65bb33a,EVT-REAL-2022-00175,21.1562,72.7252,Gujarat,Jamnagar,2f912b78-28af-4580-8fe3-ea49dec2056d,OIl & Natural Gas Corporation,2022-02-02,TRAIN,2f912b78-28af-4580-8fe3-ea49dec2056d,WESTERN_PETROCHEMICAL,Gas Flare,WEAKLY_LABELED,FACILITY_THERMAL_BASE,UNVERIFIED,REAL,False,True,29.8,29.8,0.0,309.5,309.5,0.0,785.779990523941,871258.1,979897.6,4200.0,1081122.7,1021039.7,0,1.0,194.0,0.0,8.32,0.95
f00c7f64-e8df-43c4-8bfa-4a72e5dee782,3bab4215-ead1-432c-8a7e-ee04b5ae3d1c,EVT-REAL-2022-00176,12.40584,80.10719,Tamil Nadu,Chennai,,,2022-02-03,TRAIN,Chennai,GENERAL_INDIAN_TERRITORY,Uncertain,UNKNOWN,LOW_CONFIDENCE_HOTSPOT,UNVERIFIED,REAL,False,True,25.19,25.19,0.0,338.59,338.59,0.0,3513.952297210588,1182093.7,1966929.7,4200.0,1309006.7,1124573.2,0,0.0,0.0,1.0,1.0,0.65
2444fff7-b697-48d8-b56d-9bd5f60f76f7,7d81036d-8d79-43b5-b53c-ca707f87ac36,EVT-REAL-2022-00177,22.12738,80.82197,Madhya Pradesh,Singrauli,,,2022-02-04,TRAIN,Singrauli,EASTERN_COAL_BELT,Uncertain,UNKNOWN,LOW_CONFIDENCE_HOTSPOT,UNVERIFIED,REAL,False,True,28.75,28.75,0.0,356.09,356.09,0.0,9754.695504100395,152009.1,950368.0,4200.0,286071.6,176117.7,0,0.0333,4.0,1.0,4.631,0.2
dd21b3e7-3bd5-4d16-bcee-9813e98af6e5,ff491a40-d99b-4484-9bbe-9cc31c8652ad,EVT-REAL-2022-00178,11.5076,76.3985,Tamil Nadu,Chennai,,,2022-02-04,TRAIN,Chennai,GENERAL_INDIAN_TERRITORY,Uncertain,UNKNOWN,LOW_CONFIDENCE_HOTSPOT,UNVERIFIED,REAL,False,True,31.4,31.4,0.0,330.5,330.5,0.0,8200.842678148922,1406826.2,2036718.5,4200.0,1534636.0,1360261.6,0,0.0333,2.0,1.0,4.918,0.2
83be4f3c-69ad-4233-b6f8-ac1e9b8ddab1,b3713c13-146e-481f-acf7-9524e3678c8b,EVT-REAL-2022-00179,22.1417,80.8976,Madhya Pradesh,Singrauli,,,2022-02-04,TRAIN,Singrauli,EASTERN_COAL_BELT,Forest Fire,REAL,FSI_FOREST_CANOPY,UNVERIFIED,REAL,False,True,45.8,45.8,0.0,330.4,330.4,0.0,17705.384336936248,150432.3,952149.6,4200.0,279487.0,168187.0,0,0.0,0.0,1.0,1.0,0.2
63ffc6e6-3fa1-4d9a-9544-aafbca8c3163,0802a599-844b-4827-aa0d-d673ab5d408b,EVT-REAL-2022-00180,22.1401,80.884,Madhya Pradesh,Singrauli,,,2022-02-04,TRAIN,Singrauli,EASTERN_COAL_BELT,Forest Fire,REAL,FSI_FOREST_CANOPY,UNVERIFIED,REAL,False,True,45.6,45.6,0.0,330.4,330.4,0.0,16298.46208435356,150608.2,951726.7,4200.0,280588.3,169600.9,0,0.0333,4.0,1.0,5.531,0.2
531faf34-72d6-490f-b43c-22b6e36cf1ee,92f1c16e-1c55-4a5a-b995-6c7e32dfc667,EVT-REAL-2022-00181,18.9822,82.609,Chhattisgarh,Korba,,,2022-02-05,TRAIN,Korba,EASTERN_COAL_BELT,Uncertain,UNKNOWN,LOW_CONFIDENCE_HOTSPOT,UNVERIFIED,REAL,False,True,30.2,30.2,0.0,312.1,312.1,0.0,11045.484803289239,452493.6,1344507.6,4200.0,550408.7,367324.5,0,0.0,0.0,1.0,1.0,0.2
2f563c6f-5e08-4b18-aca5-521c2ea4322c,1ebc5bbb-e72f-4d31-9bb9-49128f2eb07a,EVT-REAL-2022-00182,20.79503,85.25449,Odisha,Angul,1cb9e294-57e0-4c2c-846a-0754f72f9e25,Tata Steel Meramandali,2022-02-05,TRAIN,1cb9e294-57e0-4c2c-846a-0754f72f9e25,EASTERN_COAL_BELT,Gas Flare,WEAKLY_LABELED,FACILITY_THERMAL_BASE,UNVERIFIED,REAL,False,True,25.2,25.2,0.0,345.65,345.65,0.0,1222.3724877924897,110472.3,1318667.3,4200.0,413852.4,314451.5,0,1.0,667.0,1.0,8.174,0.95
fc637cc2-31f8-49e8-beed-d5ccc9a24dd0,b069f56a-8b84-42cd-9724-11ad506dc23d,EVT-REAL-2022-00183,19.911,81.9658,Chhattisgarh,Korba,,,2022-02-06,TRAIN,Korba,EASTERN_COAL_BELT,Forest Fire,REAL,FSI_FOREST_CANOPY,UNVERIFIED,REAL,False,True,21.2,21.2,0.0,329.7,329.7,0.0,36676.174174350745,404237.8,1222935.3,4200.0,455460.2,270699.9,0,0.0,0.0,1.0,1.0,0.2
b67fa0e7-9dc3-4499-9b3a-f68c99f561a0,53efb7f8-212c-40a5-9b0e-f6cd51e5b23e,EVT-REAL-2022-00184,30.15334,76.97388,Haryana,Karnal,,,2022-02-06,TRAIN,Karnal,NORTHERN_AGRICULTURE,Uncertain,UNKNOWN,LOW_CONFIDENCE_HOTSPOT,UNVERIFIED,REAL,False,True,8.52,8.52,0.0,342.32,342.32,0.0,7728.436311968342,789932.5,16751.2,4200.0,876309.7,860405.5,0,0.0,0.0,1.0,0.852,0.65
cf25349b-232a-47e3-a141-8f6bfd8cb94c,b2ab7a3c-97b7-4482-ab69-00696b7ac869,EVT-REAL-2022-00185,25.3176,79.399,Madhya Pradesh,Singrauli,df5b1cea-d63d-4cd2-97cf-881957cbd45a,Solar Photovoltaic / Solar Thermal Power Generation (Way #980621966),2022-02-07,TRAIN,df5b1cea-d63d-4cd2-97cf-881957cbd45a,EASTERN_COAL_BELT,Industrial Fire,WEAKLY_LABELED,FACILITY_ANOMALOUS_THERMAL,UNVERIFIED,REAL,False,True,19.3,19.3,0.0,320.8,320.8,0.0,703.8107171784293,211620.5,568866.6,4200.0,365579.2,343912.9,0,0.0,0.0,1.0,1.0,0.95
3b914d9f-161a-4b97-98f1-c21f81bc4bf2,87281955-691c-403f-85f2-20e5936d43f5,EVT-REAL-2022-00186,25.3537,81.9895,Madhya Pradesh,Singrauli,,,2022-02-07,TRAIN,Singrauli,EASTERN_COAL_BELT,Uncertain,UNKNOWN,LOW_CONFIDENCE_HOTSPOT,UNVERIFIED,REAL,False,True,12.4,12.4,0.0,309.1,309.1,0.0,7569.58573745461,177578.9,718236.1,4200.0,151821.5,139053.1,0,0.0,0.0,1.0,1.0,0.65
58cb3360-bc08-4fd3-b72c-dbaae6a5dc20,33b0f47a-a0cf-419c-845f-5548abaf216a,EVT-REAL-2022-00187,23.69868,86.07812,Jharkhand,Dhanbad,14185ecd-3c2c-4670-8640-cc2a25168436,Industrial Manufacturing (cooling) (Way #669690364),2022-02-08,TRAIN,14185ecd-3c2c-4670-8640-cc2a25168436,EASTERN_COAL_BELT,Uncertain,UNKNOWN,LOW_CONFIDENCE_HOTSPOT,UNVERIFIED,REAL,False,True,16.24,16.24,0.0,338.15,338.15,0.0,1586.9057169990244,182592.4,1149493.4,4200.0,304707.0,345093.9,0,1.0,279.0,1.0,7.0,0.95
381e20e2-87f5-4d05-944a-7a780049abf3,83ae736b-177c-47fd-8c09-298775f130bc,EVT-REAL-2022-00188,13.3813,79.6604,Andhra Pradesh,East Godavari,,,2022-02-08,TRAIN,East Godavari,GENERAL_INDIAN_TERRITORY,Uncertain,UNKNOWN,LOW_CONFIDENCE_HOTSPOT,UNVERIFIED,REAL,False,True,38.2,38.2,0.0,327.1,327.1,0.0,9905.993098810524,1120189.4,1852704.0,4200.0,1215671.1,1032497.8,0,0.0,0.0,1.0,1.0,0.2
5f8271a4-eee9-453c-bcad-497f11739e73,b1ef49c9-f709-48eb-8879-c280cd668178,EVT-REAL-2022-00189,13.379,79.6466,Andhra Pradesh,East Godavari,,,2022-02-08,TRAIN,East Godavari,GENERAL_INDIAN_TERRITORY,Uncertain,UNKNOWN,LOW_CONFIDENCE_HOTSPOT,UNVERIFIED,REAL,False,True,28.3,28.3,0.0,322.9,322.9,0.0,8845.375127062034,1121287.5,1852730.1,4200.0,1216312.4,1033170.8,0,0.0,0.0,1.0,1.0,0.2
09c0bac0-f4e0-4a5c-a83d-d310869cbdbd,4a6b6109-fbf6-44d7-b53c-7aa782184e61,EVT-REAL-2022-00190,23.8024,86.3237,Jharkhand,Dhanbad,,,2022-02-08,TRAIN,Dhanbad,EASTERN_COAL_BELT,Uncertain,UNKNOWN,LOW_CONFIDENCE_HOTSPOT,UNVERIFIED,REAL,False,True,15.8,15.8,0.0,320.2,320.2,0.0,2975.2325392475145,194041.5,1162085.1,4200.0,328729.7,368465.0,0,1.0,437.0,1.0,7.054,0.65
a7ad005e-5b8f-4ca9-a19d-c530d3e17c00,13ab7e77-58b1-483d-820f-f58314e58982,EVT-REAL-2022-00191,21.10614,72.63971,Gujarat,Jamnagar,e9c4bee7-eae3-4bd8-a08a-39d2cf310cbd,ArcelorMittal Nippon Steel India,2022-02-08,TRAIN,e9c4bee7-eae3-4bd8-a08a-39d2cf310cbd,WESTERN_PETROCHEMICAL,Gas Flare,WEAKLY_LABELED,FACILITY_THERMAL_BASE,UNVERIFIED,REAL,False,True,27.67,27.3,0.36055512754639896,344.42,343.46,0.9600000000000364,587.8058286139826,881456.4,986706.6,4200.0,1091307.2,1030681.7,0,1.0,687.0,1.0,5.535,0.95
2ac40b82-bbf6-4a1f-a975-a545bf19ebb6,b544da09-6057-420e-952f-43edfd70f6f2,EVT-REAL-2022-00192,22.12921,80.907,Madhya Pradesh,Singrauli,,,2022-02-08,TRAIN,Singrauli,EASTERN_COAL_BELT,Forest Fire,REAL,FSI_FOREST_CANOPY,UNVERIFIED,REAL,False,True,21.95,21.95,0.0,342.0,342.0,0.0,18432.589877918577,151816.2,953811.0,4200.0,279817.0,167381.1,0,0.0667,6.0,1.0,1.654,0.2
749d4c45-f1b3-4644-9c7d-982146ab6c05,50f58f20-3e6f-4934-be4b-893aa7200a4d,EVT-REAL-2022-00193,22.06092,71.97196,Gujarat,Jamnagar,,,2022-02-08,TRAIN,Jamnagar,WESTERN_PETROCHEMICAL,Other Thermal Source,REAL,BACKGROUND_THERMAL_SOURCE,UNVERIFIED,REAL,False,True,50.58,50.58,0.0,367.0,351.22,15.779999999999973,6077.33249463294,920263.0,896605.8,4200.0,1129290.0,1087869.8,0,0.0333,1.0,1.0,9.384,0.65
79b256bd-1fdb-4c1e-9978-d20f11c459e4,9dd5a26c-6fbe-4e26-bb92-7732e294868d,EVT-REAL-2022-00194,22.06199,71.96788,Gujarat,Jamnagar,,,2022-02-08,TRAIN,Jamnagar,WESTERN_PETROCHEMICAL,Uncertain,UNKNOWN,LOW_CONFIDENCE_HOTSPOT,UNVERIFIED,REAL,False,True,50.58,50.58,0.0,342.67,342.67,0.0,5943.530453981543,920651.5,896592.3,4200.0,1129674.6,1088281.7,0,0.0667,2.0,1.0,11.535,0.65
fa89cd6e-8884-420f-8ef1-c107f7d2f0ea,a7f70dfe-1be5-4384-85fd-68601291f878,EVT-REAL-2022-00195,31.13346,75.98461,Punjab,Sangrur,0c25ffdf-ebde-4b12-a03d-0a600a14c5f4,Clay Building Materials (Brickyard / Brickworks / Kiln) (Way #1458560897),2022-02-08,TRAIN,0c25ffdf-ebde-4b12-a03d-0a600a14c5f4,NORTHERN_AGRICULTURE,Agricultural Burning,REAL,BHUVAN_AGRICULTURAL_CYCLE,UNVERIFIED,REAL,False,True,18.41,18.41,0.0,331.4,331.4,0.0,324.9294182546582,931803.0,0.0,4200.0,1020473.3,1004615.8,4,0.0,0.0,1.0,1.0,0.95
62fab778-fb8b-455e-b820-dda4f97eafac,e93dc712-cd55-41cb-bf0e-b5b649241661,EVT-REAL-2022-00196,31.46331,75.56642,Punjab,Sangrur,,,2022-02-08,TRAIN,Sangrur,NORTHERN_AGRICULTURE,Agricultural Burning,REAL,BHUVAN_AGRICULTURAL_CYCLE,UNVERIFIED,REAL,False,True,14.76,14.76,0.0,342.52,342.52,0.0,5829.233995387069,984007.2,0.0,4200.0,1074377.1,1058449.9,4,0.0333,1.0,1.0,2.292,0.65
e33c502c-0196-46d3-9dfc-a62dd7878777,cc9a5815-0a29-4118-a67f-98fe3b68b8af,EVT-REAL-2022-00197,21.70195,72.60525,Gujarat,Jamnagar,c68b4e5d-8d82-4e98-ac5d-182a73e69fce,Industrial Works (works) (Way #909780543),2022-02-08,TRAIN,c68b4e5d-8d82-4e98-ac5d-182a73e69fce,WESTERN_PETROCHEMICAL,Gas Flare,WEAKLY_LABELED,FACILITY_THERMAL_BASE,UNVERIFIED,REAL,False,True,59.4,55.0,4.4,308.0,305.9,2.1000000000000227,155.95585698934548,865647.9,922163.6,4200.0,1075427.7,1025764.6,1,1.0,111.0,0.0,5.363,0.95
b8115941-21cf-4366-80aa-a509b52eed1e,82632f56-1912-4923-8df6-bd74c79044af,EVT-REAL-2022-00198,21.6916,72.6365,Gujarat,Jamnagar,85352a56-d22d-4543-802e-9135d878f0f6,Industrial Works (works) (Way #910269988),2022-02-08,TRAIN,85352a56-d22d-4543-802e-9135d878f0f6,WESTERN_PETROCHEMICAL,Industrial Fire,WEAKLY_LABELED,FACILITY_ANOMALOUS_THERMAL,UNVERIFIED,REAL,False,True,55.7,55.7,0.0,304.9,304.9,0.0,683.2382458034491,862817.8,922757.2,4200.0,1072613.5,1022657.8,1,0.0,0.0,0.0,1.0,0.95
28ea66f8-b070-44a2-aa5e-85ccdc2ee95f,09325852-5e5b-437b-8564-a954be9a5aa8,EVT-REAL-2022-00199,13.5193,79.9712,Andhra Pradesh,East Godavari,e04b2bf8-6425-4651-bf0a-c0d9ba2bbad6,Solar Photovoltaic / Solar Thermal Power Generation (Way #1002429763),2022-02-09,TRAIN,e04b2bf8-6425-4651-bf0a-c0d9ba2bbad6,GENERAL_INDIAN_TERRITORY,Industrial Fire,WEAKLY_LABELED,FACILITY_ANOMALOUS_THERMAL,UNVERIFIED,REAL,False,True,32.6,32.6,0.0,332.3,332.3,0.0,459.6370447996256,1087962.0,1843011.1,4200.0,1192366.0,1008591.1,0,0.0,0.0,1.0,1.0,0.95
2536fee1-b6e4-4200-af9f-a105f4c5b69e,e929d2f3-0e27-48c7-8052-d2ae895d3585,EVT-REAL-2022-00200,23.3439,70.0843,Gujarat,Jamnagar,39fc0731-6117-4128-af57-95f46638ea54,Adani,2022-02-09,TRAIN,39fc0731-6117-4128-af57-95f46638ea54,WESTERN_PETROCHEMICAL,Industrial Fire,REAL,OSM_FACILITY_GROUND_TRUTH,UNVERIFIED,REAL,False,True,36.2,36.2,0.0,340.6,340.6,0.0,1927.312251625147,1094783.2,833854.8,4200.0,1298646.7,1276550.6,0,0.0333,1.0,1.0,3.204,0.95
e6f861fc-4d4c-4e43-87a9-2e745e0c3989,aea30c85-6508-4578-9b38-545180d8edab,EVT-REAL-2022-00201,23.3498,70.062,Gujarat,Jamnagar,01b860c6-dbb7-4387-ae2e-de2b9550f7d8,Unity Power,2022-02-09,TRAIN,01b860c6-dbb7-4387-ae2e-de2b9550f7d8,WESTERN_PETROCHEMICAL,Industrial Fire,REAL,OSM_FACILITY_GROUND_TRUTH,UNVERIFIED,REAL,False,True,35.0,35.0,0.0,340.6,340.6,0.0,1254.860799073585,1097008.2,834373.0,4200.0,1300854.1,1278744.7,0,0.0667,2.0,1.0,3.07,0.95
b6561b4a-8b6a-465d-a37a-9f863f2f0990,8916fb6f-e892-41d9-9331-b4b384e9cdac,EVT-REAL-2022-00202,21.4944,70.99895,Gujarat,Jamnagar,1ff26a46-f9b7-45ab-ac77-cfea85bb3c32,Solar Photovoltaic / Solar Thermal Power Generation (Relation #17373529),2022-02-10,TRAIN,1ff26a46-f9b7-45ab-ac77-cfea85bb3c32,WESTERN_PETROCHEMICAL,Industrial Fire,WEAKLY_LABELED,FACILITY_ANOMALOUS_THERMAL,UNVERIFIED,REAL,False,True,66.0,47.55,18.4499322491981,349.6,340.95,8.650000000000034,380.3142279694887,1032424.5,984920.6,4200.0,1242008.0,1193587.4,0,0.0,0.0,1.0,1.388,0.95
8d454994-dcb6-4cc9-94a6-df46b0f95351,8617cadb-4ddc-4d0d-9eef-45deb1fc1dd8,EVT-REAL-2022-00203,31.3057,75.3295,Punjab,Sangrur,cfb0c832-8315-45e6-a472-546501b0c592,Designated Industrial Park / Estate (Way #945259421),2022-02-10,TRAIN,cfb0c832-8315-45e6-a472-546501b0c592,NORTHERN_AGRICULTURE,Agricultural Burning,REAL,BHUVAN_AGRICULTURAL_CYCLE,UNVERIFIED,REAL,False,True,15.3,15.3,0.0,303.3,303.3,0.0,616.8891774127003,982008.2,0.0,4200.0,1077500.5,1061156.5,4,0.0,0.0,1.0,1.0,0.95
e022ef2d-83c1-4936-9f5c-3f4d2fff5ab0,835b4cfb-e05a-4ff6-a659-500e9ae0ba14,EVT-REAL-2022-00204,31.6373,75.6827,Punjab,Sangrur,,,2022-02-10,TRAIN,Sangrur,NORTHERN_AGRICULTURE,Agricultural Burning,REAL,BHUVAN_AGRICULTURAL_CYCLE,UNVERIFIED,REAL,False,True,18.6,15.25,3.3496268448888453,306.0,304.3,1.6999999999999886,4519.071828354057,994416.8,0.0,4200.0,1081074.5,1065464.8,4,0.0,0.0,1.0,1.22,0.65
b2b0a3af-b5ae-4f94-952a-b3996d90c4c1,5a0f4703-cbd3-4289-a616-2e1b0399a8b7,EVT-REAL-2022-00205,31.34938,76.79967,Punjab,Sangrur,,,2022-02-10,TRAIN,Sangrur,NORTHERN_AGRICULTURE,Agricultural Burning,REAL,BHUVAN_AGRICULTURAL_CYCLE,UNVERIFIED,REAL,False,True,10.4,10.4,0.0,344.43,344.43,0.0,3941.778891609591,914837.5,0.0,4200.0,988218.9,973604.8,4,0.0,0.0,1.0,1.0,0.65
239733e4-6fe5-4051-aa6f-650157c8a02b,e1d1814a-3a46-4f9a-80ba-1c7b1411f7d0,EVT-REAL-2022-00206,31.5811,75.61292,Punjab,Sangrur,,,2022-02-10,TRAIN,Sangrur,NORTHERN_AGRICULTURE,Agricultural Burning,REAL,BHUVAN_AGRICULTURAL_CYCLE,UNVERIFIED,REAL,False,True,9.81,9.81,0.0,331.97,331.97,0.0,2955.6635769528693,992636.8,0.0,4200.0,1080929.8,1065183.3,4,0.0,0.0,1.0,0.981,0.65
6dff7771-3416-40c5-9965-d3bc0d686fcd,32b81402-5b07-45ab-a08d-f3ea389d6bb8,EVT-REAL-2022-00207,31.70734,75.74479,Punjab,Sangrur,,,2022-02-10,TRAIN,Sangrur,NORTHERN_AGRICULTURE,Agricultural Burning,REAL,BHUVAN_AGRICULTURAL_CYCLE,UNVERIFIED,REAL,False,True,13.06,13.06,0.0,344.72,344.72,0.0,7101.018428951812,997974.2,0.0,4200.0,1082935.1,1067470.4,4,0.0,0.0,1.0,1.0,0.65
a27b49a6-ca8a-4238-98b6-33d52feada50,031e30aa-2745-42b7-9b91-bfafcc9a3807,EVT-REAL-2022-00208,31.14214,76.56267,Punjab,Sangrur,,,2022-02-10,TRAIN,Sangrur,NORTHERN_AGRICULTURE,Agricultural Burning,REAL,BHUVAN_AGRICULTURAL_CYCLE,UNVERIFIED,REAL,False,True,14.62,11.77,2.8548204847240397,347.21,344.01,3.1999999999999886,7095.264526900327,904898.5,0.0,4200.0,984664.0,969498.5,4,0.0,0.0,1.0,1.242,0.65
845acc25-58bc-49d3-b3ab-13a24096fe9c,a7094f9e-f24a-4170-bda9-8ec2b85e4111,EVT-REAL-2022-00209,31.22531,75.86288,Punjab,Sangrur,,,2022-02-10,TRAIN,Sangrur,NORTHERN_AGRICULTURE,Agricultural Burning,REAL,BHUVAN_AGRICULTURAL_CYCLE,UNVERIFIED,REAL,False,True,8.25,8.25,0.0,339.09,339.09,0.0,4928.671356606001,946588.6,0.0,4200.0,1035832.4,1019948.5,4,0.0,0.0,1.0,0.825,0.65
7608ecf4-9120-46cb-abf0-e15d6a07908f,52272c70-8d04-4636-9d5e-9588088694cb,EVT-REAL-2022-00210,31.69678,75.63109,Punjab,Sangrur,,,2022-02-10,TRAIN,Sangrur,NORTHERN_AGRICULTURE,Agricultural Burning,REAL,BHUVAN_AGRICULTURAL_CYCLE,UNVERIFIED,REAL,False,True,15.13,15.13,0.0,340.65,340.65,0.0,3649.8934021069053,1002600.3,0.0,4200.0,1089249.4,1073650.8,4,0.0,0.0,1.0,1.0,0.65
a47e64eb-68d5-4987-8f7a-315b6e0ebde7,5945b0cc-bcfd-4869-8775-9be7bda1e55e,EVT-REAL-2022-00211,31.88748,75.64529,Punjab,Sangrur,410cf305-08e2-44d3-b100-e7f8c89911fb,Mukerian Hydel Project IV,2022-02-10,TRAIN,410cf305-08e2-44d3-b100-e7f8c89911fb,NORTHERN_AGRICULTURE,Industrial Fire,REAL,OSM_FACILITY_GROUND_TRUTH,UNVERIFIED,REAL,False,True,8.58,8.58,0.0,341.2,341.2,0.0,1905.1715009032505,1019944.4,8976.8,4200.0,1104146.9,1088772.7,0,0.0333,1.0,1.0,3.9,0.95
ea1ac376-a114-4385-89c6-6cbbab629d22,42f9acd3-179f-4250-88ce-e5d515c4cd22,EVT-REAL-2022-00212,31.85162,75.10138,Punjab,Sangrur,,,2022-02-10,TRAIN,Sangrur,NORTHERN_AGRICULTURE,Uncertain,UNKNOWN,LOW_CONFIDENCE_HOTSPOT,UNVERIFIED,REAL,False,True,8.75,8.75,0.0,338.51,338.51,0.0,2747.1260403586175,1044228.0,5060.2,4200.0,1135967.2,1119998.7,0,0.0,0.0,1.0,0.875,0.65
a2896e7f-5967-439e-bdb0-8f9d8122b669,7ea95389-d30a-46ce-ae51-d27e070bcfde,EVT-REAL-2022-00213,30.63727,76.22139,Punjab,Sangrur,18ccb76c-fd2f-4a2d-b46a-f47e8eda4225,Designated Industrial Park / Estate (Way #632592995),2022-02-10,TRAIN,18ccb76c-fd2f-4a2d-b46a-f47e8eda4225,NORTHERN_AGRICULTURE,Agricultural Burning,REAL,BHUVAN_AGRICULTURAL_CYCLE,UNVERIFIED,REAL,False,True,11.07,11.07,0.0,338.01,338.01,0.0,575.4076241717834,873168.4,0.0,4200.0,964936.3,948743.9,4,0.0,0.0,1.0,1.0,0.95
4fa0e833-221f-498f-9002-069fc1741731,1b1667e8-0833-4c6e-9183-0c363110d719,EVT-REAL-2022-00214,31.8554,76.95869,National / Other,,,,2022-02-11,TRAIN,National / Other,GENERAL_INDIAN_TERRITORY,Uncertain,UNKNOWN,LOW_CONFIDENCE_HOTSPOT,UNVERIFIED,REAL,False,True,8.93,8.93,0.0,337.85,337.85,0.0,3300.5557817133677,959102.3,16230.5,4200.0,1024073.2,1010252.5,0,0.0,0.0,1.0,0.893,0.65
6fcdec4c-66cf-4a80-bb59-ef0b04898404,d9110cb1-759c-491a-8bb4-4ac839ebbf15,EVT-REAL-2022-00215,26.0445,80.94641,Madhya Pradesh,Singrauli,,,2022-02-11,TRAIN,Singrauli,EASTERN_COAL_BELT,Uncertain,UNKNOWN,LOW_CONFIDENCE_HOTSPOT,UNVERIFIED,REAL,False,True,9.41,9.41,0.0,339.01,339.01,0.0,14361.149972114179,237535.8,590633.5,4200.0,276924.7,260732.0,0,0.0,0.0,1.0,0.941,0.2
668f4528-82bc-4e9a-ae2b-af9b986251db,00740d1b-1d56-4ae3-a3e6-1e4bebc79e6e,EVT-REAL-2022-00216,26.80633,80.2965,Madhya Pradesh,Singrauli,,,2022-02-11,TRAIN,Singrauli,EASTERN_COAL_BELT,Uncertain,UNKNOWN,LOW_CONFIDENCE_HOTSPOT,UNVERIFIED,REAL,False,True,12.51,10.88,1.6340134638368191,355.4,349.01,6.389999999999986,12527.484085444283,325921.7,484765.1,4200.0,383005.0,367109.4,0,0.0,0.0,1.0,1.15,0.2
f81de94d-a594-4f3f-a97e-5fac55b1a3e8,11977341-63bc-4e92-af0c-a3a0c067c4d0,EVT-REAL-2022-00217,27.43166,80.39186,Uttar Pradesh,Sonbhadra,,,2022-02-11,TRAIN,Sonbhadra,GENERAL_INDIAN_TERRITORY,Uncertain,UNKNOWN,LOW_CONFIDENCE_HOTSPOT,UNVERIFIED,REAL,False,True,12.66,12.66,0.0,339.59,339.59,0.0,4090.4613761543046,393387.2,445049.8,4200.0,431809.7,417981.4,0,0.0,0.0,1.0,1.0,0.65
c994ab08-6366-49a7-a633-6e7caa7cfa21,b48e5999-0578-4f77-9a6d-9e57a1042f0a,EVT-REAL-2022-00218,27.43115,80.38699,Uttar Pradesh,Sonbhadra,,,2022-02-11,TRAIN,Sonbhadra,GENERAL_INDIAN_TERRITORY,Uncertain,UNKNOWN,LOW_CONFIDENCE_HOTSPOT,UNVERIFIED,REAL,False,True,12.66,12.66,0.0,327.74,327.74,0.0,4457.457651459078,393382.2,444709.9,4200.0,432036.4,418190.0,0,0.0,0.0,1.0,1.0,0.65
599bc6e2-5fbd-4fb6-b2f8-d2e620dc0244,8e4f1132-ad4b-447d-a985-b1cd21e3d7ff,EVT-REAL-2022-00219,31.36474,76.36731,Punjab,Sangrur,e485d1c3-b29d-400a-ac39-29dfaad715d7,National Fertilizers Limited,2022-02-11,TRAIN,e485d1c3-b29d-400a-ac39-29dfaad715d7,NORTHERN_AGRICULTURE,Agricultural Burning,REAL,BHUVAN_AGRICULTURAL_CYCLE,UNVERIFIED,REAL,False,True,27.4,19.61,7.794870107962031,336.54,330.47,6.069999999999993,1017.4827051452297,935486.5,0.0,4200.0,1015527.0,1000385.6,4,0.0,0.0,1.0,1.397,0.95
89abc7aa-1e11-42b4-b6b0-499ae0dcbfa9,a9b3aa4f-95ec-4ec8-ae5a-5f4a753efc1f,EVT-REAL-2022-00220,18.0339,82.2841,Chhattisgarh,Korba,,,2022-02-11,TRAIN,Korba,EASTERN_COAL_BELT,Forest Fire,REAL,FSI_FOREST_CANOPY,UNVERIFIED,REAL,False,True,29.0,29.0,0.0,318.6,318.6,0.0,28002.380554253526,546634.0,1427269.1,4200.0,657206.7,472929.1,0,0.0333,1.0,1.0,4.045,0.2
1bf58457-52cd-465f-bc16-13f969d5d228,43914df1-4ed1-4003-915e-75fcacf5a591,EVT-REAL-2022-00221,18.023,82.2796,Chhattisgarh,Korba,,,2022-02-11,TRAIN,Korba,EASTERN_COAL_BELT,Forest Fire,REAL,FSI_FOREST_CANOPY,UNVERIFIED,REAL,False,True,37.9,37.9,0.0,321.7,321.7,0.0,27570.019752258857,547811.3,1428210.4,4200.0,658447.5,474158.6,0,0.1667,5.0,1.0,10.563,0.2
916b62f9-048f-4ba9-a57f-eaab3788e617,ad8ba30d-9151-4ea1-91d8-9c0114369a10,EVT-REAL-2022-00222,31.411,76.2598,Punjab,Sangrur,a018b922-8024-4b8e-993c-5d453c217647,Clay Building Materials (Brickyard / Brickworks / Kiln) (Way #1466832086),2022-02-11,TRAIN,a018b922-8024-4b8e-993c-5d453c217647,NORTHERN_AGRICULTURE,Agricultural Burning,REAL,BHUVAN_AGRICULTURAL_CYCLE,UNVERIFIED,REAL,False,True,8.0,8.0,0.0,307.8,307.8,0.0,1335.630376735213,944947.5,0.0,4200.0,1026053.7,1010837.4,4,0.0,0.0,1.0,0.8,0.95
241312c2-8864-4643-acad-b4fae82e72ee,848fec34-bd6a-4cea-b563-7f808b32bfc6,EVT-REAL-2022-00223,26.28663,81.81806,Madhya Pradesh,Singrauli,,,2022-02-12,TRAIN,Singrauli,EASTERN_COAL_BELT,Uncertain,UNKNOWN,LOW_CONFIDENCE_HOTSPOT,UNVERIFIED,REAL,False,True,9.08,8.93,0.1414213562373095,347.45,344.87,2.579999999999984,7954.308855886754,270514.7,635116.7,4200.0,251427.3,241458.0,0,0.0,0.0,1.0,0.908,0.65
77f57dce-a7a8-4225-a7d0-e9e1146d7128,4c33ef9b-c932-4ca8-9809-a089929ff815,EVT-REAL-2022-00224,31.25658,75.73166,Punjab,Sangrur,8dde14fe-1a4f-48c9-a07c-fba847c9eb3c,Clay Building Materials (Brickyard / Brickworks / Kiln) (Way #646987804),2022-02-12,TRAIN,8dde14fe-1a4f-48c9-a07c-fba847c9eb3c,NORTHERN_AGRICULTURE,Agricultural Burning,REAL,BHUVAN_AGRICULTURAL_CYCLE,UNVERIFIED,REAL,False,True,11.22,11.22,0.0,367.0,367.0,0.0,1677.246460275295,956223.5,0.0,4200.0,1046916.5,1030927.7,4,0.0,0.0,1.0,1.0,0.95
2a1ad156-3c69-4233-976b-160be6c35462,e08a9892-a333-497d-b897-b3ab7837c647,EVT-REAL-2022-00225,25.35599,81.95204,Madhya Pradesh,Singrauli,,,2022-02-12,TRAIN,Singrauli,EASTERN_COAL_BELT,Other Thermal Source,REAL,BACKGROUND_THERMAL_SOURCE,UNVERIFIED,REAL,False,True,16.6,14.38,2.224859546128699,332.46,322.08,10.379999999999995,4056.3009823144325,176245.2,715425.3,4200.0,154110.0,140947.4,0,0.1,3.0,1.0,7.523,0.65
1ea5b693-0c4f-4d86-9f1c-f8c9dc7d3704,b3a2237d-ffb5-4dcc-9739-f3f7e86c5f61,EVT-REAL-2022-00226,25.35898,81.94823,Madhya Pradesh,Singrauli,,,2022-02-12,TRAIN,Singrauli,EASTERN_COAL_BELT,Uncertain,UNKNOWN,LOW_CONFIDENCE_HOTSPOT,UNVERIFIED,REAL,False,True,12.15,12.15,0.0,333.16,333.16,0.0,3883.882235984926,176393.0,714920.5,4200.0,154599.1,141416.5,0,0.1,3.0,1.0,5.506,0.65
27618d71-9c5f-428f-add2-e442e45518bd,c0f3733e-5f4f-425a-a608-d2ce555750c3,EVT-REAL-2022-00227,26.48007,80.70685,Madhya Pradesh,Singrauli,,,2022-02-12,TRAIN,Singrauli,EASTERN_COAL_BELT,Forest Fire,REAL,FSI_FOREST_CANOPY,UNVERIFIED,REAL,False,True,16.06,16.06,0.0,342.41,342.41,0.0,20186.283461708434,285963.6,539172.6,4200.0,328921.1,313413.9,0,0.0,0.0,1.0,1.0,0.2
8f37087a-17d2-4d65-8a78-719692b5c36e,110887c8-0670-49f9-aa0e-da68af55910e,EVT-REAL-2022-00228,27.60011,80.18731,Uttar Pradesh,Sonbhadra,,,2022-02-12,TRAIN,Sonbhadra,GENERAL_INDIAN_TERRITORY,Uncertain,UNKNOWN,LOW_CONFIDENCE_HOTSPOT,UNVERIFIED,REAL,False,True,10.63,10.63,0.0,343.71,343.71,0.0,3311.2567925658195,414495.2,417610.6,4200.0,458687.6,444601.8,0,0.0,0.0,1.0,1.0,0.65
9d80520c-1fff-481e-8b98-417fe418883d,5c5f7652-927e-4510-81dd-47eb581f925f,EVT-REAL-2022-00229,27.87745,79.99238,Uttar Pradesh,Sonbhadra,,,2022-02-12,TRAIN,Sonbhadra,GENERAL_INDIAN_TERRITORY,Uncertain,UNKNOWN,LOW_CONFIDENCE_HOTSPOT,UNVERIFIED,REAL,False,True,12.01,12.01,0.0,329.82,329.82,0.0,3613.1876850175827,448013.8,383656.7,4200.0,494876.7,480843.0,0,0.0,0.0,1.0,1.0,0.65
b607bb91-e471-4a16-b81b-1e66b00d716d,b6e35be3-0f9f-48ae-a798-4813e9a9e642,EVT-REAL-2022-00230,31.01456,76.19807,Punjab,Sangrur,,,2022-02-12,TRAIN,Sangrur,NORTHERN_AGRICULTURE,Agricultural Burning,REAL,BHUVAN_AGRICULTURAL_CYCLE,UNVERIFIED,REAL,False,True,9.6,9.6,0.0,333.55,333.55,0.0,6057.454011718323,909926.9,0.0,4200.0,996980.9,981223.6,4,0.0,0.0,1.0,0.96,0.65
b35fea20-fa1f-4163-8179-5b5fcc7dee14,fbd3cde0-8929-4f58-bbed-b3b92a1cdcf0,EVT-REAL-2022-00231,31.44117,75.18877,Punjab,Sangrur,6155a580-4f4b-482b-8084-61ec11335d5f,Clay Building Materials (Brickyard / Brickworks / Kiln) (Way #498373867),2022-02-12,TRAIN,6155a580-4f4b-482b-8084-61ec11335d5f,NORTHERN_AGRICULTURE,Agricultural Burning,REAL,BHUVAN_AGRICULTURAL_CYCLE,UNVERIFIED,REAL,False,True,9.83,9.83,0.0,354.8,349.71,5.090000000000032,2415.7666568142427,1001981.1,0.0,4200.0,1097590.1,1081260.0,4,0.0333,1.0,1.0,1.658,0.95
d5aa5e50-7cc2-448a-9379-71a86345f567,dfbd4708-3141-4e58-9001-2417cbec3bc3,EVT-REAL-2022-00232,31.94621,74.85057,Punjab,Sangrur,,,2022-02-12,TRAIN,Sangrur,NORTHERN_AGRICULTURE,Uncertain,UNKNOWN,LOW_CONFIDENCE_HOTSPOT,UNVERIFIED,REAL,False,True,13.31,13.31,0.0,341.06,341.06,0.0,6387.255794383915,1066263.9,15662.5,4200.0,1159984.3,1143877.6,0,0.0333,2.0,1.0,2.887,0.65
907cdfdc-f400-49dd-9271-7d7607f35942,c1a6f5d6-fc6f-4d2b-917d-c27d3f1ee132,EVT-REAL-2022-00233,12.86345,76.74747,Andhra Pradesh,East Godavari,,,2022-02-12,TRAIN,East Godavari,GENERAL_INDIAN_TERRITORY,Uncertain,UNKNOWN,LOW_CONFIDENCE_HOTSPOT,UNVERIFIED,REAL,False,True,30.16,30.16,0.0,344.31,344.31,0.0,11365.783771080005,1252663.6,1886431.7,4200.0,1383156.9,1210435.5,0,0.0667,9.0,1.0,4.876,0.2
92c05a3f-02b7-43f4-a303-b77291a91a9e,144ae5db-2ab0-41ec-84d7-59ff9ca7da7c,EVT-REAL-2022-00234,31.51952,75.62488,Punjab,Sangrur,ad9a7875-2b02-4c3e-ba4c-b3538e1c049d,Designated Industrial Park / Estate (Way #640317821),2022-02-12,TRAIN,ad9a7875-2b02-4c3e-ba4c-b3538e1c049d,NORTHERN_AGRICULTURE,Agricultural Burning,REAL,BHUVAN_AGRICULTURAL_CYCLE,UNVERIFIED,REAL,False,True,9.62,9.62,0.0,367.0,367.0,0.0,2489.004813647884,986259.5,0.0,4200.0,1075142.0,1059339.2,4,0.0,0.0,1.0,0.962,0.95
4931bc3d-f850-40e4-b81d-8c06c47a926e,6a50b60a-a607-4ad4-afeb-54a7ab5c96ca,EVT-REAL-2022-00235,25.54133,81.11243,Madhya Pradesh,Singrauli,,,2022-02-13,TRAIN,Singrauli,EASTERN_COAL_BELT,Uncertain,UNKNOWN,LOW_CONFIDENCE_HOTSPOT,UNVERIFIED,REAL,False,True,10.41,9.34,1.0677078252031311,367.0,355.61,11.389999999999986,8528.068227208356,181792.7,643405.3,4200.0,226178.9,208355.7,0,0.0,0.0,1.0,1.041,0.2
db7fcc32-38e4-4855-bda8-f8a9f3bdfcdc,d23a58b2-d40a-4c0c-8093-47a4819f4bc3,EVT-REAL-2022-00236,29.92482,76.98297,Haryana,Karnal,bf7db1fc-ea50-4f88-a01b-065e8299d8dc,Designated Industrial Park / Estate (Way #258577573),2022-02-13,TRAIN,bf7db1fc-ea50-4f88-a01b-065e8299d8dc,NORTHERN_AGRICULTURE,Uncertain,UNKNOWN,LOW_CONFIDENCE_HOTSPOT,UNVERIFIED,REAL,False,True,16.0,16.0,0.0,341.84,341.84,0.0,2162.4711517367655,767564.8,17667.4,4200.0,857215.8,841009.0,0,0.0,0.0,1.0,1.0,0.95
12a06166-f3e8-4f1f-8b80-5f8f02c71134,06d5e30e-aab6-487f-9925-23900e8563b8,EVT-REAL-2022-00237,30.49605,76.07397,Punjab,Sangrur,,,2022-02-13,TRAIN,Sangrur,NORTHERN_AGRICULTURE,Agricultural Burning,REAL,BHUVAN_AGRICULTURAL_CYCLE,UNVERIFIED,REAL,False,True,8.55,8.55,0.0,340.14,340.14,0.0,11511.86744248797,867759.3,0.0,4200.0,963714.2,947181.8,4,0.0,0.0,1.0,0.855,0.2
cb5c9136-1397-4efd-82fd-e3f9a5a9205d,e1e9bd42-0ad3-4059-b622-a02cef2a397d,EVT-REAL-2022-00238,31.93358,75.43613,Punjab,Sangrur,47c1af0f-16ba-44a3-9a63-31b8018bc201,Designated Industrial Park / Estate (Way #1480848436),2022-02-13,TRAIN,47c1af0f-16ba-44a3-9a63-31b8018bc201,NORTHERN_AGRICULTURE,Uncertain,UNKNOWN,LOW_CONFIDENCE_HOTSPOT,UNVERIFIED,REAL,False,True,11.58,10.3,1.2806248474865698,348.12,341.77,6.350000000000023,1877.316217989044,1034645.5,14081.2,4200.0,1121111.9,1105567.1,0,0.0,0.0,1.0,1.124,0.95
7ea1880d-a1c0-47af-a48e-a7b835be0919,bdc8ec38-5c4e-4abc-93b5-5e49518da8a0,EVT-REAL-2022-00239,31.92572,75.27342,Punjab,Sangrur,,,2022-02-13,TRAIN,Sangrur,NORTHERN_AGRICULTURE,Uncertain,UNKNOWN,LOW_CONFIDENCE_HOTSPOT,UNVERIFIED,REAL,False,True,9.87,9.87,0.0,336.16,336.16,0.0,3445.186291485394,1042149.8,13230.1,4200.0,1130828.6,1115109.4,0,0.0333,1.0,1.0,2.903,0.65
e2be72a9-e72e-42bf-9296-d12a77fdcadf,437bfff8-10d3-4800-8af8-516b28585361,EVT-REAL-2022-00240,12.2996,75.5667,Karnataka,Ballari,,,2022-02-13,TRAIN,Ballari,GENERAL_INDIAN_TERRITORY,Uncertain,UNKNOWN,LOW_CONFIDENCE_HOTSPOT,UNVERIFIED,REAL,False,True,24.2,24.2,0.0,316.0,316.0,0.0,22705.24587597687,1357583.4,1949505.4,4200.0,1498707.5,1330270.8,0,0.0333,1.0,1.0,1.716,0.2
81375db8-3bac-4789-8ba5-ee5c933dd5c0,d7a46636-ec79-44e3-8a4f-72b940e95c31,EVT-REAL-2022-00241,12.7151,75.7121,Karnataka,Ballari,,,2022-02-13,TRAIN,Ballari,GENERAL_INDIAN_TERRITORY,Uncertain,UNKNOWN,LOW_CONFIDENCE_HOTSPOT,UNVERIFIED,REAL,False,True,27.8,27.8,0.0,321.3,321.3,0.0,4674.753232438866,1309124.3,1903520.2,4200.0,1450970.6,1283120.7,0,0.0,0.0,1.0,1.0,0.65
a9eb8509-1e73-4a70-b397-c456d4ac75e2,26b93728-4ed7-4b56-9517-d78a4cd195d7,EVT-REAL-2022-00242,15.0972,76.5172,Karnataka,Ballari,,,2022-02-13,TRAIN,Ballari,GENERAL_INDIAN_TERRITORY,Uncertain,UNKNOWN,LOW_CONFIDENCE_HOTSPOT,UNVERIFIED,REAL,False,True,17.6,17.6,0.0,325.9,325.9,0.0,6472.442588758777,1033114.0,1639492.6,4200.0,1180688.0,1017749.8,0,0.0667,2.0,1.0,4.014,0.65
ae0bed77-d12c-42ba-b811-31ac595e739b,5646317e-adcd-4900-ac66-c0e818e1d164,EVT-REAL-2022-00243,25.5739,81.1075,Madhya Pradesh,Singrauli,,,2022-02-13,TRAIN,Singrauli,EASTERN_COAL_BELT,Uncertain,UNKNOWN,LOW_CONFIDENCE_HOTSPOT,UNVERIFIED,REAL,False,True,13.5,13.5,0.0,315.3,315.3,0.0,5936.5171093258905,185400.6,640338.8,4200.0,228920.3,211242.6,0,0.0667,2.0,1.0,5.357,0.65
292c0f12-ec20-424b-85d8-3ea04265e83d,9a4f3efb-1d9c-4389-b18c-89531a293f8a,EVT-REAL-2022-00244,31.1729,75.8109,Punjab,Sangrur,,,2022-02-13,TRAIN,Sangrur,NORTHERN_AGRICULTURE,Agricultural Burning,REAL,BHUVAN_AGRICULTURAL_CYCLE,UNVERIFIED,REAL,False,True,59.5,59.5,0.0,349.3,349.3,0.0,3065.475302616793,944337.0,0.0,4200.0,1034987.7,1018986.6,4,0.0333,1.0,1.0,20.447,0.65
ab1f31b8-ae85-4c5a-8599-190b5df103a0,b70a5781-5110-4f78-9c76-482230cfebf6,EVT-REAL-2022-00245,30.7687,76.336,Punjab,Sangrur,,,2022-02-13,TRAIN,Sangrur,NORTHERN_AGRICULTURE,Agricultural Burning,REAL,BHUVAN_AGRICULTURAL_CYCLE,UNVERIFIED,REAL,False,True,9.5,9.5,0.0,311.9,311.9,0.0,4839.097262487628,879776.4,0.0,4200.0,967988.8,952092.0,4,0.0333,1.0,1.0,2.639,0.65
c0cea410-4775-44c5-9716-df615c1bb72e,8cc1b98f-66fc-49e2-a7e8-48684127ca61,EVT-REAL-2022-00246,30.7077,76.6827,Punjab,Sangrur,d28d1bfa-cd12-470a-adf9-cabec0c30873,EON INFOTECH LTD.,2022-02-13,TRAIN,d28d1bfa-cd12-470a-adf9-cabec0c30873,NORTHERN_AGRICULTURE,Agricultural Burning,REAL,BHUVAN_AGRICULTURAL_CYCLE,UNVERIFIED,REAL,False,True,13.3,13.3,0.0,319.1,319.1,0.0,940.2791404985354,857197.9,0.0,4200.0,940701.8,925150.4,4,0.0,0.0,1.0,1.0,0.95
3b9f0648-9fa0-4ea1-84ce-68288884ec0f,f2a51e23-c232-497d-b1f0-bad5b04c17c3,EVT-REAL-2022-00247,12.30709,75.57275,Karnataka,Ballari,,,2022-02-13,TRAIN,Ballari,GENERAL_INDIAN_TERRITORY,Other Thermal Source,REAL,BACKGROUND_THERMAL_SOURCE,UNVERIFIED,REAL,False,True,21.57,21.57,0.0,350.87,348.55,2.319999999999993,21788.25767630393,1356561.9,1948676.4,4200.0,1497661.9,1329217.9,0,0.0333,5.0,1.0,3.246,0.2
c12991b9-4c63-4829-9ed7-61ce32bea402,e52d2c0a-fffd-47f9-8292-2716f651bfeb,EVT-REAL-2022-00248,31.73771,75.481,Punjab,Sangrur,,,2022-02-13,TRAIN,Sangrur,NORTHERN_AGRICULTURE,Agricultural Burning,REAL,BHUVAN_AGRICULTURAL_CYCLE,UNVERIFIED,REAL,False,True,12.26,12.26,0.0,353.43,353.43,0.0,8168.879206527685,1014000.7,0.0,4200.0,1102181.9,1086470.8,4,0.0333,1.0,1.0,2.507,0.2
213d9055-c958-432c-8b02-b889526f558b,39951855-7d0e-4a92-82d9-627cdd73570c,EVT-REAL-2022-00249,29.5606,76.8916,Punjab,Sangrur,,,2022-02-14,TRAIN,Sangrur,NORTHERN_AGRICULTURE,Uncertain,UNKNOWN,LOW_CONFIDENCE_HOTSPOT,UNVERIFIED,REAL,False,True,11.8,11.8,0.0,313.7,313.7,0.0,6115.90005969439,737798.7,38651.4,4200.0,834819.8,817984.2,0,0.0667,3.0,1.0,4.823,0.65
556669e2-4cda-4065-9318-f9e4896fba49,a5c92b8c-e0da-4156-a6e7-2eceff3cdb11,EVT-REAL-2022-00250,31.8907,75.5846,Punjab,Sangrur,,,2022-02-14,TRAIN,Sangrur,NORTHERN_AGRICULTURE,Uncertain,UNKNOWN,LOW_CONFIDENCE_HOTSPOT,UNVERIFIED,REAL,False,True,12.2,12.2,0.0,312.2,312.2,0.0,4001.196971728329,1023226.0,9327.8,4200.0,1108212.7,1092777.2,0,0.0,0.0,1.0,1.0,0.65
d82140d7-5fa3-4f85-966c-3a183aec41a9,04579478-62bd-494b-903a-288cc51bae40,EVT-REAL-2022-00251,27.5618,81.5893,Uttar Pradesh,Sonbhadra,,,2022-02-14,TRAIN,Sonbhadra,GENERAL_INDIAN_TERRITORY,Uncertain,UNKNOWN,LOW_CONFIDENCE_HOTSPOT,UNVERIFIED,REAL,False,True,9.2,9.2,0.0,300.4,300.4,0.0,4394.527139815794,407094.7,534761.3,4200.0,391698.2,383300.0,0,0.0,0.0,1.0,0.92,0.65
441d27b6-6995-4f6f-b4c5-b4e51536b85d,b340a4c2-1e0f-4fd7-aa7d-ab14f24964d5,EVT-REAL-2022-00252,30.41994,76.21241,Punjab,Sangrur,8994a948-22a1-40f8-8a38-a2023c42cac8,Designated Industrial Park / Estate (Way #642128683),2022-02-14,TRAIN,8994a948-22a1-40f8-8a38-a2023c42cac8,NORTHERN_AGRICULTURE,Agricultural Burning,REAL,BHUVAN_AGRICULTURAL_CYCLE,UNVERIFIED,REAL,False,True,12.23,12.23,0.0,367.0,367.0,0.0,1590.268466179065,853383.7,0.0,4200.0,948339.9,931864.4,4,0.0,0.0,1.0,1.0,0.95
bc305c0f-593e-460e-b7e5-7c59a9655725,7016faf0-a6a3-4cbf-92fe-ff980fa518c5,EVT-REAL-2022-00253,30.41906,76.20876,Punjab,Sangrur,8994a948-22a1-40f8-8a38-a2023c42cac8,Designated Industrial Park / Estate (Way #642128683),2022-02-14,TRAIN,8994a948-22a1-40f8-8a38-a2023c42cac8,NORTHERN_AGRICULTURE,Agricultural Burning,REAL,BHUVAN_AGRICULTURAL_CYCLE,UNVERIFIED,REAL,False,True,12.23,12.23,0.0,347.1,347.1,0.0,1795.9206735230232,853494.5,0.0,4200.0,948518.8,932038.1,4,0.0,0.0,1.0,1.0,0.95
0781c9ad-5396-4211-a2f4-a2031606916f,40b80e3b-69d3-4563-8098-64285d8e1c44,EVT-REAL-2022-00254,30.4948,76.31587,Punjab,Sangrur,c2392109-4aa2-4b23-981c-7a2f150c4811,Clay Building Materials (Brickyard / Brickworks / Kiln) (Way #631926979),2022-02-14,TRAIN,c2392109-4aa2-4b23-981c-7a2f150c4811,NORTHERN_AGRICULTURE,Agricultural Burning,REAL,BHUVAN_AGRICULTURAL_CYCLE,UNVERIFIED,REAL,False,True,21.99,16.38,5.818075283115543,354.61,337.2,17.410000000000025,966.4581123099813,854975.3,0.0,4200.0,947281.3,931017.8,4,0.0,0.0,1.0,1.342,0.95
1088bc4c-55b4-474d-abd8-1d91647aca0d,8215f5a4-aa50-4399-a040-b5c93ca37576,EVT-REAL-2022-00255,22.05689,84.02523,Chhattisgarh,Korba,,,2022-02-14,TRAIN,Korba,EASTERN_COAL_BELT,Forest Fire,REAL,FSI_FOREST_CANOPY,UNVERIFIED,REAL,False,True,27.66,27.66,0.0,344.05,341.14,2.910000000000025,16730.949882825615,214164.5,1130028.0,4200.0,230107.7,141323.9,0,0.0,0.0,1.0,1.0,0.2
54fd99fb-cc6e-4e30-a8b4-8fe3cf340de5,8b38fbc1-cc32-4dc7-ab1d-d9cf8e789d99,EVT-REAL-2022-00256,30.81953,76.31197,Punjab,Sangrur,6f71d3cb-e876-44e1-b3d7-e7c317ce30aa,Designated Industrial Park / Estate (Way #239448730),2022-02-14,TRAIN,6f71d3cb-e876-44e1-b3d7-e7c317ce30aa,NORTHERN_AGRICULTURE,Industrial Fire,REAL,OSM_FACILITY_GROUND_TRUTH,UNVERIFIED,REAL,False,True,8.14,8.14,0.0,336.94,336.94,0.0,2133.7494748631575,885788.7,0.0,4200.0,973687.9,957825.7,4,0.0333,2.0,1.0,2.678,0.95
10b02774-d497-4829-a322-6b98bd9c5e2b,fc7571b1-1a5c-438a-a454-fdfc1a519aa7,EVT-REAL-2022-00257,31.02592,76.12462,Punjab,Sangrur,ad5d9ab4-e237-45ab-8a9e-e3785388a78d,Deenbandhu Chhotu Ram Thermal Power Station,2022-02-14,TRAIN,ad5d9ab4-e237-45ab-8a9e-e3785388a78d,NORTHERN_AGRICULTURE,Agricultural Burning,REAL,BHUVAN_AGRICULTURAL_CYCLE,UNVERIFIED,REAL,False,True,8.74,8.61,0.1414213562373095,341.29,332.18,9.110000000000014,789.985913153353,914643.2,0.0,4200.0,1002649.0,986821.2,4,0.0333,1.0,1.0,1.78,0.95
a851ddbd-535e-4609-96af-3a73e46011ba,520bf358-5e11-49af-808c-36e192cb39f4,EVT-REAL-2022-00258,31.34547,75.72729,Punjab,Sangrur,,,2022-02-14,TRAIN,Sangrur,NORTHERN_AGRICULTURE,Agricultural Burning,REAL,BHUVAN_AGRICULTURAL_CYCLE,UNVERIFIED,REAL,False,True,9.54,9.54,0.0,339.25,339.25,0.0,5933.660415579461,964749.7,0.0,4200.0,1054381.2,1038489.7,4,0.0667,2.0,1.0,0.565,0.65
068803f3-0839-4931-add9-f9d2ea4ce7d0,2ba1f279-7387-4ebb-8d15-455a50e12540,EVT-REAL-2022-00259,31.64303,75.46114,Punjab,Sangrur,,,2022-02-14,TRAIN,Sangrur,NORTHERN_AGRICULTURE,Agricultural Burning,REAL,BHUVAN_AGRICULTURAL_CYCLE,UNVERIFIED,REAL,False,True,13.8,13.8,0.0,349.79,349.79,0.0,4882.6641994921565,1006170.4,0.0,4200.0,1095753.8,1079918.0,4,0.0,0.0,1.0,1.0,0.65
666617dd-5826-4c41-807d-20dd779aaf4e,e5388249-9e3e-483b-a021-5f20f056e7ea,EVT-REAL-2022-00260,31.38161,75.80486,Punjab,Sangrur,ecb7f798-9d83-4aae-9482-c7c38b094dd0,GNA,2022-02-14,TRAIN,ecb7f798-9d83-4aae-9482-c7c38b094dd0,NORTHERN_AGRICULTURE,Industrial Fire,REAL,OSM_FACILITY_GROUND_TRUTH,UNVERIFIED,REAL,False,True,9.68,9.68,0.0,346.94,346.94,0.0,1977.9396151177336,964208.2,0.0,4200.0,1052302.9,1036536.3,4,0.0333,1.0,1.0,4.0,0.95
3df76bd3-7ab4-4966-9c35-c96593392af6,6d37295f-3a32-46f0-82ff-c3a6cc29f5fa,EVT-REAL-2022-00261,31.86356,75.51456,Punjab,Sangrur,,,2022-02-14,TRAIN,Sangrur,NORTHERN_AGRICULTURE,Uncertain,UNKNOWN,LOW_CONFIDENCE_HOTSPOT,UNVERIFIED,REAL,False,True,8.09,8.09,0.0,330.34,330.34,0.0,5743.372377346576,1024133.8,6315.4,4200.0,1110377.8,1094839.0,0,0.0,0.0,1.0,0.809,0.65
dcf4153b-2f25-4e15-a704-c845db0efcf4,0d764cc0-b452-4795-912b-b85ba02f91f6,EVT-REAL-2022-00262,31.51997,75.6478,Punjab,Sangrur,ad9a7875-2b02-4c3e-ba4c-b3538e1c049d,Designated Industrial Park / Estate (Way #640317821),2022-02-15,TRAIN,ad9a7875-2b02-4c3e-ba4c-b3538e1c049d,NORTHERN_AGRICULTURE,Industrial Fire,REAL,OSM_FACILITY_GROUND_TRUTH,UNVERIFIED,REAL,False,True,8.92,8.92,0.0,346.19,346.19,0.0,1293.5360357396673,985137.3,0.0,4200.0,1073700.8,1057922.8,4,0.0333,1.0,1.0,2.624,0.95
9b317431-69c0-4249-bc86-c22eb7fb5b13,6f9a774b-ed29-42f1-8585-6bd3dc30a158,EVT-REAL-2022-00263,18.0994,82.3502,Chhattisgarh,Korba,,,2022-02-15,TRAIN,Korba,EASTERN_COAL_BELT,Forest Fire,REAL,FSI_FOREST_CANOPY,UNVERIFIED,REAL,False,True,27.9,27.9,0.0,335.6,335.6,0.0,32894.8524622805,536567.2,1423187.0,4200.0,649450.4,465374.8,0,0.0667,4.0,1.0,4.477,0.2
db9b18fa-c4de-42c4-a9b6-0b4f9276bd49,47c56fb9-f905-4eeb-b645-ef0ac478d1f1,EVT-REAL-2022-00264,18.0981,82.3409,Chhattisgarh,Korba,,,2022-02-15,TRAIN,Korba,EASTERN_COAL_BELT,Forest Fire,REAL,FSI_FOREST_CANOPY,UNVERIFIED,REAL,False,True,40.1,40.1,0.0,342.9,342.9,0.0,32036.78102052773,537380.3,1422947.2,4200.0,649664.2,465556.7,0,0.0333,2.0,1.0,6.612,0.2
0bc2ae56-950e-4c2e-b3d6-f37834011d63,c8304f5a-f4c2-411c-a30f-3abc10883ca1,EVT-REAL-2022-00265,31.9865,75.5171,Punjab,Sangrur,,,2022-02-15,TRAIN,Sangrur,NORTHERN_AGRICULTURE,Uncertain,UNKNOWN,LOW_CONFIDENCE_HOTSPOT,UNVERIFIED,REAL,False,True,12.3,12.3,0.0,312.6,312.6,0.0,4367.890431870638,1035618.5,19947.7,4200.0,1120398.2,1104994.8,0,0.0667,2.0,1.0,3.672,0.65
2a88bebb-6924-470d-90cf-6a96b829d36e,fc6baf76-9a56-490a-8073-0e3637222ec8,EVT-REAL-2022-00266,31.3495,75.7638,Punjab,Sangrur,,,2022-02-15,TRAIN,Sangrur,NORTHERN_AGRICULTURE,Agricultural Burning,REAL,BHUVAN_AGRICULTURAL_CYCLE,UNVERIFIED,REAL,False,True,11.4,11.4,0.0,310.6,310.6,0.0,4842.3952510835525,963267.6,0.0,4200.0,1052339.5,1036491.8,4,0.0667,2.0,1.0,3.958,0.65
113d2193-be14-4b90-bdb8-bc754a2f8be6,104bda4c-04c6-4da6-95f7-76541adcf09b,EVT-REAL-2022-00267,31.1848,76.0803,Punjab,Sangrur,07d9c58f-598a-41d5-a824-829b28cde2ab,Clay Building Materials (Brickyard / Brickworks / Kiln) (Way #1459363918),2022-02-15,TRAIN,07d9c58f-598a-41d5-a824-829b28cde2ab,NORTHERN_AGRICULTURE,Industrial Fire,REAL,OSM_FACILITY_GROUND_TRUTH,UNVERIFIED,REAL,False,True,9.4,9.4,0.0,309.1,309.1,0.0,2028.8205616999758,931892.4,0.0,4200.0,1018504.4,1002814.9,4,0.0667,2.0,1.0,3.27,0.95
42cbfd47-6b71-4cd9-aa29-7ff094d222bb,0e88f088-a08d-45a3-a7a5-a6d0a1c4f14e,EVT-REAL-2022-00268,25.94128,81.81878,Madhya Pradesh,Singrauli,,,2022-02-15,TRAIN,Singrauli,EASTERN_COAL_BELT,Forest Fire,REAL,FSI_FOREST_CANOPY,UNVERIFIED,REAL,False,True,18.01,13.03,3.521363372331802,367.0,353.3,13.699999999999989,29756.939971506115,233300.4,660528.1,4200.0,216806.9,205555.4,0,0.0,0.0,1.0,1.382,0.2
5368141a-907d-4330-a453-614cbc386ad0,af7ec4c6-8ba4-47a4-845e-33a4dad17586,EVT-REAL-2022-00269,31.59842,75.6913,Punjab,Sangrur,,,2022-02-15,TRAIN,Sangrur,NORTHERN_AGRICULTURE,Agricultural Burning,REAL,BHUVAN_AGRICULTURAL_CYCLE,UNVERIFIED,REAL,False,True,10.71,10.71,0.0,355.78,355.78,0.0,7543.0074896996175,990321.3,0.0,4200.0,1077330.8,1061687.0,4,0.0333,1.0,1.0,5.028,0.65
85eb07d1-4a3c-472f-a026-5e180d8d0c71,85ea5861-c660-4906-bdb4-f3984562eaa1,EVT-REAL-2022-00270,31.74276,74.52311,Punjab,Sangrur,,,2022-02-15,TRAIN,Sangrur,NORTHERN_AGRICULTURE,Agricultural Burning,REAL,BHUVAN_AGRICULTURAL_CYCLE,UNVERIFIED,REAL,False,True,12.76,12.76,0.0,339.0,339.0,0.0,10916.58911451615,1066127.2,0.0,4200.0,1166123.3,1149509.2,4,0.0,0.0,1.0,1.0,0.2
61cf04e6-f042-4bda-a127-50705c679849,183bb103-4b55-4e53-b3e0-618aff698213,EVT-REAL-2022-00271,25.3402,81.2052,Madhya Pradesh,Singrauli,,,2022-02-16,TRAIN,Singrauli,EASTERN_COAL_BELT,Uncertain,UNKNOWN,LOW_CONFIDENCE_HOTSPOT,UNVERIFIED,REAL,False,True,10.7,10.7,0.0,312.1,312.1,0.0,4248.197084293731,159520.4,666466.5,4200.0,204854.6,186348.2,0,0.0,0.0,1.0,1.0,0.65
a2300cbd-1f0d-4b7b-bfe9-1f9093d49164,651cbf83-ed27-4c4f-848f-8816a4f738eb,EVT-REAL-2022-00272,25.272,81.2034,Madhya Pradesh,Singrauli,69c3b123-93e0-4c59-aa88-bbbe11a7114f,Solar Photovoltaic / Solar Thermal Power Generation (Way #1267195235),2022-02-16,TRAIN,69c3b123-93e0-4c59-aa88-bbbe11a7114f,EASTERN_COAL_BELT,Industrial Fire,WEAKLY_LABELED,FACILITY_ANOMALOUS_THERMAL,UNVERIFIED,REAL,False,True,11.7,11.7,0.0,315.5,315.5,0.0,390.62417007175276,151965.2,672180.7,4200.0,200467.6,181574.1,0,0.1,5.0,1.0,1.52,0.95
fa931d18-e6c1-4cd5-9855-8ded33d792a7,0ad5e99a-7a06-4aed-b560-4d8256095773,EVT-REAL-2022-00273,20.3581,85.3422,Odisha,Angul,,,2022-02-16,TRAIN,Angul,EASTERN_COAL_BELT,Uncertain,UNKNOWN,LOW_CONFIDENCE_HOTSPOT,UNVERIFIED,REAL,False,True,32.0,32.0,0.0,315.3,315.3,0.0,6069.782683167375,139728.5,1362445.2,4200.0,460067.8,349988.0,0,0.0,0.0,1.0,1.0,0.65
9f955cf8-aa74-4b75-88d5-fb1ea1951601,27736931-dd4a-4380-9777-3ac61c8e96d5,EVT-REAL-2022-00274,31.31919,75.79132,Punjab,Sangrur,8cc6fe60-43b5-4488-b484-83620fe7e6b7,Designated Industrial Park / Estate (Way #1546160837),2022-02-16,TRAIN,8cc6fe60-43b5-4488-b484-83620fe7e6b7,NORTHERN_AGRICULTURE,Industrial Fire,REAL,OSM_FACILITY_GROUND_TRUTH,UNVERIFIED,REAL,False,True,11.95,11.95,0.0,339.77,339.77,0.0,2474.836331693825,959027.9,0.0,4200.0,1048094.9,1032241.9,4,0.0667,5.0,1.0,2.53,0.95
8021da27-cafa-4612-8091-4e4f617d5b09,ca931d54-3495-40be-af45-9d8dccd72952,EVT-REAL-2022-00275,31.98202,75.68153,Punjab,Sangrur,,,2022-02-16,TRAIN,Sangrur,NORTHERN_AGRICULTURE,Uncertain,UNKNOWN,LOW_CONFIDENCE_HOTSPOT,UNVERIFIED,REAL,False,True,12.62,12.62,0.0,344.18,344.18,0.0,3092.79359272275,1027189.4,19465.0,4200.0,1109803.8,1094571.2,0,0.0667,2.0,1.0,4.214,0.65
df650002-214f-4622-b355-0c4f1363d5be,dba52a9c-4a45-4dd6-be11-8523275e9cd1,EVT-REAL-2022-00276,21.47736,71.644,Gujarat,Jamnagar,832afdd2-7349-495e-b685-8b8b14ba0dae,Solar Photovoltaic / Solar Thermal Power Generation (Relation #17373532),2022-02-16,TRAIN,832afdd2-7349-495e-b685-8b8b14ba0dae,WESTERN_PETROCHEMICAL,Industrial Fire,REAL,OSM_FACILITY_GROUND_TRUTH,UNVERIFIED,REAL,False,True,91.04,91.04,0.0,333.47,313.43,20.04000000000002,534.7684509856207,968236.5,967624.9,4200.0,1177999.1,1127389.9,0,0.0333,1.0,1.0,27.505,0.95
1cdb3179-6be0-4ba1-bdf3-cae9690a8881,5172410e-ac96-4b00-9759-64731d784ad1,EVT-REAL-2022-00277,30.39681,76.19225,Punjab,Sangrur,,,2022-02-16,TRAIN,Sangrur,NORTHERN_AGRICULTURE,Agricultural Burning,REAL,BHUVAN_AGRICULTURAL_CYCLE,UNVERIFIED,REAL,False,True,47.93,47.93,0.0,335.86,335.86,0.0,4719.977674765497,852307.7,0.0,4200.0,947900.6,931373.3,4,0.0,0.0,1.0,1.0,0.65
49a6c2e1-3d0b-4a79-abce-9f7695445adc,088de733-ea49-47fd-bfdc-54342cf8b99e,EVT-REAL-2022-00278,30.2695,76.80705,Punjab,Sangrur,,,2022-02-16,TRAIN,Sangrur,NORTHERN_AGRICULTURE,Uncertain,UNKNOWN,LOW_CONFIDENCE_HOTSPOT,UNVERIFIED,REAL,False,True,9.53,9.53,0.0,345.6,345.6,0.0,4716.84538758567,809105.5,678.4,4200.0,896666.4,880703.4,0,0.0,0.0,1.0,0.953,0.65
b0535b0d-4da4-49f3-ae0e-873582421297,97c9ec31-90d2-43bf-90c8-71fbde720f78,EVT-REAL-2022-00279,27.21142,81.99581,Uttar Pradesh,Sonbhadra,,,2022-02-17,TRAIN,Sonbhadra,GENERAL_INDIAN_TERRITORY,Uncertain,UNKNOWN,LOW_CONFIDENCE_HOTSPOT,UNVERIFIED,REAL,False,True,10.39,10.39,0.0,339.37,339.37,0.0,4055.0157275279025,374418.0,589195.8,4200.0,343237.2,336544.9,0,0.0,0.0,1.0,1.0,0.65
cc412575-355c-43fc-bfe3-08253830b4d3,23c45c4f-5ade-43ea-82e1-b2e1e77651c3,EVT-REAL-2022-00280,30.05945,76.97586,Haryana,Karnal,c929b2a4-6180-4021-b8fa-c5c51f6a4c2f,Designated Industrial Park / Estate (Way #985421728),2022-02-17,TRAIN,c929b2a4-6180-4021-b8fa-c5c51f6a4c2f,NORTHERN_AGRICULTURE,Industrial Fire,REAL,OSM_FACILITY_GROUND_TRUTH,UNVERIFIED,REAL,False,True,16.76,16.76,0.0,367.0,367.0,0.0,223.03556278638237,780805.2,16957.9,4200.0,868541.9,852512.0,0,0.0333,1.0,1.0,2.394,0.95
9d0deeb4-7a95-49d0-bc65-c1d97c749de4,ccabb696-aa0a-4a60-9c7c-bad0273ceb51,EVT-REAL-2022-00281,26.8948,78.6345,Madhya Pradesh,Singrauli,,,2022-02-17,TRAIN,Singrauli,EASTERN_COAL_BELT,Forest Fire,REAL,FSI_FOREST_CANOPY,UNVERIFIED,REAL,False,True,12.8,12.8,0.0,313.2,313.2,0.0,16966.058195730468,396895.7,378458.7,4200.0,514101.7,494917.6,0,0.0,0.0,1.0,1.0,0.2
8a847d9c-4408-4637-9f4c-d758ef8f1b58,0cd36ae7-e8d9-4903-b58e-bf1363a066ae,EVT-REAL-2022-00282,27.3271,81.7475,Uttar Pradesh,Sonbhadra,,,2022-02-17,TRAIN,Sonbhadra,GENERAL_INDIAN_TERRITORY,Uncertain,UNKNOWN,LOW_CONFIDENCE_HOTSPOT,UNVERIFIED,REAL,False,True,8.0,8.0,0.0,312.0,312.0,0.0,3700.707647470255,382934.8,561539.1,4200.0,362160.2,354199.6,0,0.1,4.0,1.0,0.878,0.65
7a398a82-8efc-487e-93ef-f7dab49733a0,8b22c148-23e3-4296-b2ee-3b0ea92966b2,EVT-REAL-2022-00283,27.6545,79.9087,Uttar Pradesh,Sonbhadra,,,2022-02-17,TRAIN,Sonbhadra,GENERAL_INDIAN_TERRITORY,Agricultural Burning,REAL,BHUVAN_AGRICULTURAL_CYCLE,UNVERIFIED,REAL,False,True,8.0,8.0,0.0,310.7,310.7,0.0,9231.819999570573,425435.6,392500.1,4200.0,479916.0,465126.5,0,0.0,0.0,1.0,0.8,0.2
592f04a2-ac63-4e54-8fd6-f504bf463a2e,67798c4d-7912-48ca-8d38-1336c470eb58,EVT-REAL-2022-00284,30.3188,76.9995,Haryana,Karnal,,,2022-02-17,TRAIN,Karnal,NORTHERN_AGRICULTURE,Uncertain,UNKNOWN,LOW_CONFIDENCE_HOTSPOT,UNVERIFIED,REAL,False,True,17.9,17.9,0.0,312.4,312.4,0.0,3757.7208898370163,804739.5,19187.2,4200.0,888265.9,872618.7,0,0.0667,2.0,1.0,4.543,0.65
a9c616bb-495c-48e3-9a28-ad733e53e293,3844746b-8987-41a4-b8ff-b00bd9f58fd4,EVT-REAL-2022-00285,30.43917,75.79071,Punjab,Sangrur,,,2022-02-17,TRAIN,Sangrur,NORTHERN_AGRICULTURE,Agricultural Burning,REAL,BHUVAN_AGRICULTURAL_CYCLE,UNVERIFIED,REAL,False,True,9.51,9.51,0.0,326.34,326.34,0.0,8734.996022916954,878050.7,0.0,4200.0,978903.4,962002.8,4,0.0,0.0,1.0,0.951,0.2
e9148c1e-e9a7-4895-9e06-294ff451a03a,783bb526-7e13-45e5-ac90-f07808e303a7,EVT-REAL-2022-00286,30.80187,76.75545,Punjab,Sangrur,,,2022-02-17,TRAIN,Sangrur,NORTHERN_AGRICULTURE,Agricultural Burning,REAL,BHUVAN_AGRICULTURAL_CYCLE,UNVERIFIED,REAL,False,True,28.1,28.1,0.0,349.62,349.62,0.0,3840.289699504596,862959.2,0.0,4200.0,944000.0,928660.1,4,0.0,0.0,1.0,1.0,0.65
9b17cb66-be3e-47ce-b0af-079674b3733e,4afe5fa9-ec60-4736-a68c-16f9eaef48d8,EVT-REAL-2022-00287,31.83399,75.36744,Punjab,Sangrur,45636ef2-fa7c-4178-af53-849a2912ad2b,Designated Industrial Park / Estate (Way #1419738691),2022-02-17,TRAIN,45636ef2-fa7c-4178-af53-849a2912ad2b,NORTHERN_AGRICULTURE,Industrial Fire,WEAKLY_LABELED,FACILITY_ANOMALOUS_THERMAL,UNVERIFIED,REAL,False,True,8.92,8.92,0.0,338.76,338.76,0.0,599.4992616486705,1028784.1,3044.1,4200.0,1117320.4,1101597.5,0,0.0333,1.0,1.0,1.599,0.95
9b8576bf-a234-48cd-897a-1c1bc95c5600,d1aa5802-e444-43d1-9082-af6cc03a36a1,EVT-REAL-2022-00288,30.78912,76.29956,Punjab,Sangrur,,,2022-02-17,TRAIN,Sangrur,NORTHERN_AGRICULTURE,Agricultural Burning,REAL,BHUVAN_AGRICULTURAL_CYCLE,UNVERIFIED,REAL,False,True,11.44,11.44,0.0,367.0,367.0,0.0,4060.459354089551,883521.5,0.0,4200.0,972020.8,956106.6,4,0.0,0.0,1.0,1.0,0.65
aafe1201-d5f3-4b3a-a4e2-986a00cd9880,e42dee53-eca9-45c4-ad99-eb221207806d,EVT-REAL-2022-00289,26.12522,80.59883,Madhya Pradesh,Singrauli,,,2022-02-18,TRAIN,Singrauli,EASTERN_COAL_BELT,Forest Fire,REAL,FSI_FOREST_CANOPY,UNVERIFIED,REAL,False,True,16.18,16.18,0.0,343.24,343.24,0.0,17908.926181109822,247329.5,560782.4,4200.0,307766.6,290557.5,0,0.0333,1.0,1.0,2.874,0.2
3a71373b-beda-4799-8bc9-bffe85b12c1b,33be9a02-aa9f-417d-aa4a-8c992ff40f89,EVT-REAL-2022-00290,26.49086,80.65122,Madhya Pradesh,Singrauli,,,2022-02-18,TRAIN,Singrauli,EASTERN_COAL_BELT,Uncertain,UNKNOWN,LOW_CONFIDENCE_HOTSPOT,UNVERIFIED,REAL,False,True,8.15,8.15,0.0,346.09,346.09,0.0,14788.487020822968,287396.3,534444.2,4200.0,333438.3,317753.8,0,0.0333,1.0,1.0,4.055,0.2
4aafb1e9-9eb6-419c-a2c3-cf42132ad9d1,b7cb35f8-768c-4361-a923-829bf73e2f61,EVT-REAL-2022-00291,26.72516,80.05238,Madhya Pradesh,Singrauli,bc130b4d-5f88-42d4-a956-b97864ac24e1,Uttar Pradesh New and Renewable Energy Development Agency Facility,2022-02-18,TRAIN,bc130b4d-5f88-42d4-a956-b97864ac24e1,EASTERN_COAL_BELT,Industrial Fire,WEAKLY_LABELED,FACILITY_ANOMALOUS_THERMAL,UNVERIFIED,REAL,False,True,13.53,13.53,0.0,356.27,356.27,0.0,277.6007448917874,321888.4,474861.8,4200.0,393172.8,376305.8,0,0.0,0.0,1.0,1.0,0.95
0aeffafd-5841-479d-85ab-b55b02892002,9652610f-9a3c-460e-a0ed-31500bc7f083,EVT-REAL-2022-00292,26.75374,80.08169,Madhya Pradesh,Singrauli,df95382a-38fa-4629-a8bc-2630ed7cce67,Bilhaur solar farm,2022-02-18,TRAIN,df95382a-38fa-4629-a8bc-2630ed7cce67,EASTERN_COAL_BELT,Industrial Fire,REAL,OSM_FACILITY_GROUND_TRUTH,UNVERIFIED,REAL,False,True,21.9,15.06,6.840321629865075,337.44,330.77,6.670000000000016,1459.2613211034004,324295.4,474436.1,4200.0,393355.6,376655.3,0,0.0667,3.0,1.0,3.733,0.95
cb09de46-7c82-480e-b6cb-1dc52e4a286c,43b44084-2654-49ba-b118-8d3f03f7fe6a,EVT-REAL-2022-00293,27.56297,81.7271,Uttar Pradesh,Sonbhadra,,,2022-02-18,TRAIN,Sonbhadra,GENERAL_INDIAN_TERRITORY,Uncertain,UNKNOWN,LOW_CONFIDENCE_HOTSPOT,UNVERIFIED,REAL,False,True,8.72,8.72,0.0,343.87,343.87,0.0,5337.338885274827,408611.6,546507.8,4200.0,387769.3,380085.4,0,0.0,0.0,1.0,0.872,0.65
7f708fc2-1f84-4b86-ac9c-200e33360e57,d3f4a835-febf-45ce-b39a-6822e8d8e800,EVT-REAL-2022-00294,27.687,80.27315,Uttar Pradesh,Sonbhadra,,,2022-02-18,TRAIN,Sonbhadra,GENERAL_INDIAN_TERRITORY,Agricultural Burning,REAL,BHUVAN_AGRICULTURAL_CYCLE,UNVERIFIED,REAL,False,True,9.99,9.99,0.0,334.51,334.51,0.0,9654.425009920287,422855.4,418455.9,4200.0,461806.4,448203.8,0,0.0,0.0,1.0,0.999,0.2
8d95cf85-88eb-404d-b675-4cd6595765f2,7fd7c07e-e220-4794-ae4f-6197c38132a3,EVT-REAL-2022-00295,27.80396,79.27966,Uttar Pradesh,Sonbhadra,3b3cbc96-5e22-4378-a187-8ef7a51dea8e,Solar Photovoltaic / Solar Thermal Power Generation (Way #1002582991),2022-02-18,TRAIN,3b3cbc96-5e22-4378-a187-8ef7a51dea8e,GENERAL_INDIAN_TERRITORY,Industrial Fire,WEAKLY_LABELED,FACILITY_ANOMALOUS_THERMAL,UNVERIFIED,REAL,False,True,12.71,11.71,1.004987562112089,355.39,334.0,21.389999999999986,184.81075668382513,458553.1,335407.2,4200.0,532503.3,516476.2,0,0.0,0.0,1.0,1.085,0.95
dab56a94-5938-4715-8c82-3e69088153e4,48f7411a-72ff-42c6-b0d9-b47fe9c72718,EVT-REAL-2022-00296,27.92387,79.35894,Uttar Pradesh,Sonbhadra,96dc4313-9094-4e37-bbec-7c462a0eb4ac,Solar Photovoltaic / Solar Thermal Power Generation (Way #1267163295),2022-02-18,TRAIN,96dc4313-9094-4e37-bbec-7c462a0eb4ac,GENERAL_INDIAN_TERRITORY,Industrial Fire,WEAKLY_LABELED,FACILITY_ANOMALOUS_THERMAL,UNVERIFIED,REAL,False,True,8.1,8.1,0.0,340.16,340.16,0.0,517.1465164552457,468574.8,332013.2,4200.0,537302.8,521717.4,0,0.0,0.0,1.0,0.81,0.95
1e9bba00-306c-4883-b0c8-cd8192c16b1a,12f742f6-f2fc-418f-8eb7-915e50b1530b,EVT-REAL-2022-00297,12.27988,75.6029,Karnataka,Ballari,,,2022-02-18,TRAIN,Ballari,GENERAL_INDIAN_TERRITORY,Other Thermal Source,REAL,BACKGROUND_THERMAL_SOURCE,UNVERIFIED,REAL,False,True,73.4,34.1,16.74126637981727,357.1,347.91,9.189999999999998,21418.394351596406,1358033.2,1951683.8,4200.0,1498662.4,1329981.1,0,0.0333,3.0,1.0,9.471,0.2
0cd730ac-fcac-404a-a94d-2e6e2cae0b8d,b3640cab-801d-43d2-9757-b8828e869a89,EVT-REAL-2022-00298,22.3289,69.7276,Gujarat,Jamnagar,78fef4b6-67f8-4516-9d05-4b1bc807ddc1,Essar Power Limited,2022-02-18,TRAIN,78fef4b6-67f8-4516-9d05-4b1bc807ddc1,WESTERN_PETROCHEMICAL,Industrial Fire,REAL,OSM_FACILITY_GROUND_TRUTH,UNVERIFIED,REAL,False,True,37.5,37.5,0.0,334.4,334.4,0.0,942.0040493259927,1142967.3,950359.6,4200.0,1350303.4,1317115.0,0,0.0667,4.0,1.0,8.803,0.95
41e6f41b-1739-4b8b-a1e9-b4620da3d6af,25c6c43a-3cad-4a40-b8b4-68988221c245,EVT-REAL-2022-00299,22.33073,69.74128,Gujarat,Jamnagar,7da78cca-84f3-4f23-9716-cde10795cb1f,Vadinar Refinery,2022-02-18,TRAIN,7da78cca-84f3-4f23-9716-cde10795cb1f,WESTERN_PETROCHEMICAL,Industrial Fire,REAL,OSM_FACILITY_GROUND_TRUTH,UNVERIFIED,REAL,False,True,37.8,36.85,0.9486832980505138,367.0,350.7,16.30000000000001,336.0538144550001,1141543.5,949537.6,4200.0,1348880.4,1315697.2,0,0.4333,17.0,1.0,8.286,0.95
8a2d8bf5-54ba-4a8e-955f-989893525a25,09403399-4110-4956-b76d-e7c942c3c0eb,EVT-REAL-2022-00300,22.7587,71.8901,Gujarat,Jamnagar,,,2022-02-18,TRAIN,Jamnagar,WESTERN_PETROCHEMICAL,Uncertain,UNKNOWN,LOW_CONFIDENCE_HOTSPOT,UNVERIFIED,REAL,False,True,26.7,26.7,0.0,335.6,335.6,0.0,2514.078618575014,916126.6,824062.7,4200.0,1123049.5,1093482.1,0,0.0,0.0,1.0,1.0,0.65
00c3be05-50ed-4c6b-b13a-6815629f7928,76e8bc69-6832-41c2-b710-926a395abf7e,EVT-REAL-2022-00301,22.7663,71.8781,Gujarat,Jamnagar,,,2022-02-18,TRAIN,Jamnagar,WESTERN_PETROCHEMICAL,Uncertain,UNKNOWN,LOW_CONFIDENCE_HOTSPOT,UNVERIFIED,REAL,False,True,107.4,107.4,0.0,368.2,368.2,0.0,3026.8181290259477,917249.8,823588.3,4200.0,1124137.4,1094713.5,0,0.0,0.0,1.0,1.0,0.65
89ffb50a-85a0-405f-979f-c44e4dab9fbf,1f9071f5-d4d9-4a13-ba36-e2f2732e24e2,EVT-REAL-2022-00302,26.52201,80.23375,Madhya Pradesh,Singrauli,43c6d3d9-2ac0-4367-bb09-13319116b328,Solar Energy Research Enclave,2022-02-18,TRAIN,43c6d3d9-2ac0-4367-bb09-13319116b328,EASTERN_COAL_BELT,Industrial Fire,REAL,OSM_FACILITY_GROUND_TRUTH,UNVERIFIED,REAL,False,True,27.32,21.09,3.7282703764614498,367.0,343.84,23.160000000000025,2131.142064070023,296007.2,503691.8,4200.0,364511.5,347532.6,0,0.0333,2.0,1.0,5.055,0.95
a3b7bb8a-dace-44b6-ae0f-f75090301b50,1683c709-212e-480a-9fa0-e5937d8cf884,EVT-REAL-2022-00303,31.4427,75.2295,Punjab,Sangrur,,,2022-02-18,TRAIN,Sangrur,NORTHERN_AGRICULTURE,Agricultural Burning,REAL,BHUVAN_AGRICULTURAL_CYCLE,UNVERIFIED,REAL,False,True,8.9,8.9,0.0,303.7,303.7,0.0,2665.043707994706,999912.6,0.0,4200.0,1094981.3,1078692.3,4,0.0667,2.0,1.0,3.225,0.65
003a4f8b-0796-4a2e-92af-6f8b51f1ee01,9d226d33-170d-4e01-89bb-83baab2576c8,EVT-REAL-2022-00304,31.49154,75.64545,Punjab,Sangrur,ad9a7875-2b02-4c3e-ba4c-b3538e1c049d,Designated Industrial Park / Estate (Way #640317821),2022-02-18,TRAIN,ad9a7875-2b02-4c3e-ba4c-b3538e1c049d,NORTHERN_AGRICULTURE,Agricultural Burning,REAL,BHUVAN_AGRICULTURAL_CYCLE,UNVERIFIED,REAL,False,True,9.78,9.78,0.0,353.01,353.01,0.0,1879.196907955134,982593.0,0.0,4200.0,1071538.2,1055725.6,4,0.1,4.0,1.0,1.918,0.95
e220d4fa-ac06-45df-89ef-e45c8451402e,595da268-2250-46d3-8829-82b8a5d9febd,EVT-REAL-2022-00305,31.66461,75.86256,Punjab,Sangrur,,,2022-02-18,TRAIN,Sangrur,NORTHERN_AGRICULTURE,Agricultural Burning,REAL,BHUVAN_AGRICULTURAL_CYCLE,UNVERIFIED,REAL,False,True,12.35,11.01,1.3416407864998738,352.18,346.1,6.079999999999984,2725.7896831645676,988172.7,0.0,4200.0,1071997.7,1056614.6,4,0.0,0.0,1.0,1.122,0.65
fdd063e0-27f6-43b6-a129-70422693278b,6e944700-bbe3-457d-a2d6-83d0c1a0c2b8,EVT-REAL-2022-00306,22.7652,70.9576,Gujarat,Jamnagar,40e7e44b-7646-4ebb-883d-410c0e07754c,Designated Industrial Park / Estate (Way #1108793724),2022-02-18,TRAIN,40e7e44b-7646-4ebb-883d-410c0e07754c,WESTERN_PETROCHEMICAL,Industrial Fire,WEAKLY_LABELED,FACILITY_ANOMALOUS_THERMAL,UNVERIFIED,REAL,False,True,42.4,42.4,0.0,321.4,321.4,0.0,1242.8566831544344,1011156.8,854061.9,4200.0,1217608.3,1189247.2,0,0.0,0.0,0.0,1.0,0.95
226dfa64-e977-47d3-a53b-139ea5eb4913,85cb471a-1457-43f5-83d3-9e7b40419b55,EVT-REAL-2022-00307,22.767,70.9738,Gujarat,Jamnagar,40e7e44b-7646-4ebb-883d-410c0e07754c,Designated Industrial Park / Estate (Way #1108793724),2022-02-18,TRAIN,40e7e44b-7646-4ebb-883d-410c0e07754c,WESTERN_PETROCHEMICAL,Industrial Fire,REAL,OSM_FACILITY_GROUND_TRUTH,UNVERIFIED,REAL,False,True,26.6,26.6,0.0,312.9,312.9,0.0,441.3860365356849,1009481.2,853266.2,4200.0,1215933.4,1187582.2,0,0.0667,3.0,0.0,21.983,0.95
d2e322e6-42ac-49ff-9f32-1e7e51d82823,031f4fba-39ac-4f8f-b665-4acb6b93da3c,EVT-REAL-2022-00308,22.7725,70.9725,Gujarat,Jamnagar,40e7e44b-7646-4ebb-883d-410c0e07754c,Designated Industrial Park / Estate (Way #1108793724),2022-02-18,TRAIN,40e7e44b-7646-4ebb-883d-410c0e07754c,WESTERN_PETROCHEMICAL,Industrial Fire,REAL,OSM_FACILITY_GROUND_TRUTH,UNVERIFIED,REAL,False,True,26.3,26.3,0.0,304.2,304.2,0.0,800.8978978565593,1009544.8,852748.3,4200.0,1215975.4,1187711.8,0,0.0667,3.0,0.0,21.736,0.95
11f2c7f9-0318-4605-9533-8206de93f5d6,7cc63e98-a582-439e-9ca2-da9665adb9d9,EVT-REAL-2022-00309,30.4424,76.9586,Haryana,Karnal,,,2022-02-19,TRAIN,Karnal,NORTHERN_AGRICULTURE,Uncertain,UNKNOWN,LOW_CONFIDENCE_HOTSPOT,UNVERIFIED,REAL,False,True,8.8,8.8,0.0,305.3,305.3,0.0,3974.566347432929,818645.8,15234.4,4200.0,901138.0,885600.6,0,0.0667,2.0,1.0,2.919,0.65
5985f3fe-4357-4313-b779-5b110173da3e,31d03ebf-35bf-4181-92be-a1712000067a,EVT-REAL-2022-00310,30.60616,76.06061,Punjab,Sangrur,,,2022-02-19,TRAIN,Sangrur,NORTHERN_AGRICULTURE,Agricultural Burning,REAL,BHUVAN_AGRICULTURAL_CYCLE,UNVERIFIED,REAL,False,True,9.29,9.25,0.0,341.13,340.57,0.5600000000000023,11757.004623646,878638.6,0.0,4200.0,973249.4,956839.1,4,0.0,0.0,1.0,0.929,0.2
97961512-6057-4761-9069-aa05b63502aa,bc5dd28d-f929-45fa-9a12-e20b5e42c3df,EVT-REAL-2022-00311,31.36429,75.75226,Punjab,Sangrur,,,2022-02-19,TRAIN,Sangrur,NORTHERN_AGRICULTURE,Agricultural Burning,REAL,BHUVAN_AGRICULTURAL_CYCLE,UNVERIFIED,REAL,False,True,8.33,8.33,0.0,340.82,340.82,0.0,6398.422981071096,965240.4,0.0,4200.0,1054288.3,1038445.1,4,0.1667,5.0,1.0,0.878,0.65
ad0a8119-6aec-4658-8784-393967f28abd,4a80bcf5-5eea-4a15-8faa-8bb625afad2f,EVT-REAL-2022-00312,22.3487,87.2173,Odisha,Angul,,,2022-02-19,TRAIN,Angul,EASTERN_COAL_BELT,Uncertain,UNKNOWN,LOW_CONFIDENCE_HOTSPOT,UNVERIFIED,REAL,False,True,63.1,63.1,0.0,353.4,353.4,0.0,4096.980949337374,67201.7,1334953.6,4200.0,457392.5,467306.5,0,0.1,6.0,1.0,11.044,0.65
d0b9d435-cf3b-4231-960b-7ac59967132e,15472146-94ec-41e1-a630-d8a6ea99c593,EVT-REAL-2022-00313,26.11476,81.34018,Madhya Pradesh,Singrauli,,,2022-02-19,TRAIN,Singrauli,EASTERN_COAL_BELT,Uncertain,UNKNOWN,LOW_CONFIDENCE_HOTSPOT,UNVERIFIED,REAL,False,True,8.23,8.23,0.0,340.35,340.35,0.0,14664.855413257643,245504.6,612546.4,4200.0,258163.6,244284.7,0,0.0333,2.0,1.0,1.813,0.2
3b5d9ce1-02cc-40e8-b801-969a7110370f,c2ebef20-c7b3-4180-97d7-2983f8f525f2,EVT-REAL-2022-00314,26.82061,80.10376,Madhya Pradesh,Singrauli,,,2022-02-19,TRAIN,Singrauli,EASTERN_COAL_BELT,Uncertain,UNKNOWN,LOW_CONFIDENCE_HOTSPOT,UNVERIFIED,REAL,False,True,21.16,21.16,0.0,351.98,351.98,0.0,5614.399431262574,331040.5,470436.7,4200.0,397147.4,380708.0,0,0.0,0.0,1.0,1.0,0.65
d9c07469-6b95-418c-843b-0e27183de55a,feeb711e-db62-4d06-ba61-e972c42676cd,EVT-REAL-2022-00315,31.16146,75.03666,Punjab,Sangrur,,,2022-02-19,TRAIN,Sangrur,NORTHERN_AGRICULTURE,Agricultural Burning,REAL,BHUVAN_AGRICULTURAL_CYCLE,UNVERIFIED,REAL,False,True,12.83,12.83,0.0,346.46,346.46,0.0,10055.045472584194,985277.6,0.0,4200.0,1086340.0,1069556.2,4,0.0,0.0,1.0,1.0,0.2
e248dd8d-9566-4412-a769-6145877dc25a,bb441b56-35b2-4112-8d91-26e1b2e9ff37,EVT-REAL-2022-00316,31.2888,75.80338,Punjab,Sangrur,,,2022-02-19,TRAIN,Sangrur,NORTHERN_AGRICULTURE,Agricultural Burning,REAL,BHUVAN_AGRICULTURAL_CYCLE,UNVERIFIED,REAL,False,True,8.21,8.21,0.0,344.18,344.18,0.0,4117.32172836994,955565.5,0.0,4200.0,1044846.0,1028971.1,4,0.0333,2.0,1.0,1.981,0.65
e6ec1598-06a7-4be2-b145-ebae7538d36d,0fdd34d4-e0cf-497b-babb-bdcc26f0e570,EVT-REAL-2022-00317,31.51036,76.15967,Punjab,Sangrur,,,2022-02-19,TRAIN,Sangrur,NORTHERN_AGRICULTURE,Agricultural Burning,REAL,BHUVAN_AGRICULTURAL_CYCLE,UNVERIFIED,REAL,False,True,8.94,8.94,0.0,347.48,347.48,0.0,2587.496313705709,959221.7,0.0,4200.0,1040611.4,1025391.9,4,0.0,0.0,1.0,0.894,0.65
981357ab-2ef0-49ad-888d-d08d662193e8,3f4dcec6-b3c5-438a-b79d-9608f29dd867,EVT-REAL-2022-00318,31.71228,74.51388,Punjab,Sangrur,,,2022-02-19,TRAIN,Sangrur,NORTHERN_AGRICULTURE,Agricultural Burning,REAL,BHUVAN_AGRICULTURAL_CYCLE,UNVERIFIED,REAL,False,True,9.96,9.96,0.0,337.22,337.22,0.0,8541.009531843923,1063955.7,0.0,4200.0,1164423.2,1147769.3,4,0.0333,1.0,1.0,15.323,0.2
96016d0d-1301-4497-95b1-8bbc2d0d8aa4,3e6b390a-ae22-4002-bd66-a371405d13ae,EVT-REAL-2022-00319,31.94777,75.3896,Punjab,Sangrur,e4fd3555-7b29-4f3b-b077-8200b16a7bf6,Clay Building Materials (Brickyard / Brickworks / Kiln) (Way #1479803119),2022-02-19,TRAIN,e4fd3555-7b29-4f3b-b077-8200b16a7bf6,NORTHERN_AGRICULTURE,Industrial Fire,WEAKLY_LABELED,FACILITY_ANOMALOUS_THERMAL,UNVERIFIED,REAL,False,True,9.13,9.13,0.0,341.56,341.56,0.0,986.0197800517079,1038314.4,15658.2,4200.0,1125227.1,1109649.6,0,0.0333,1.0,1.0,1.227,0.95
c329de77-8de6-4539-9515-9d63abb6d98a,7ab5150b-3e01-4210-a825-b85a04c348b6,EVT-REAL-2022-00320,26.9287,81.8344,Uttar Pradesh,Sonbhadra,,,2022-02-20,TRAIN,Sonbhadra,GENERAL_INDIAN_TERRITORY,Uncertain,UNKNOWN,LOW_CONFIDENCE_HOTSPOT,UNVERIFIED,REAL,False,True,8.8,8.8,0.0,307.5,307.5,0.0,3281.474832303513,340627.9,592984.3,4200.0,317474.7,309281.4,0,0.0,0.0,1.0,0.88,0.65
61a10499-4278-43dc-ae5d-b9ca089fafac,c599682a-81ac-484a-baea-2edd89b274a8,EVT-REAL-2022-00321,25.9923,81.9954,Madhya Pradesh,Singrauli,,,2022-02-20,TRAIN,Singrauli,EASTERN_COAL_BELT,Forest Fire,REAL,FSI_FOREST_CANOPY,UNVERIFIED,REAL,False,True,8.0,8.0,0.0,309.3,309.3,0.0,29114.07254386289,243686.0,669860.9,4200.0,214487.1,204988.1,0,0.0667,2.0,1.0,1.468,0.2
dee762de-f3b7-4f89-b7aa-edaeae8d7b57,4de3cf53-20a2-4c41-af17-36948e104b91,EVT-REAL-2022-00322,12.2817,76.749,Tamil Nadu,Chennai,,,2022-02-20,TRAIN,Chennai,GENERAL_INDIAN_TERRITORY,Uncertain,UNKNOWN,LOW_CONFIDENCE_HOTSPOT,UNVERIFIED,REAL,False,True,21.5,21.5,0.0,322.7,322.7,0.0,5947.911713318861,1313482.6,1950788.3,4200.0,1440903.1,1266723.0,0,0.0333,1.0,1.0,2.56,0.65
924bb05b-4bf5-49d9-a0cb-3dac2dbc47bc,271bc621-d9d9-401a-99b9-9f8e7db309a4,EVT-REAL-2022-00323,21.38511,72.76353,Gujarat,Jamnagar,,,2022-02-20,TRAIN,Jamnagar,WESTERN_PETROCHEMICAL,Uncertain,UNKNOWN,LOW_CONFIDENCE_HOTSPOT,UNVERIFIED,REAL,False,True,30.11,30.11,0.0,343.37,343.37,0.0,6055.915744331519,859611.2,954243.4,4200.0,1069544.0,1013473.2,0,0.0667,2.0,1.0,22.725,0.65
e50c85ff-444d-4b2c-aaac-521790f4d170,722c04fd-0e40-46e1-961f-0a57caf84787,EVT-REAL-2022-00324,25.3525,81.9966,Madhya Pradesh,Singrauli,,,2022-02-20,TRAIN,Singrauli,EASTERN_COAL_BELT,Uncertain,UNKNOWN,LOW_CONFIDENCE_HOTSPOT,UNVERIFIED,REAL,False,True,17.1,17.1,0.0,313.7,313.7,0.0,8232.070272026062,177763.0,718830.4,4200.0,151323.1,138626.1,0,0.1,3.0,1.0,1.081,0.2
95ed978d-7ff5-4e23-8f9f-7c988fe296a9,04b5eae6-6319-4df4-a663-9704846b2134,EVT-REAL-2022-00325,30.44509,75.94115,Punjab,Sangrur,,,2022-02-20,TRAIN,Sangrur,NORTHERN_AGRICULTURE,Agricultural Burning,REAL,BHUVAN_AGRICULTURAL_CYCLE,UNVERIFIED,REAL,False,True,12.09,12.09,0.0,367.0,367.0,0.0,6081.791005999724,870265.7,0.0,4200.0,968887.9,952150.0,4,0.0,0.0,1.0,1.0,0.65
5db1d806-f88f-48ae-aeb0-6bcfcd110513,95674e11-e0d5-4fe6-b26f-0b1a7d862c6b,EVT-REAL-2022-00326,21.1143,72.64,Gujarat,Jamnagar,39fc0078-728d-4f90-9e35-9d0e34d5ab9e,Hazira II (Essar) Power Plant,2022-02-20,TRAIN,39fc0078-728d-4f90-9e35-9d0e34d5ab9e,WESTERN_PETROCHEMICAL,Gas Flare,WEAKLY_LABELED,FACILITY_THERMAL_BASE,UNVERIFIED,REAL,False,True,28.1,28.1,0.0,302.4,302.4,0.0,579.1366953658202,881133.9,985809.2,4200.0,1090989.7,1030508.2,0,1.0,908.0,0.0,5.392,0.95
a4359ab5-3e03-44a0-9951-9b42c6329b6d,274c0e21-d17d-433e-a880-c9eb2de2670b,EVT-REAL-2022-00327,31.642,75.3231,Punjab,Sangrur,,,2022-02-21,TRAIN,Sangrur,NORTHERN_AGRICULTURE,Agricultural Burning,REAL,BHUVAN_AGRICULTURAL_CYCLE,UNVERIFIED,REAL,False,True,8.7,8.7,0.0,308.9,308.9,0.0,5433.623842355348,1013235.6,0.0,4200.0,1104647.3,1088670.4,4,0.0,0.0,1.0,0.87,0.65
25709140-45af-43e6-b408-fe35d407d370,039d3ed7-a130-4619-90a2-3a53f97054a0,EVT-REAL-2022-00328,19.97307,82.12756,Chhattisgarh,Korba,,,2022-02-21,TRAIN,Korba,EASTERN_COAL_BELT,Forest Fire,REAL,FSI_FOREST_CANOPY,UNVERIFIED,REAL,False,True,23.61,23.61,0.0,344.4,344.4,0.0,34699.53404831053,400935.1,1223735.5,4200.0,445806.4,260839.7,0,0.0333,1.0,1.0,4.898,0.2
391eed8b-2ac4-4d8d-a216-95b4c0c9912f,0f818c6d-deb8-4c9d-ac9c-931795312460,EVT-REAL-2022-00329,27.75019,80.38808,Uttar Pradesh,Sonbhadra,,,2022-02-21,TRAIN,Sonbhadra,GENERAL_INDIAN_TERRITORY,Agricultural Burning,REAL,BHUVAN_AGRICULTURAL_CYCLE,UNVERIFIED,REAL,False,True,9.22,9.22,0.0,342.03,342.03,0.0,22575.98062841797,428539.2,423532.3,4200.0,461519.8,448446.8,0,0.0,0.0,1.0,0.922,0.2
9c831e9e-e0c3-4501-8698-fb2ed80703cf,396f561d-3b35-4364-ba89-9ddee4589192,EVT-REAL-2022-00330,30.43447,76.62847,Punjab,Sangrur,,,2022-02-21,TRAIN,Sangrur,NORTHERN_AGRICULTURE,Agricultural Burning,REAL,BHUVAN_AGRICULTURAL_CYCLE,UNVERIFIED,REAL,False,True,12.67,12.39,0.282842712474619,338.04,335.6,2.4399999999999977,4873.677274957901,833574.4,0.0,4200.0,921750.9,905781.7,4,0.0,0.0,1.0,1.023,0.65
14117dea-b0db-4e32-8411-201d70f6fe0d,db21d86e-fcec-49eb-9e0f-f00fcbf80b34,EVT-REAL-2022-00331,30.44474,74.19183,Punjab,Sangrur,,,2022-02-21,TRAIN,Sangrur,NORTHERN_AGRICULTURE,Agricultural Burning,REAL,BHUVAN_AGRICULTURAL_CYCLE,UNVERIFIED,REAL,False,True,21.47,18.12,3.345145736735546,330.95,330.53,0.4200000000000159,9209.91466573388,976660.5,784.8,4200.0,1096846.0,1078592.5,0,0.0,0.0,1.0,1.185,0.2
76022530-8bdd-49d0-a9f4-59d3294d5473,20200d8a-e505-403a-90e7-6d38df5b4ed4,EVT-REAL-2022-00332,31.14841,76.62524,Punjab,Sangrur,,,2022-02-21,TRAIN,Sangrur,NORTHERN_AGRICULTURE,Agricultural Burning,REAL,BHUVAN_AGRICULTURAL_CYCLE,UNVERIFIED,REAL,False,True,12.58,12.58,0.0,340.74,340.74,0.0,4227.355050871476,902675.7,0.0,4200.0,981362.0,966282.7,4,0.0,0.0,1.0,1.0,0.65
cda1fc43-5387-4cf1-9ade-99cee03d9bd1,97fba74f-d2f0-4760-b702-45e9fc35c6fd,EVT-REAL-2022-00333,31.63717,75.62444,Punjab,Sangrur,,,2022-02-21,TRAIN,Sangrur,NORTHERN_AGRICULTURE,Agricultural Burning,REAL,BHUVAN_AGRICULTURAL_CYCLE,UNVERIFIED,REAL,False,True,9.57,9.57,0.0,338.54,338.54,0.0,3335.2991742032054,997320.9,0.0,4200.0,1084777.4,1069105.5,4,0.0667,2.0,1.0,4.623,0.65
b9658783-3454-465f-a6f1-39948d7c78a0,80262443-d2b4-4495-a55f-125e9f2193ae,EVT-REAL-2022-00334,22.18,72.801,Gujarat,Jamnagar,,,2022-02-21,TRAIN,Jamnagar,WESTERN_PETROCHEMICAL,Other Thermal Source,REAL,BACKGROUND_THERMAL_SOURCE,UNVERIFIED,REAL,False,True,56.1,41.9,10.097029266076236,332.5,328.63,3.8700000000000045,7893.844564032718,833826.2,866651.7,4200.0,1042954.4,1001658.5,0,0.0667,3.0,1.0,10.294,0.65
24f6f52e-bea5-44b5-987f-96e01da098d4,7fd06608-6fc6-4294-bdc6-10c546390f56,EVT-REAL-2022-00335,18.99955,82.34039,Chhattisgarh,Korba,,,2022-02-22,TRAIN,Korba,EASTERN_COAL_BELT,Mining Activity,REAL,IBM_MINING_GROUND_TRUTH,UNVERIFIED,REAL,False,True,35.42,35.42,0.0,348.0,348.0,0.0,20363.762061072874,474320.2,1331103.6,4200.0,550196.4,365880.7,0,0.1333,8.0,1.0,6.92,0.2
1e3122f7-c783-40ff-9120-cb74c0860d53,9df411e2-a752-46fe-823e-a6760bc01880,EVT-REAL-2022-00336,31.46937,75.75285,Punjab,Sangrur,,,2022-02-22,TRAIN,Sangrur,NORTHERN_AGRICULTURE,Agricultural Burning,REAL,BHUVAN_AGRICULTURAL_CYCLE,UNVERIFIED,REAL,False,True,8.25,8.25,0.0,367.0,367.0,0.0,8647.358802903453,975082.0,0.0,4200.0,1062816.6,1047093.7,4,0.0,0.0,1.0,0.825,0.2
2499c113-e34a-419c-b246-332710934703,72c34260-8ad3-410c-9ce0-f29d66c3be16,EVT-REAL-2022-00337,18.1754,82.2667,Chhattisgarh,Korba,,,2022-02-22,TRAIN,Korba,EASTERN_COAL_BELT,Forest Fire,REAL,FSI_FOREST_CANOPY,UNVERIFIED,REAL,False,True,22.6,22.6,0.0,333.7,333.7,0.0,22084.562874102514,537314.6,1412060.2,4200.0,641750.2,457390.7,0,0.0,0.0,1.0,1.0,0.2
71e72589-f1c9-4a9b-a174-52bbcc984e55,6f27a729-b768-4e2f-a39e-251041453a25,EVT-REAL-2022-00338,21.6215,72.9236,Gujarat,Jamnagar,,,2022-02-22,TRAIN,Jamnagar,WESTERN_PETROCHEMICAL,Uncertain,UNKNOWN,LOW_CONFIDENCE_HOTSPOT,UNVERIFIED,REAL,False,True,26.3,26.3,0.0,320.1,320.1,0.0,4977.214637279394,836235.4,926007.7,4200.0,1046127.3,993890.0,1,0.0333,2.0,1.0,3.152,0.65
0118935d-ac50-4bbd-9bb6-552e5c061e1b,2831c448-a3ec-42ee-b80c-5808c4e40293,EVT-REAL-2022-00339,21.62623,72.9364,Gujarat,Jamnagar,,,2022-02-22,TRAIN,Jamnagar,WESTERN_PETROCHEMICAL,Uncertain,UNKNOWN,LOW_CONFIDENCE_HOTSPOT,UNVERIFIED,REAL,False,True,37.78,37.78,0.0,342.64,342.64,0.0,6010.5677020443245,834817.4,925312.4,4200.0,1044708.7,992516.6,1,0.0333,1.0,1.0,16.498,0.65
d65a2ece-8d4a-4d3c-ba67-f79c2e2e5bdd,9653e919-33c1-4233-8535-5b9fc4a3e1fb,EVT-REAL-2022-00340,26.29219,81.84074,Madhya Pradesh,Singrauli,,,2022-02-22,TRAIN,Singrauli,EASTERN_COAL_BELT,Uncertain,UNKNOWN,LOW_CONFIDENCE_HOTSPOT,UNVERIFIED,REAL,False,True,10.01,10.01,0.0,339.59,339.59,0.0,8192.090558030404,271609.1,636450.7,4200.0,251104.8,241326.9,0,0.1667,5.0,1.0,1.964,0.2
daaca2c6-f386-4ae5-a1eb-262417009b02,67226427-6605-47bf-8a98-a9ea11072f61,EVT-REAL-2022-00341,26.0725,79.5572,Madhya Pradesh,Singrauli,08e18b93-edd6-455d-9b0d-d5f9cd10edac,Solar Photovoltaic / Solar Thermal Power Generation (Way #980624055),2022-02-23,TRAIN,08e18b93-edd6-455d-9b0d-d5f9cd10edac,EASTERN_COAL_BELT,Industrial Fire,REAL,OSM_FACILITY_GROUND_TRUTH,UNVERIFIED,REAL,False,True,8.2,8.2,0.0,313.4,313.4,0.0,318.31696103921627,271394.5,503417.6,4200.0,387211.9,367411.2,0,0.0333,2.0,1.0,2.207,0.95
878561a0-faca-4dc3-907f-20f2f6039182,8a26a490-65e4-462b-8e7f-2a996a0b7284,EVT-REAL-2022-00342,25.6772,78.3277,Madhya Pradesh,Singrauli,,,2022-02-23,TRAIN,Singrauli,EASTERN_COAL_BELT,Uncertain,UNKNOWN,LOW_CONFIDENCE_HOTSPOT,UNVERIFIED,REAL,False,True,13.0,13.0,0.0,319.3,319.3,0.0,10467.153952862162,318191.9,491560.0,4200.0,480389.7,458748.4,0,0.0,0.0,1.0,1.0,0.2
78fe4b6a-51cf-48da-952d-581aa060eac0,d729617d-9fc4-4c6c-af04-434ebb49eb38,EVT-REAL-2022-00343,25.6756,78.3378,Madhya Pradesh,Singrauli,,,2022-02-23,TRAIN,Singrauli,EASTERN_COAL_BELT,Uncertain,UNKNOWN,LOW_CONFIDENCE_HOTSPOT,UNVERIFIED,REAL,False,True,13.6,13.6,0.0,320.2,320.2,0.0,9485.590798299894,317281.6,492034.5,4200.0,479373.3,457734.0,0,0.0,0.0,1.0,1.0,0.2
59cd1c6f-01e1-4277-a4f7-8260346b7799,88b8be91-d9e3-4189-963f-d418cc198b87,EVT-REAL-2022-00344,20.9638,85.166,Odisha,Angul,,,2022-02-23,TRAIN,Angul,EASTERN_COAL_BELT,Mining Activity,REAL,IBM_MINING_GROUND_TRUTH,UNVERIFIED,REAL,False,True,31.5,30.8,0.7,312.2,312.15,0.05000000000001137,2967.8706035695927,108348.9,1298314.4,4200.0,393133.7,296852.6,1,1.0,1732.0,1.0,10.216,0.65
f83c032b-bdb2-4064-8261-1feab551bfab,6247f785-1d0e-4c3f-9a45-68f0e1d83470,EVT-REAL-2022-00345,11.8875,76.7195,Tamil Nadu,Chennai,d73dbeea-7f4f-409d-9277-6c8f1acd4d48,Solar Photovoltaic / Solar Thermal Power Generation (Way #1002717646),2022-02-23,TRAIN,d73dbeea-7f4f-409d-9277-6c8f1acd4d48,GENERAL_INDIAN_TERRITORY,Industrial Fire,WEAKLY_LABELED,FACILITY_ANOMALOUS_THERMAL,UNVERIFIED,REAL,False,True,38.3,38.3,0.0,339.8,339.8,0.0,506.5602166769024,1355901.9,1994406.1,4200.0,1481732.6,1306807.8,0,0.0,0.0,1.0,1.0,0.95
1ff21e59-fe19-4816-a18b-acb0ae2a7b6e,51ba42b5-e912-4141-a06f-bdac4395bd85,EVT-REAL-2022-00346,11.8858,76.7303,Tamil Nadu,Chennai,d73dbeea-7f4f-409d-9277-6c8f1acd4d48,Solar Photovoltaic / Solar Thermal Power Generation (Way #1002717646),2022-02-23,TRAIN,d73dbeea-7f4f-409d-9277-6c8f1acd4d48,GENERAL_INDIAN_TERRITORY,Industrial Fire,WEAKLY_LABELED,FACILITY_ANOMALOUS_THERMAL,UNVERIFIED,REAL,False,True,35.7,35.7,0.0,338.4,338.4,0.0,687.5597811335392,1355717.1,1994589.8,4200.0,1481408.6,1306434.2,0,0.0,0.0,1.0,1.0,0.95
6898c727-df4f-4d2a-8d2e-1b25500539c0,73db1216-5cfc-431d-8b5b-994308b527bc,EVT-REAL-2022-00347,26.41621,81.77528,Madhya Pradesh,Singrauli,c322d119-2592-424b-90c9-ba5e794cc271,Solar Photovoltaic / Solar Thermal Power Generation (Way #975411726),2022-02-23,TRAIN,c322d119-2592-424b-90c9-ba5e794cc271,EASTERN_COAL_BELT,Other Thermal Source,REAL,BACKGROUND_THERMAL_SOURCE,UNVERIFIED,REAL,False,True,23.75,19.14,4.326661530556787,367.0,360.16,6.839999999999975,1921.5020434649878,283719.2,622638.6,4200.0,266305.3,256426.3,0,0.0,0.0,1.0,1.241,0.95
8fb0ddd0-c5c8-4730-9417-b78ad27c4333,ef223a4a-2df6-49cb-9e8e-f47ed386963e,EVT-REAL-2022-00348,23.6749,86.0933,Jharkhand,Dhanbad,52f465c3-1def-446f-8696-511667e0eacf,Industrial Manufacturing (cooling) (Way #669690360),2022-02-23,TRAIN,52f465c3-1def-446f-8696-511667e0eacf,EASTERN_COAL_BELT,Gas Flare,WEAKLY_LABELED,FACILITY_THERMAL_BASE,UNVERIFIED,REAL,False,True,17.1,17.1,0.0,313.1,313.1,0.0,782.4671571942657,179946.2,1152349.1,4200.0,306525.3,347020.7,0,1.0,629.0,1.0,8.072,0.95
f3bb1f7e-5270-4943-96b9-4950b4d3bf1a,101520a0-76b3-40bb-ba0d-78055bda41c4,EVT-REAL-2022-00349,21.4273,73.1517,Gujarat,Jamnagar,1f1ed5c4-a9c4-4551-8f7d-4204fd9e1358,Solar Photovoltaic / Solar Thermal Power Generation (Way #1530571264),2022-02-24,TRAIN,1f1ed5c4-a9c4-4551-8f7d-4204fd9e1358,WESTERN_PETROCHEMICAL,Uncertain,UNKNOWN,LOW_CONFIDENCE_HOTSPOT,UNVERIFIED,REAL,False,True,25.7,25.7,0.0,318.1,318.1,0.0,1757.9144275311899,819821.8,944505.1,4200.0,1029744.6,972959.6,0,0.0,0.0,1.0,1.0,0.95
ae06c8c1-4dc5-4f56-89d7-992ba6d59d38,f9482819-13f2-440e-a909-ab83ee2300e0,EVT-REAL-2022-00350,18.17836,81.7567,Chhattisgarh,Korba,,,2022-02-24,TRAIN,Korba,EASTERN_COAL_BELT,Forest Fire,REAL,FSI_FOREST_CANOPY,UNVERIFIED,REAL,False,True,28.61,28.61,0.0,340.21,340.21,0.0,27891.78068160858,578132.0,1392254.0,4200.0,648149.8,463210.7,0,0.1,4.0,1.0,5.075,0.2
91ab6b39-1a48-4edc-81a9-a45fe5e88088,f68d7af2-76fc-4c37-9a59-29894b32f883,EVT-REAL-2022-00351,30.6839,75.89526,Punjab,Sangrur,,,2022-02-24,TRAIN,Sangrur,NORTHERN_AGRICULTURE,Agricultural Burning,REAL,BHUVAN_AGRICULTURAL_CYCLE,UNVERIFIED,REAL,False,True,17.56,17.56,0.0,344.14,344.14,0.0,4149.191398816137,894604.0,0.0,4200.0,990550.2,974057.1,4,0.0,0.0,1.0,1.0,0.65
a3258c00-6790-4e49-ada4-b95dcaac717b,2c4d2d16-ee88-4d30-94fb-a47dc1e1d115,EVT-REAL-2022-00352,31.18221,75.6482,Punjab,Sangrur,,,2022-02-24,TRAIN,Sangrur,NORTHERN_AGRICULTURE,Agricultural Burning,REAL,BHUVAN_AGRICULTURAL_CYCLE,UNVERIFIED,REAL,False,True,8.36,8.36,0.0,339.04,339.04,0.0,7588.132010694181,953660.8,0.0,4200.0,1046458.7,1030296.3,4,0.0,0.0,1.0,0.836,0.65
02231c43-7cf0-4e35-b3ed-399d3448a77a,f710df47-e86b-4806-8517-9fd0da3c9835,EVT-REAL-2022-00353,18.0943,81.9721,Chhattisgarh,Korba,,,2022-02-24,TRAIN,Korba,EASTERN_COAL_BELT,Uncertain,UNKNOWN,LOW_CONFIDENCE_HOTSPOT,UNVERIFIED,REAL,False,True,21.7,21.7,0.0,327.4,327.4,0.0,8078.547005072672,566593.6,1408978.3,4200.0,654012.0,469107.1,0,0.0,0.0,1.0,1.0,0.2
5d0351c6-6e80-486d-aff7-e1fd1c8f919e,514590e7-6542-421a-b92e-760f80ae0704,EVT-REAL-2022-00354,14.16893,79.62,Andhra Pradesh,East Godavari,,,2022-02-24,TRAIN,East Godavari,GENERAL_INDIAN_TERRITORY,Uncertain,UNKNOWN,LOW_CONFIDENCE_HOTSPOT,UNVERIFIED,REAL,False,True,29.9,29.9,0.0,340.64,340.64,0.0,9735.283080463894,1040313.6,1765926.2,4200.0,1133106.2,950702.5,0,0.0,0.0,1.0,1.0,0.2
936f7db0-9e2f-4383-87e6-d30197406e57,e0c1a0dc-16d6-4268-9b59-e4ef90b72f22,EVT-REAL-2022-00355,15.04822,76.57851,Karnataka,Ballari,4012a577-15bd-442f-8dbb-180ee80517bb,JSW transfer station,2022-02-24,TRAIN,4012a577-15bd-442f-8dbb-180ee80517bb,GENERAL_INDIAN_TERRITORY,Industrial Fire,WEAKLY_LABELED,FACILITY_ANOMALOUS_THERMAL,UNVERIFIED,REAL,False,True,25.16,25.16,0.0,350.59,350.59,0.0,953.9178322392039,1035250.9,1644850.1,4200.0,1181681.7,1018065.7,0,0.0,0.0,1.0,1.0,0.95
63a01652-2e98-430d-90b7-466ebaaa7b74,96471936-fb5b-4813-9d79-4126e1f9516f,EVT-REAL-2022-00356,15.05163,76.57796,Karnataka,Ballari,4012a577-15bd-442f-8dbb-180ee80517bb,JSW transfer station,2022-02-24,TRAIN,4012a577-15bd-442f-8dbb-180ee80517bb,GENERAL_INDIAN_TERRITORY,Industrial Fire,WEAKLY_LABELED,FACILITY_ANOMALOUS_THERMAL,UNVERIFIED,REAL,False,True,25.16,25.16,0.0,353.63,353.63,0.0,1107.2445765935738,1034932.9,1644473.4,4200.0,1181395.5,1017800.4,0,0.0,0.0,1.0,1.0,0.95
a390ffd7-3b79-464e-809f-5b19bc812c49,9b78e40a-0f13-435d-993a-cde65b5f0033,EVT-REAL-2022-00357,31.08215,75.91756,Punjab,Sangrur,,,2022-02-24,TRAIN,Sangrur,NORTHERN_AGRICULTURE,Agricultural Burning,REAL,BHUVAN_AGRICULTURAL_CYCLE,UNVERIFIED,REAL,False,True,9.43,9.21,0.22360679774997896,346.49,339.0,7.490000000000009,3638.6897396913796,930384.6,0.0,4200.0,1020687.7,1004695.8,4,0.0667,2.0,1.0,3.269,0.65
5a72884f-0f8c-45b5-b6f4-09a354ae313a,98508ad4-5d4b-41a2-ba25-38d0caeb0232,EVT-REAL-2022-00358,31.40545,75.58302,Punjab,Sangrur,,,2022-02-24,TRAIN,Sangrur,NORTHERN_AGRICULTURE,Agricultural Burning,REAL,BHUVAN_AGRICULTURAL_CYCLE,UNVERIFIED,REAL,False,True,10.75,10.75,0.0,333.55,333.55,0.0,2595.72485385225,977765.3,0.0,4200.0,1068628.8,1052653.6,4,0.0,0.0,1.0,1.0,0.65
f08836cf-7b45-4f3f-bef2-9c9c08cd364c,526bc566-dd0e-49ca-be4d-e6f14cc06f4d,EVT-REAL-2022-00359,21.37468,72.83511,Gujarat,Jamnagar,,,2022-02-24,TRAIN,Jamnagar,WESTERN_PETROCHEMICAL,Uncertain,UNKNOWN,LOW_CONFIDENCE_HOTSPOT,UNVERIFIED,REAL,False,True,29.06,29.06,0.0,352.46,352.46,0.0,7139.63999533917,852873.9,954330.3,4200.0,1062804.1,1006267.4,0,0.1,4.0,1.0,12.146,0.65
9d9e63fa-00f0-483c-8cbe-ac7371e476d4,abb112dc-3c21-4f30-abd9-86e5736c3291,EVT-REAL-2022-00360,20.6394,84.2194,Chhattisgarh,Korba,,,2022-02-25,TRAIN,Korba,EASTERN_COAL_BELT,Uncertain,UNKNOWN,LOW_CONFIDENCE_HOTSPOT,UNVERIFIED,REAL,False,True,25.9,25.9,0.0,321.5,321.5,0.0,13579.534294116309,212863.8,1268374.4,4200.0,384309.9,243432.1,0,0.0333,1.0,1.0,8.145,0.2
5fcb4cee-5cb2-4c28-967e-b3ba8b2493e5,e0a40cc1-7428-403a-adca-b2a52a1c4bfd,EVT-REAL-2022-00361,23.67555,86.08075,Jharkhand,Dhanbad,4d2b15db-0fa2-4129-9070-f4361c27eadd,Industrial Manufacturing (cooling) (Way #669690368),2022-02-25,TRAIN,4d2b15db-0fa2-4129-9070-f4361c27eadd,EASTERN_COAL_BELT,Gas Flare,WEAKLY_LABELED,FACILITY_THERMAL_BASE,UNVERIFIED,REAL,False,True,39.2,38.4,0.8,310.0,309.85,0.14999999999997726,257.1732782779165,180027.7,1151306.0,4200.0,305245.0,345744.7,0,1.0,627.0,1.0,18.205,0.95
717f31de-2aa5-4844-b66c-58cf30c81026,ae3144f1-9a34-47c6-880c-474cddb51b12,EVT-REAL-2022-00362,15.03645,76.65459,Karnataka,Ballari,,,2022-02-25,TRAIN,Ballari,GENERAL_INDIAN_TERRITORY,Uncertain,UNKNOWN,LOW_CONFIDENCE_HOTSPOT,UNVERIFIED,REAL,False,True,30.48,30.48,0.0,355.04,355.04,0.0,4350.364007127994,1033043.8,1646073.0,4200.0,1178401.5,1014197.8,0,0.0,0.0,1.0,1.0,0.65
ad8294f2-4342-4698-9e32-ad689f7b4270,97968256-78e7-4988-8cc5-b0fc8e033eeb,EVT-REAL-2022-00363,15.0351,76.6472,Karnataka,Ballari,,,2022-02-25,TRAIN,Ballari,GENERAL_INDIAN_TERRITORY,Uncertain,UNKNOWN,LOW_CONFIDENCE_HOTSPOT,UNVERIFIED,REAL,False,True,28.4,28.4,0.0,337.0,337.0,0.0,4637.694055169738,1033507.1,1646229.4,4200.0,1178951.5,1014792.5,0,0.0,0.0,1.0,1.0,0.65
affe180c-9d6a-4a51-bc00-2df412526cb4,deee25da-5832-453f-a70a-27c34be032d2,EVT-REAL-2022-00364,18.14196,82.35824,Chhattisgarh,Korba,,,2022-02-25,TRAIN,Korba,EASTERN_COAL_BELT,Forest Fire,REAL,FSI_FOREST_CANOPY,UNVERIFIED,REAL,False,True,47.9,36.09,10.578752289377041,349.03,338.55,10.479999999999961,32299.695881383443,532713.4,1419153.2,4200.0,644691.7,460636.0,0,0.2,9.0,1.0,7.919,0.2
091c2c26-10f3-461c-8534-25fca154968d,236a65fa-bfbb-46a4-81e1-68f99ad94fe7,EVT-REAL-2022-00365,18.1487,82.348,Chhattisgarh,Korba,,,2022-02-25,TRAIN,Korba,EASTERN_COAL_BELT,Forest Fire,REAL,FSI_FOREST_CANOPY,UNVERIFIED,REAL,False,True,55.3,55.3,0.0,322.6,322.6,0.0,31080.001208449463,532993.5,1418050.9,4200.0,644024.2,459931.0,0,0.1333,9.0,1.0,8.217,0.2
247496f1-93ce-49a6-872d-740dc0e13bd3,65946b18-c0d8-4dbb-9d7d-612dfce11e98,EVT-REAL-2022-00366,18.13155,82.38174,Chhattisgarh,Korba,,,2022-02-26,TRAIN,Korba,EASTERN_COAL_BELT,Other Thermal Source,REAL,BACKGROUND_THERMAL_SOURCE,UNVERIFIED,REAL,False,True,34.16,29.3,4.854894437575342,367.0,357.02,9.980000000000018,30788.761637584983,531696.4,1421166.7,4200.0,645672.2,461704.1,0,0.2333,13.0,1.0,7.503,0.2
f6c9a764-18b9-433a-80a3-625eb733064c,5ef2e4fd-6827-4aad-94b1-ff6cd4375400,EVT-REAL-2022-00367,18.12967,82.37759,Chhattisgarh,Korba,,,2022-02-26,TRAIN,Korba,EASTERN_COAL_BELT,Uncertain,UNKNOWN,LOW_CONFIDENCE_HOTSPOT,UNVERIFIED,REAL,False,True,29.24,29.24,0.0,354.25,354.25,0.0,31191.01995442946,532158.2,1421191.3,4200.0,645909.0,461925.9,0,0.2333,11.0,1.0,5.995,0.2
b7c8d2d7-c567-4ac4-b5e7-05a793d01ec3,1671016e-529d-43a1-a08b-622e53c3f8fa,EVT-REAL-2022-00368,18.4227,81.7696,Chhattisgarh,Korba,,,2022-02-26,TRAIN,Korba,EASTERN_COAL_BELT,Forest Fire,REAL,FSI_FOREST_CANOPY,UNVERIFIED,REAL,False,True,51.2,51.2,0.0,334.4,334.4,0.0,38924.481575844526,560486.8,1367394.2,4200.0,621256.0,436340.1,0,0.0,0.0,1.0,1.0,0.2
d337ef60-97ab-4864-b141-3033f30b545f,e99bfdf1-3f7e-447b-a18b-fb8e58ffe4d8,EVT-REAL-2022-00369,19.08761,82.47402,Chhattisgarh,Korba,,,2022-02-26,TRAIN,Korba,EASTERN_COAL_BELT,Forest Fire,REAL,FSI_FOREST_CANOPY,UNVERIFIED,REAL,False,True,78.23,50.58,20.011746550463805,367.0,345.39,21.610000000000014,23350.429151698427,457206.4,1327974.0,4200.0,539442.2,355686.5,0,0.0333,1.0,1.0,30.205,0.2
b70cce08-224e-4134-af17-22d37f810f89,e080b0ec-23fa-42c1-8a62-eae8b1a18de5,EVT-REAL-2022-00370,23.9854,82.0345,Madhya Pradesh,Singrauli,,,2022-02-26,TRAIN,Singrauli,EASTERN_COAL_BELT,Uncertain,UNKNOWN,LOW_CONFIDENCE_HOTSPOT,UNVERIFIED,REAL,False,True,15.9,15.9,0.0,319.2,319.2,0.0,10149.400898772798,80417.7,836201.6,4200.0,77899.4,57450.9,0,0.0,0.0,1.0,1.0,0.2
13e783a4-e775-4641-abec-ded79c2ce592,39a48ac5-743c-4fa7-a0c6-6bebb54b1cf6,EVT-REAL-2022-00371,18.42346,81.77065,Chhattisgarh,Korba,,,2022-02-26,TRAIN,Korba,EASTERN_COAL_BELT,Forest Fire,REAL,FSI_FOREST_CANOPY,UNVERIFIED,REAL,False,True,26.52,26.52,0.0,347.98,347.98,0.0,38889.22263212493,560347.6,1367354.7,4200.0,621154.3,436237.6,0,0.0,0.0,1.0,1.0,0.2
7d539546-65fd-45b9-b738-424cfb55164d,96d001a7-2c7e-49a7-bc2d-3a600a4154ba,EVT-REAL-2022-00372,12.3213,75.5633,Karnataka,Ballari,,,2022-02-27,TRAIN,Ballari,GENERAL_INDIAN_TERRITORY,Uncertain,UNKNOWN,LOW_CONFIDENCE_HOTSPOT,UNVERIFIED,REAL,False,True,29.6,29.6,0.0,321.6,321.6,0.0,20749.73935068476,1355526.4,1947105.0,4200.0,1496804.7,1328453.3,0,0.1,9.0,1.0,3.477,0.2
b520a74a-9813-445c-b9a5-f6a9637fdf8a,0db183c6-38a8-4ed6-a13a-4ab710f76394,EVT-REAL-2022-00373,18.15485,82.3616,Chhattisgarh,Korba,,,2022-02-27,TRAIN,Korba,EASTERN_COAL_BELT,Uncertain,UNKNOWN,LOW_CONFIDENCE_HOTSPOT,UNVERIFIED,REAL,False,True,20.31,20.31,0.0,345.39,345.39,0.0,32354.987928648927,531477.8,1417969.6,4200.0,643243.7,459197.5,0,0.4333,25.0,1.0,2.17,0.2
7b9a4a31-f1ff-4db5-a59e-b13d857de0af,29dab126-6db1-448c-8976-62fcc54e8c99,EVT-REAL-2022-00374,12.91046,75.64252,Karnataka,Ballari,,,2022-02-27,TRAIN,Ballari,GENERAL_INDIAN_TERRITORY,Uncertain,UNKNOWN,LOW_CONFIDENCE_HOTSPOT,UNVERIFIED,REAL,False,True,20.13,20.13,0.0,353.24,353.24,0.0,6984.1609242935965,1292415.3,1881919.9,4200.0,1436137.2,1269332.8,0,0.1,8.0,1.0,2.729,0.65
e2a4f211-7e2c-4a14-b17a-1d8c59202f0d,83668ea3-8c54-4470-891c-547509f5a0d0,EVT-REAL-2022-00375,18.1731,82.41792,Chhattisgarh,Korba,,,2022-02-27,TRAIN,Korba,EASTERN_COAL_BELT,Forest Fire,REAL,FSI_FOREST_CANOPY,UNVERIFIED,REAL,False,True,32.39,32.39,0.0,350.27,350.27,0.0,28200.070664602383,525754.4,1418387.7,4200.0,640839.8,457003.7,0,0.1,3.0,1.0,4.93,0.2
fe43af2b-91f7-464c-86da-11cc841fe120,9a13aa1c-2123-48f6-98d3-62e3e17e8c85,EVT-REAL-2022-00376,18.1678,82.4142,Chhattisgarh,Korba,,,2022-02-27,TRAIN,Korba,EASTERN_COAL_BELT,Forest Fire,REAL,FSI_FOREST_CANOPY,UNVERIFIED,REAL,False,True,43.0,43.0,0.0,331.1,331.1,0.0,28383.11629787493,526443.4,1418777.6,4200.0,641449.4,457599.4,0,0.1333,5.0,1.0,8.35,0.2
31844784-1383-41a7-b25f-e4e710be0447,2e48bab9-b0cf-4a2b-aeaa-ae241c673aad,EVT-REAL-2022-00377,18.1596,81.5328,Chhattisgarh,Korba,,,2022-02-27,TRAIN,Korba,EASTERN_COAL_BELT,Forest Fire,REAL,FSI_FOREST_CANOPY,UNVERIFIED,REAL,False,True,23.6,23.6,0.0,328.0,328.0,0.0,34841.475963812816,591996.2,1386174.1,4200.0,654476.0,469830.9,0,0.0667,2.0,1.0,6.901,0.2
21c21bb0-2f40-4986-b26a-3393d5505126,272d5a33-8c73-469a-b39d-8c1ce0a9cbd8,EVT-REAL-2022-00378,13.26415,79.5653,Andhra Pradesh,East Godavari,,,2022-02-28,TRAIN,East Godavari,GENERAL_INDIAN_TERRITORY,Other Thermal Source,REAL,BACKGROUND_THERMAL_SOURCE,UNVERIFIED,REAL,False,True,95.8,87.55,8.249848483457136,322.4,321.45,0.9499999999999886,4058.9756878985313,1136738.7,1863994.2,4200.0,1230910.3,1047884.1,0,0.1,7.0,1.0,40.766,0.65
04d3a3ac-f1d1-4fa9-b2f6-c2e09751167d,b6cc94f5-f6a9-4a6c-aae7-9f56c755d2f5,EVT-REAL-2022-00379,18.18523,82.28185,Chhattisgarh,Korba,,,2022-02-28,TRAIN,Korba,EASTERN_COAL_BELT,Forest Fire,REAL,FSI_FOREST_CANOPY,UNVERIFIED,REAL,False,True,20.7,20.7,0.0,367.0,367.0,0.0,23525.040336097496,535396.7,1411656.7,4200.0,640532.0,456215.4,0,0.1,16.0,1.0,2.638,0.2
8d156c2d-4176-4eb8-9204-1e63aa2ec8ef,059af338-3b57-4d9c-981c-3240fae3c74f,EVT-REAL-2022-00380,19.6461,82.7415,Chhattisgarh,Korba,,,2022-02-28,TRAIN,Korba,EASTERN_COAL_BELT,Forest Fire,REAL,FSI_FOREST_CANOPY,UNVERIFIED,REAL,False,True,23.2,23.2,0.0,319.3,319.3,0.0,27327.729219733545,400479.4,1284354.2,4200.0,476600.3,293901.0,0,0.1,4.0,1.0,7.183,0.2
6687d682-80f2-47e8-9dfe-dc0032c73e96,010c58b2-7f55-46a8-8d26-1a8c2629877f,EVT-REAL-2022-00381,12.26313,75.56832,Karnataka,Ballari,,,2022-02-28,TRAIN,Ballari,GENERAL_INDIAN_TERRITORY,Uncertain,UNKNOWN,LOW_CONFIDENCE_HOTSPOT,UNVERIFIED,REAL,False,True,28.06,28.06,0.0,354.56,354.56,0.0,21231.720249065285,1361219.0,1953539.7,4200.0,1502128.4,1333570.0,0,0.0333,2.0,1.0,33.207,0.2
61f73ae4-1c0a-445f-a692-15db7aaa1a01,460a1c45-53fe-47b2-97a7-e42b525d5cb9,EVT-REAL-2022-00382,18.37439,80.67818,Chhattisgarh,Korba,,,2022-02-28,TRAIN,Korba,EASTERN_COAL_BELT,Forest Fire,REAL,FSI_FOREST_CANOPY,UNVERIFIED,REAL,False,True,37.77,31.7,5.99666574022598,367.0,367.0,0.0,24024.912203001073,567632.3,1335763.9,4200.0,655440.6,475232.6,0,0.0,0.0,1.0,1.191,0.2
7788b135-d7b5-4514-842f-4569d3d1b5eb,2cb5a574-16fa-491a-89a6-28a26c8ceff4,EVT-REAL-2022-00383,18.36571,80.66938,Chhattisgarh,Korba,,,2022-02-28,TRAIN,Korba,EASTERN_COAL_BELT,Forest Fire,REAL,FSI_FOREST_CANOPY,UNVERIFIED,REAL,False,True,21.51,21.51,0.0,367.0,367.0,0.0,22755.287515685006,568613.9,1336423.6,4200.0,656654.7,476485.2,0,0.0,0.0,1.0,1.0,0.2
2d2d853d-ce0d-40c6-b19c-d267b6d687d0,fde4bd16-3a66-454b-a59b-c006c25be236,EVT-REAL-2022-00384,18.36618,80.67508,Chhattisgarh,Korba,,,2022-02-28,TRAIN,Korba,EASTERN_COAL_BELT,Forest Fire,REAL,FSI_FOREST_CANOPY,UNVERIFIED,REAL,False,True,20.6,20.6,0.0,332.31,332.31,0.0,23316.07040824006,568548.0,1336543.3,4200.0,656406.5,476196.5,0,0.0,0.0,1.0,1.0,0.2
5ad19711-bd13-486f-8810-42a9092f9cbb,9b8b8b78-565e-43b6-9aa3-efa9b5080ef7,EVT-REAL-2022-00385,13.2684,79.54315,Andhra Pradesh,East Godavari,,,2022-03-01,TRAIN,East Godavari,GENERAL_INDIAN_TERRITORY,Other Thermal Source,REAL,BACKGROUND_THERMAL_SOURCE,UNVERIFIED,REAL,False,True,37.5,32.55,4.949747468305833,344.2,341.35,2.849999999999966,5540.262515109042,1137799.2,1863181.5,4200.0,1231105.4,1048137.3,0,0.0667,34.0,1.0,3.473,0.65
f885be84-325f-4699-b966-3c2a093ccca9,7de3b851-b9d8-4465-8942-2f92a7601dd6,EVT-REAL-2022-00386,20.96085,85.1616,Odisha,Angul,a53492c6-462b-498d-bf28-fdd7b44aaf1f,Mining and Quarrying n.e.c. (Way #1021846869),2022-03-01,TRAIN,a53492c6-462b-498d-bf28-fdd7b44aaf1f,EASTERN_COAL_BELT,Mining Activity,REAL,IBM_MINING_GROUND_TRUTH,UNVERIFIED,REAL,False,True,29.4,28.7,0.7,325.8,325.0,0.8000000000000114,2469.5907179059177,108904.4,1298283.8,4200.0,393165.1,296623.2,1,1.0,1980.0,1.0,9.408,0.95
bdafe8be-cede-4780-a918-1ac41c7e1bc1,a848de54-0f91-46dd-8197-f64302994421,EVT-REAL-2022-00387,18.7179,81.8743,Chhattisgarh,Korba,,,2022-03-01,TRAIN,Korba,EASTERN_COAL_BELT,Forest Fire,REAL,FSI_FOREST_CANOPY,UNVERIFIED,REAL,False,True,24.4,24.4,0.0,335.8,335.8,0.0,27738.012476154927,532451.0,1340900.3,4200.0,587205.7,402253.6,0,0.0,0.0,1.0,1.0,0.2
42dfc249-fc7c-4b48-950e-75e281d1d783,194c009f-26b3-479a-9864-914d5271b53c,EVT-REAL-2022-00388,18.4701,80.5199,Chhattisgarh,Korba,,,2022-03-01,TRAIN,Korba,EASTERN_COAL_BELT,Uncertain,UNKNOWN,LOW_CONFIDENCE_HOTSPOT,UNVERIFIED,REAL,False,True,20.8,20.8,0.0,336.0,336.0,0.0,6149.025982243452,557657.7,1320938.7,4200.0,651235.4,472600.7,0,0.0333,1.0,1.0,6.957,0.65
2ccf72cf-f0c7-4cf0-9087-89efeb229647,1849e221-d70d-494f-802c-7907b784035e,EVT-REAL-2022-00389,19.6936,82.486,Chhattisgarh,Korba,,,2022-03-01,TRAIN,Korba,EASTERN_COAL_BELT,Uncertain,UNKNOWN,LOW_CONFIDENCE_HOTSPOT,UNVERIFIED,REAL,False,True,29.0,29.0,0.0,334.0,334.0,0.0,29582.645028163457,421546.4,1267789.7,4200.0,472419.8,288594.8,0,0.2667,13.0,1.0,5.548,0.2
28d45122-3f1f-459b-bac5-77b080db52d3,c4b90463-18bf-4b74-8b97-465f68aa004b,EVT-REAL-2022-00390,18.15971,82.38432,Chhattisgarh,Korba,,,2022-03-01,TRAIN,Korba,EASTERN_COAL_BELT,Uncertain,UNKNOWN,LOW_CONFIDENCE_HOTSPOT,UNVERIFIED,REAL,False,True,90.67,90.67,0.0,367.0,367.0,0.0,31160.648596544994,529357.2,1418391.1,4200.0,642544.2,458580.4,0,0.4667,26.0,1.0,15.913,0.2
3adf6818-693a-4341-ae99-83187c0cccbc,8eac5c28-e60c-4057-bbbf-338da85955ad,EVT-REAL-2022-00391,18.4023,80.6885,Chhattisgarh,Korba,,,2022-03-01,TRAIN,Korba,EASTERN_COAL_BELT,Forest Fire,REAL,FSI_FOREST_CANOPY,UNVERIFIED,REAL,False,True,23.6,23.6,0.0,301.5,301.5,0.0,25445.55592045542,564520.8,1333109.5,4200.0,652164.6,471965.1,0,0.0333,1.0,0.0,52.444,0.2
6c81e931-59e0-4253-8581-61328a9e37b1,4bfda850-7dd2-4c28-a489-b6163e0dee5c,EVT-REAL-2022-00392,20.9635,85.17235,Odisha,Angul,,,2022-03-02,TRAIN,Angul,EASTERN_COAL_BELT,Mining Activity,REAL,IBM_MINING_GROUND_TRUTH,UNVERIFIED,REAL,False,True,42.4,33.7,8.7,326.0,319.55,6.449999999999989,3314.8599982300198,107774.0,1298752.8,4200.0,393515.5,297439.4,1,1.0,1915.0,1.0,12.897,0.65
0cd7a0de-7f49-410f-b082-29eaff3a141a,02fcdfc2-4c02-4e0c-838b-d3d409a7071b,EVT-REAL-2022-00393,20.3601,85.2435,Odisha,Angul,,,2022-03-02,TRAIN,Angul,EASTERN_COAL_BELT,Uncertain,UNKNOWN,LOW_CONFIDENCE_HOTSPOT,UNVERIFIED,REAL,False,True,58.5,58.5,0.0,315.6,315.6,0.0,9759.412679172732,145595.1,1356025.7,4200.0,454843.2,341826.9,0,0.0333,1.0,1.0,2.647,0.2
94149188-40a6-40ec-b1ac-69f09a192162,fe1aa4ef-0201-499e-ada0-afc83926a5a2,EVT-REAL-2022-00394,18.4039,80.6927,Chhattisgarh,Korba,,,2022-03-02,TRAIN,Korba,EASTERN_COAL_BELT,Forest Fire,REAL,FSI_FOREST_CANOPY,UNVERIFIED,REAL,False,True,22.5,22.5,0.0,316.7,316.7,0.0,25793.614912395195,564334.9,1333065.6,4200.0,651851.0,471625.3,0,0.0667,14.0,1.0,4.607,0.2
cda99b08-18d4-462c-a745-9bb85657d85b,c5384e46-af7d-4e8d-8838-460adb3b2b39,EVT-REAL-2022-00395,18.21089,82.42828,Chhattisgarh,Korba,,,2022-03-02,TRAIN,Korba,EASTERN_COAL_BELT,Forest Fire,REAL,FSI_FOREST_CANOPY,UNVERIFIED,REAL,False,True,21.93,21.93,0.0,346.76,346.76,0.0,28890.882248707556,522089.0,1414952.0,4200.0,636598.7,452797.9,0,0.1667,6.0,1.0,6.239,0.2
c6cec1da-633d-4f35-8ca2-f26088c5cece,9f3e54d6-7fe0-4a2b-95d5-819c25c3f48d,EVT-REAL-2022-00396,15.01223,76.67044,Karnataka,Ballari,,,2022-03-02,TRAIN,Ballari,GENERAL_INDIAN_TERRITORY,Uncertain,UNKNOWN,LOW_CONFIDENCE_HOTSPOT,UNVERIFIED,REAL,False,True,31.62,31.62,0.0,356.07,356.07,0.0,4939.729749965592,1034788.8,1648738.9,4200.0,1179764.4,1015332.9,0,0.0,0.0,1.0,1.0,0.65
71d67d2b-9edd-4fa2-9183-a2fd704f76db,4b978d3a-ed0a-40aa-98d6-f5c2b0e64415,EVT-REAL-2022-00397,18.28444,80.66637,Chhattisgarh,Korba,,,2022-03-02,TRAIN,Korba,EASTERN_COAL_BELT,Forest Fire,REAL,FSI_FOREST_CANOPY,UNVERIFIED,REAL,False,True,31.65,30.21,2.4899799195977463,350.85,337.47,13.379999999999995,19998.728712864526,577614.2,1344968.5,4200.0,665254.2,484866.2,0,0.0333,1.0,1.0,18.086,0.2
81023f05-0f5a-4a72-9d83-53da43c92a9d,6efccb14-95f8-4825-86de-7449c85935c1,EVT-REAL-2022-00398,18.42084,80.56464,Chhattisgarh,Korba,,,2022-03-02,TRAIN,Korba,EASTERN_COAL_BELT,Uncertain,UNKNOWN,LOW_CONFIDENCE_HOTSPOT,UNVERIFIED,REAL,False,True,27.65,27.65,0.0,348.99,348.99,0.0,12874.129096741957,562881.6,1327479.7,4200.0,654671.8,475489.3,0,0.1,17.0,1.0,5.531,0.2
9055ab3f-3a50-400d-9014-b0e563ed08a3,6758b3b6-9ff9-429e-9c75-4c4d741d84f2,EVT-REAL-2022-00399,19.68742,80.90422,Chhattisgarh,Korba,,,2022-03-02,TRAIN,Korba,EASTERN_COAL_BELT,Forest Fire,REAL,FSI_FOREST_CANOPY,UNVERIFIED,REAL,False,True,24.5,24.5,0.0,355.65,355.65,0.0,57139.823618910086,422161.0,1204671.7,4200.0,511043.9,334494.5,0,0.0,0.0,1.0,1.0,0.2
2bb6107d-f845-48e6-80ed-600af94d3c66,bc79a233-3057-4cb3-8c9d-24e80bae06e2,EVT-REAL-2022-00400,22.8823,69.6607,Gujarat,Jamnagar,34bfcb5c-dabc-4554-952a-103c58f97b14,Designated Industrial Park / Estate (Way #588785144),2022-03-03,TRAIN,34bfcb5c-dabc-4554-952a-103c58f97b14,WESTERN_PETROCHEMICAL,Industrial Fire,WEAKLY_LABELED,FACILITY_ANOMALOUS_THERMAL,UNVERIFIED,REAL,False,True,27.8,27.8,0.0,325.3,325.3,0.0,1235.0129751642914,1142177.3,899578.1,4200.0,1347610.2,1322304.3,0,0.0,0.0,1.0,1.0,0.95
29905176-a33a-4546-8d53-3a067e8ab641,3aaa4e06-97f4-4163-ab56-992245820258,EVT-REAL-2022-00401,18.73807,82.22689,Chhattisgarh,Korba,,,2022-03-03,TRAIN,Korba,EASTERN_COAL_BELT,Uncertain,UNKNOWN,LOW_CONFIDENCE_HOTSPOT,UNVERIFIED,REAL,False,True,23.11,23.11,0.0,345.95,345.95,0.0,9614.153338455892,500925.1,1352919.8,4200.0,580126.8,395527.9,0,0.0667,2.0,1.0,5.502,0.2
36ffc5e4-51ea-47e7-b692-174d7a62902b,67bc5ea0-8b91-4a01-b7a2-c6170aacce51,EVT-REAL-2022-00402,18.3304,80.7579,Chhattisgarh,Korba,,,2022-03-03,TRAIN,Korba,EASTERN_COAL_BELT,Forest Fire,REAL,FSI_FOREST_CANOPY,UNVERIFIED,REAL,False,True,21.4,21.4,0.0,330.8,330.8,0.0,30303.30593221518,572376.7,1342828.3,4200.0,657323.2,476424.2,0,0.0667,10.0,1.0,4.679,0.2
7e0938ed-c52b-4813-bebe-bb9021bed8f8,44d37eb2-86a8-4d09-8467-aea64651a7d7,EVT-REAL-2022-00403,18.4959,80.5716,Chhattisgarh,Korba,,,2022-03-03,TRAIN,Korba,EASTERN_COAL_BELT,Uncertain,UNKNOWN,LOW_CONFIDENCE_HOTSPOT,UNVERIFIED,REAL,False,True,74.1,74.1,0.0,356.2,356.2,0.0,11359.918918624466,554549.8,1319699.6,4200.0,646631.2,467662.3,0,0.0,0.0,1.0,1.0,0.2
40752bb7-bc29-4802-b0de-f9c89a280999,088b422c-f793-452a-b97d-18b9e365e9f5,EVT-REAL-2022-00404,19.0717,81.9617,Chhattisgarh,Korba,,,2022-03-03,TRAIN,Korba,EASTERN_COAL_BELT,Forest Fire,REAL,FSI_FOREST_CANOPY,UNVERIFIED,REAL,False,True,22.6,22.6,0.0,336.6,336.6,0.0,15594.21557889947,495833.6,1308060.9,4200.0,547079.0,362115.9,0,0.0,0.0,1.0,1.0,0.2
294baf93-5e66-4f9b-a93d-4f2e73a6a5a7,09044608-c104-44a1-a057-83c4a773563b,EVT-REAL-2022-00405,12.21505,75.65019,Karnataka,Ballari,,,2022-03-03,TRAIN,Ballari,GENERAL_INDIAN_TERRITORY,Uncertain,UNKNOWN,LOW_CONFIDENCE_HOTSPOT,UNVERIFIED,REAL,False,True,78.05,78.05,0.0,344.44,344.44,0.0,19063.270349618087,1362623.0,1958849.7,4200.0,1502394.1,1333277.3,0,0.0333,1.0,1.0,28.695,0.2
e0430f79-2781-4140-b40b-b7ad409bc8ed,681c7b7c-4ed1-4e7d-9263-265385477253,EVT-REAL-2022-00406,12.21883,75.64789,Karnataka,Ballari,,,2022-03-03,TRAIN,Ballari,GENERAL_INDIAN_TERRITORY,Other Thermal Source,REAL,BACKGROUND_THERMAL_SOURCE,UNVERIFIED,REAL,False,True,89.36,83.7,5.655086206239477,367.0,337.54,29.45999999999998,19546.71009334681,1362335.0,1958431.9,4200.0,1502151.2,1333057.3,0,0.0,0.0,1.0,1.068,0.2
c1011dbc-f9c5-44a3-b1d9-7f43538dbc0d,4b8f94af-9018-476b-82e9-3eedd932c67b,EVT-REAL-2022-00407,21.19386,70.14594,Gujarat,Jamnagar,,,2022-03-03,TRAIN,Jamnagar,WESTERN_PETROCHEMICAL,Other Thermal Source,REAL,BACKGROUND_THERMAL_SOURCE,UNVERIFIED,REAL,False,True,68.07,43.29,17.808986495586996,343.4,337.95,5.449999999999989,12303.762765262916,1126452.8,1046748.3,4200.0,1336125.8,1285502.6,0,0.0,0.0,1.0,1.572,0.2
bce068e4-6334-45ad-abe4-3215b8279bb8,88e24f97-6dbd-4192-9f13-bdbc00a96b29,EVT-REAL-2022-00408,23.8046,86.3334,Jharkhand,Dhanbad,,,2022-03-04,TRAIN,Dhanbad,EASTERN_COAL_BELT,Uncertain,UNKNOWN,LOW_CONFIDENCE_HOTSPOT,UNVERIFIED,REAL,False,True,20.7,20.7,0.0,313.4,313.4,0.0,2607.2466348612143,194284.9,1162719.8,4200.0,329701.6,369421.5,0,1.0,981.0,1.0,8.563,0.65
73d8f026-3cee-42b1-bc9d-857e80e32ed4,68db0e87-d74e-4221-b295-748698d2a418,EVT-REAL-2022-00409,23.802,86.32355,Jharkhand,Dhanbad,,,2022-03-04,TRAIN,Dhanbad,EASTERN_COAL_BELT,Other Thermal Source,REAL,BACKGROUND_THERMAL_SOURCE,UNVERIFIED,REAL,False,True,23.5,19.85,3.6496575181789317,316.7,315.1,1.599999999999966,3022.222471414962,193997.3,1162100.0,4200.0,328717.2,368454.6,0,1.0,783.0,1.0,9.771,0.65
65910ecc-3727-4261-9af0-cf740d081141,d150e5c9-d723-46b7-8c7f-2d0fa145e63c,EVT-REAL-2022-00410,19.9656,81.8734,Chhattisgarh,Korba,,,2022-03-04,TRAIN,Korba,EASTERN_COAL_BELT,Forest Fire,REAL,FSI_FOREST_CANOPY,UNVERIFIED,REAL,False,True,45.5,45.5,0.0,333.9,333.9,0.0,47792.93188320283,396629.4,1213471.3,4200.0,451448.9,267045.4,0,0.0,0.0,1.0,1.0,0.2
65e90931-9575-4fb5-9bf5-9ccf5c7060b3,1aa2429c-e476-4a19-a22d-b205c34bf6b4,EVT-REAL-2022-00411,18.9847,81.9974,Chhattisgarh,Korba,,,2022-03-04,TRAIN,Korba,EASTERN_COAL_BELT,Forest Fire,REAL,FSI_FOREST_CANOPY,UNVERIFIED,REAL,False,True,24.3,23.85,0.4472135954999579,327.3,327.1,0.19999999999998863,18058.729689137712,505292.5,1318396.2,4200.0,556028.0,371062.8,0,0.1,8.0,1.0,2.414,0.2
4c6f5cc0-a42b-4a76-9b2d-f4878afbfd37,a44f7e4b-6e49-4764-ba24-c2b8c9d8af30,EVT-REAL-2022-00412,12.20665,75.63915,Karnataka,Ballari,,,2022-03-04,TRAIN,Ballari,GENERAL_INDIAN_TERRITORY,Other Thermal Source,REAL,BACKGROUND_THERMAL_SOURCE,UNVERIFIED,REAL,False,True,22.3,21.4,0.9,327.4,327.4,0.0,19166.542842043087,1363946.2,1959780.5,4200.0,1503791.4,1334704.3,0,0.0333,15.0,1.0,1.104,0.2
50f55877-67ac-46fd-8f80-edfb33f4fe0e,7236cae0-a43b-4c10-a185-c3dd46d47886,EVT-REAL-2022-00413,18.49987,80.60863,Chhattisgarh,Korba,,,2022-03-04,TRAIN,Korba,EASTERN_COAL_BELT,Forest Fire,REAL,FSI_FOREST_CANOPY,UNVERIFIED,REAL,False,True,38.51,38.51,0.0,351.46,349.44,2.019999999999982,15288.802998220319,553959.3,1320369.0,4200.0,644855.1,465597.1,0,0.0667,2.0,1.0,4.711,0.2
bae48d45-b2e0-4150-be91-1cfd4ee1cf59,f006c321-83df-4f71-8566-fb3be804aa8c,EVT-REAL-2022-00414,21.33882,72.96524,Gujarat,Jamnagar,9c1c6ddb-a07f-4d85-b440-0b21d3af18e6,Designated Industrial Park / Estate (Way #910042973),2022-03-04,TRAIN,9c1c6ddb-a07f-4d85-b440-0b21d3af18e6,WESTERN_PETROCHEMICAL,Industrial Fire,REAL,OSM_FACILITY_GROUND_TRUTH,UNVERIFIED,REAL,False,True,139.45,66.99,46.092081749471895,371.7,354.86,16.839999999999975,1005.4340531393005,841230.1,956486.0,4200.0,1051143.8,993431.2,0,0.0667,3.0,1.0,99.371,0.95
45e20b2c-294b-4974-ac13-768c87619b99,cdf1ef12-7da5-4451-9c75-5c2e460d2744,EVT-REAL-2022-00415,15.05957,76.53683,Karnataka,Ballari,,,2022-03-04,TRAIN,Ballari,GENERAL_INDIAN_TERRITORY,Uncertain,UNKNOWN,LOW_CONFIDENCE_HOTSPOT,UNVERIFIED,REAL,False,True,27.79,27.79,0.0,356.15,356.15,0.0,3941.590867787241,1035992.8,1643636.7,4200.0,1183041.8,1019774.2,0,0.0667,4.0,1.0,4.257,0.65
cbf73950-cc91-46b6-8ab3-8d0ba5db37ea,bde8d121-b075-4b84-9ab1-3a5c795ec7e3,EVT-REAL-2022-00416,18.61455,82.02595,Chhattisgarh,Korba,,,2022-03-04,TRAIN,Korba,EASTERN_COAL_BELT,Forest Fire,REAL,FSI_FOREST_CANOPY,UNVERIFIED,REAL,False,True,22.02,22.02,0.0,353.3,353.3,0.0,18678.66657130968,526094.2,1357458.6,4200.0,596178.4,411259.4,0,0.0667,2.0,1.0,7.115,0.2
7efd3866-4315-4137-a79b-ce61b7246ca3,b0923bc8-fc4c-4a49-b996-eeb9e4ccc9e5,EVT-REAL-2022-00417,21.3349,72.9707,Gujarat,Jamnagar,03ca1503-2491-4bf5-853a-5ca84b0be338,Designated Industrial Park / Estate (Way #910042969),2022-03-04,TRAIN,03ca1503-2491-4bf5-853a-5ca84b0be338,WESTERN_PETROCHEMICAL,Industrial Fire,REAL,OSM_FACILITY_GROUND_TRUTH,UNVERIFIED,REAL,False,True,84.3,84.3,0.0,360.6,360.6,0.0,1057.5310495829335,840825.7,956845.9,4200.0,1050737.6,992930.1,0,0.0333,2.0,1.0,91.63,0.95
30806238-351c-42ec-9aca-08b92e37d4f4,9491f189-98cd-4621-a955-17b98e16a69c,EVT-REAL-2022-00418,18.55855,80.57825,Chhattisgarh,Korba,,,2022-03-05,TRAIN,Korba,EASTERN_COAL_BELT,Other Thermal Source,REAL,BACKGROUND_THERMAL_SOURCE,UNVERIFIED,REAL,False,True,40.2,36.85,3.3496268448888453,328.3,328.2,0.10000000000002274,14423.193315167151,547592.0,1313235.6,4200.0,639894.5,461104.6,0,0.0667,3.0,1.0,13.385,0.2
85893baa-920b-4d1f-84db-f6785803e6c7,685cde07-8daa-4a36-ba35-73c345fc6e9b,EVT-REAL-2022-00419,21.7226,84.0364,Chhattisgarh,Korba,d2213278-f7c7-413c-8ecd-ea727dd54538,Aryan Ispat,2022-03-05,TRAIN,d2213278-f7c7-413c-8ecd-ea727dd54538,EASTERN_COAL_BELT,Industrial Fire,REAL,OSM_FACILITY_GROUND_TRUTH,UNVERIFIED,REAL,False,True,62.7,62.7,0.0,355.2,355.2,0.0,964.5127413659894,213497.4,1160017.7,4200.0,264728.2,153956.0,0,0.2667,13.0,1.0,16.855,0.95
844a57ac-48e6-4213-a3f9-6f1894e202ef,f979ab6f-ae20-49dd-aa71-bd3a0d6b1bf5,EVT-REAL-2022-00420,12.87852,75.66248,Karnataka,Ballari,,,2022-03-05,TRAIN,Ballari,GENERAL_INDIAN_TERRITORY,Other Thermal Source,REAL,BACKGROUND_THERMAL_SOURCE,UNVERIFIED,REAL,False,True,39.94,31.0,5.162363799656123,367.0,353.29,13.70999999999998,3419.225287251035,1294754.9,1885450.4,4200.0,1438075.0,1271049.5,0,0.1333,14.0,1.0,5.126,0.65
b9a4645f-056c-4c77-8e92-834b8f95ea19,caec0616-3d80-48e5-b378-6f8d76104fc7,EVT-REAL-2022-00421,18.4804,80.5764,Chhattisgarh,Korba,,,2022-03-05,TRAIN,Korba,EASTERN_COAL_BELT,Uncertain,UNKNOWN,LOW_CONFIDENCE_HOTSPOT,UNVERIFIED,REAL,False,True,20.2,20.2,0.0,316.3,316.3,0.0,11842.402044390454,556242.9,1321488.5,4200.0,648060.2,468995.2,0,0.0667,23.0,0.0,1.955,0.2
e78ef1ac-9bcd-4b76-b8bb-56c85f45849d,85937309-4cd5-4baf-94cc-6fb6e5e20b42,EVT-REAL-2022-00422,21.0128,73.4278,Gujarat,Jamnagar,,,2022-03-06,TRAIN,Jamnagar,WESTERN_PETROCHEMICAL,Uncertain,UNKNOWN,LOW_CONFIDENCE_HOTSPOT,UNVERIFIED,REAL,False,True,26.9,26.9,0.0,320.2,320.2,0.0,11457.182022880976,808110.0,987582.3,4200.0,1017559.3,951694.0,0,0.0,0.0,1.0,1.0,0.2
074bfc93-dfb1-4cae-83f9-0239f43624d6,662367f8-5469-4131-b154-6addb16c581b,EVT-REAL-2022-00423,21.0045,73.4198,Gujarat,Jamnagar,,,2022-03-06,TRAIN,Jamnagar,WESTERN_PETROCHEMICAL,Uncertain,UNKNOWN,LOW_CONFIDENCE_HOTSPOT,UNVERIFIED,REAL,False,True,25.0,25.0,0.0,319.5,319.5,0.0,12252.208890679583,809218.9,988561.9,4200.0,1018659.3,952676.6,0,0.0,0.0,1.0,1.0,0.2
23d9de82-d165-4c61-8151-5207b372c6a9,f33db000-28b0-49c0-b001-18592ebcb60d,EVT-REAL-2022-00424,18.37637,82.29706,Chhattisgarh,Korba,,,2022-03-06,TRAIN,Korba,EASTERN_COAL_BELT,Forest Fire,REAL,FSI_FOREST_CANOPY,UNVERIFIED,REAL,False,True,21.7,21.4,0.3,335.94,332.22,3.7199999999999704,21120.167099713013,520176.5,1392705.1,4200.0,619315.4,435003.7,0,0.1,16.0,1.0,4.168,0.2
9d73dd36-7fc5-4e52-a646-b6e76c12b56b,d638a600-8a72-41e4-8604-c6a6b05185ea,EVT-REAL-2022-00425,18.56805,80.5966,Chhattisgarh,Korba,,,2022-03-06,TRAIN,Korba,EASTERN_COAL_BELT,Forest Fire,REAL,FSI_FOREST_CANOPY,UNVERIFIED,REAL,False,True,37.0,36.15,0.848528137423857,342.2,334.4,7.800000000000011,16620.019225219938,546464.4,1312769.4,4200.0,638227.0,459318.0,0,0.0667,23.0,1.0,7.958,0.2
7397d25f-6b4c-4ce2-8ebc-a6899aaed9f7,7e34d06f-4ec6-4723-a561-2d03fd0d4207,EVT-REAL-2022-00426,18.57104,80.59013,Chhattisgarh,Korba,,,2022-03-06,TRAIN,Korba,EASTERN_COAL_BELT,Forest Fire,REAL,FSI_FOREST_CANOPY,UNVERIFIED,REAL,False,True,29.12,29.12,0.0,352.07,352.07,0.0,16241.259407453324,546160.1,1312259.9,4200.0,638158.0,459315.0,0,0.0667,27.0,1.0,7.668,0.2
883bc37d-9917-4c16-805a-96413eee3242,16ab8bfc-d77e-43c5-af62-b7cad5f37db9,EVT-REAL-2022-00427,18.57401,80.58543,Chhattisgarh,Korba,,,2022-03-06,TRAIN,Korba,EASTERN_COAL_BELT,Forest Fire,REAL,FSI_FOREST_CANOPY,UNVERIFIED,REAL,False,True,82.5,52.64,22.24859546128699,353.74,342.01,11.730000000000018,16036.595639192456,545851.3,1311805.1,4200.0,638025.8,459234.1,0,0.0333,23.0,1.0,35.016,0.2
db409b26-5c51-4d3c-9be7-05839e3f7159,5426e82c-f5ef-4224-859a-0a732b52be19,EVT-REAL-2022-00428,18.3544,80.7624,Chhattisgarh,Korba,,,2022-03-06,TRAIN,Korba,EASTERN_COAL_BELT,Forest Fire,REAL,FSI_FOREST_CANOPY,UNVERIFIED,REAL,False,True,23.5,23.5,0.0,322.5,322.5,0.0,31430.828026402327,569717.0,1340420.1,4200.0,654653.0,473787.6,0,0.1,28.0,1.0,8.838,0.2
6f6d6377-d643-43ae-af7d-469813a9d5f3,619aa8f2-788e-415a-9ae4-8efc2ee71ca8,EVT-REAL-2022-00429,18.39747,82.26253,Chhattisgarh,Korba,,,2022-03-06,TRAIN,Korba,EASTERN_COAL_BELT,Forest Fire,REAL,FSI_FOREST_CANOPY,UNVERIFIED,REAL,False,True,127.3,96.73,36.32079294288604,339.9,333.9,6.0,22505.48123856661,521437.4,1389150.4,4200.0,617301.5,432880.3,0,0.1333,14.0,1.0,27.73,0.2
d183861f-e10b-4907-ac38-4a0a095c5d21,b46fcb5a-96b5-4b3a-8157-e5228c229bd4,EVT-REAL-2022-00430,18.39983,82.27703,Chhattisgarh,Korba,,,2022-03-06,TRAIN,Korba,EASTERN_COAL_BELT,Forest Fire,REAL,FSI_FOREST_CANOPY,UNVERIFIED,REAL,False,True,69.1,36.4,14.757709849431246,367.0,351.0,16.0,21091.409083123435,520099.6,1389495.4,4200.0,616907.1,432528.2,0,0.0667,17.0,1.0,18.198,0.2
73bc0c4a-0095-47db-b532-036bbde30da9,2e49a29a-64be-491e-955b-dd3294a3c948,EVT-REAL-2022-00431,18.2069,80.7412,Chhattisgarh,Korba,,,2022-03-06,TRAIN,Korba,EASTERN_COAL_BELT,Forest Fire,REAL,FSI_FOREST_CANOPY,UNVERIFIED,REAL,False,True,59.0,59.0,0.0,336.0,336.0,0.0,19868.3473765727,586061.3,1355429.6,4200.0,670853.5,489747.1,0,0.1333,14.0,1.0,18.608,0.2
7d51a1d0-142f-429d-b957-409e6fe2fb4f,c0e12645-2572-4f69-b96b-840edf63b135,EVT-REAL-2022-00432,18.209,80.7595,Chhattisgarh,Korba,,,2022-03-06,TRAIN,Korba,EASTERN_COAL_BELT,Forest Fire,REAL,FSI_FOREST_CANOPY,UNVERIFIED,REAL,False,True,22.3,22.3,0.0,324.7,324.7,0.0,20212.25266433281,585812.1,1355755.2,4200.0,670029.3,488809.4,0,0.1,14.0,1.0,7.169,0.2
3f990a6d-c9fe-4e63-924b-352b19222d6d,1f1409b5-2221-47b9-8aa8-7775d9451628,EVT-REAL-2022-00433,18.1291,80.7584,Chhattisgarh,Korba,,,2022-03-06,TRAIN,Korba,EASTERN_COAL_BELT,Uncertain,UNKNOWN,LOW_CONFIDENCE_HOTSPOT,UNVERIFIED,REAL,False,True,22.2,22.2,0.0,322.7,322.7,0.0,11393.781244441108,594656.2,1364204.0,4200.0,678477.0,497073.6,0,0.0,0.0,1.0,1.0,0.2
f943f8d1-8a36-4ea3-a066-cdd69e90c6ff,5d8c2ac1-c122-464d-b36e-bbd804a3a2e5,EVT-REAL-2022-00434,22.69728,72.66808,Gujarat,Jamnagar,f06b8250-a72a-45ab-b19f-fcf26e1c459e,Designated Industrial Park / Estate (Way #644471428),2022-03-06,TRAIN,f06b8250-a72a-45ab-b19f-fcf26e1c459e,WESTERN_PETROCHEMICAL,Industrial Fire,WEAKLY_LABELED,FACILITY_ANOMALOUS_THERMAL,UNVERIFIED,REAL,False,True,33.2,32.0,1.2,336.7,323.05,13.649999999999977,428.44864636840555,837710.0,812512.8,4200.0,1045261.0,1013577.3,0,0.0,0.0,0.0,1.038,0.95
ad81dc12-fb08-45f5-afe0-f9941d815d61,f4da9708-0b8b-4235-85ba-800153927d90,EVT-REAL-2022-00435,18.4613,80.6315,Chhattisgarh,Korba,,,2022-03-07,TRAIN,Korba,EASTERN_COAL_BELT,Forest Fire,REAL,FSI_FOREST_CANOPY,UNVERIFIED,REAL,False,True,51.8,51.8,0.0,323.0,323.0,0.0,17858.975523242076,558146.1,1325144.6,4200.0,648033.7,468459.2,0,0.0333,1.0,1.0,2.846,0.2
3691da30-88a8-4237-88fa-53848b00ac2d,291db192-951b-4a3f-8bc4-911f87e584f0,EVT-REAL-2022-00436,18.59177,80.58004,Chhattisgarh,Korba,,,2022-03-08,TRAIN,Korba,EASTERN_COAL_BELT,Forest Fire,REAL,FSI_FOREST_CANOPY,UNVERIFIED,REAL,False,True,26.6,26.56,0.0,367.0,367.0,0.0,16887.26538024955,543910.3,1309758.6,4200.0,636389.6,457712.5,0,0.1,33.0,1.0,4.451,0.2
25b72281-cc26-4090-9d94-f04c39c3b7e2,57db5828-8518-4551-94bb-f237d09678bc,EVT-REAL-2022-00437,22.42883,86.7691,Odisha,Angul,,,2022-03-08,TRAIN,Angul,EASTERN_COAL_BELT,Uncertain,UNKNOWN,LOW_CONFIDENCE_HOTSPOT,UNVERIFIED,REAL,False,True,27.71,27.71,0.0,347.42,347.42,0.0,6967.264762597963,43709.0,1294461.9,4200.0,411660.4,420969.4,0,0.0,0.0,1.0,1.0,0.65
0521b774-56c4-4f5e-800b-07bc7668b337,f6b57751-e0f6-46aa-9010-654e3cdac672,EVT-REAL-2022-00438,11.52286,76.37912,Tamil Nadu,Chennai,,,2022-03-08,TRAIN,Chennai,GENERAL_INDIAN_TERRITORY,Other Thermal Source,REAL,BACKGROUND_THERMAL_SOURCE,UNVERIFIED,REAL,False,True,35.0,31.41,2.541653005427767,355.0,345.73,9.269999999999982,10680.487315001883,1405910.7,2035047.7,4200.0,1534017.0,1359756.9,0,0.0333,1.0,1.0,1.115,0.2
49186c27-3bfb-4d9f-a889-6fd2d2a4e77b,1c0c3472-5344-40de-a7e3-75671d6795d6,EVT-REAL-2022-00439,15.0352,76.6957,Andhra Pradesh,East Godavari,b9c9c6e5-9ca6-4459-ace5-704f85999492,Jindal Vijayanagara Solar Plant,2022-03-08,TRAIN,b9c9c6e5-9ca6-4459-ace5-704f85999492,GENERAL_INDIAN_TERRITORY,Industrial Fire,REAL,OSM_FACILITY_GROUND_TRUTH,UNVERIFIED,REAL,False,True,21.9,18.43,2.584569596664017,337.1,335.0,2.1000000000000227,1241.2143281988451,1031359.2,1646178.5,4200.0,1176168.7,1011673.9,0,0.0333,1.0,1.0,2.576,0.95
595bc9b0-a270-4cb2-bc65-c7c1ca5f6de5,ccefe5b0-f7e2-4253-8292-9f394c096b7f,EVT-REAL-2022-00440,15.0502,76.6897,Karnataka,Ballari,4a9c6680-0022-4e42-a12d-023ea480b48c,Designated Industrial Park / Estate (Way #1192736936),2022-03-08,TRAIN,4a9c6680-0022-4e42-a12d-023ea480b48c,GENERAL_INDIAN_TERRITORY,Industrial Fire,REAL,OSM_FACILITY_GROUND_TRUTH,UNVERIFIED,REAL,False,True,20.4,20.4,0.0,336.2,336.2,0.0,1328.4165532868494,1030107.8,1644522.9,4200.0,1175104.6,1010724.3,0,0.0333,1.0,1.0,2.4,0.95
405231db-9e06-4e3b-961b-78d8e71d3761,2f32e439-f68a-43af-8d51-f16d01dfd28d,EVT-REAL-2022-00441,18.3965,81.7789,Chhattisgarh,Korba,,,2022-03-08,TRAIN,Korba,EASTERN_COAL_BELT,Forest Fire,REAL,FSI_FOREST_CANOPY,UNVERIFIED,REAL,False,True,20.8,20.8,0.0,330.5,330.5,0.0,36400.09306580081,561441.4,1370454.3,4200.0,623949.7,439022.2,0,0.1,10.0,1.0,4.902,0.2
d7df56e1-603f-45c9-9be9-203bd75bef04,6fb2c279-9674-476b-9776-7e766bb6c554,EVT-REAL-2022-00442,18.5887,80.5668,Chhattisgarh,Korba,,,2022-03-08,TRAIN,Korba,EASTERN_COAL_BELT,Forest Fire,REAL,FSI_FOREST_CANOPY,UNVERIFIED,REAL,False,True,34.1,34.1,0.0,339.6,339.6,0.0,15659.324240036747,544309.3,1309693.5,4200.0,637205.1,458630.2,0,0.1,19.0,1.0,8.126,0.2
68cbe4ce-00c4-43e3-857b-75f6ebbabd22,eab0abb8-cf6f-4a81-9ae6-cc5d21d9ebea,EVT-REAL-2022-00443,18.6008,80.5084,Chhattisgarh,Korba,,,2022-03-08,TRAIN,Korba,EASTERN_COAL_BELT,Uncertain,UNKNOWN,LOW_CONFIDENCE_HOTSPOT,UNVERIFIED,REAL,False,True,43.2,43.2,0.0,342.5,342.5,0.0,13504.617032178756,543275.8,1306695.2,4200.0,638185.6,460173.4,0,0.0667,9.0,1.0,8.53,0.2
56a63f86-3075-4cfb-a344-9ee9d6925217,268c4557-4a1d-45a3-b974-daeae2ebbb71,EVT-REAL-2022-00444,21.0199,70.3042,Gujarat,Jamnagar,06498c10-a7e7-4cfd-bc2a-66ea777d0383,Designated Industrial Park / Estate (Way #806480266),2022-03-08,TRAIN,06498c10-a7e7-4cfd-bc2a-66ea777d0383,WESTERN_PETROCHEMICAL,Industrial Fire,REAL,OSM_FACILITY_GROUND_TRUTH,UNVERIFIED,REAL,False,True,29.3,29.3,0.0,323.9,323.9,0.0,921.7206133152691,1115813.0,1058651.9,4200.0,1325646.3,1271970.7,0,0.1,4.0,1.0,3.062,0.95
3cb10a1c-ce5a-4107-97f4-38b56a2541c3,bce59cc3-d5f6-4a1c-9dda-85f20a0b8ec4,EVT-REAL-2022-00445,15.44239,76.97203,Andhra Pradesh,East Godavari,,,2022-03-08,TRAIN,East Godavari,GENERAL_INDIAN_TERRITORY,Other Thermal Source,REAL,BACKGROUND_THERMAL_SOURCE,UNVERIFIED,REAL,False,True,37.07,37.07,0.0,367.0,320.41,46.589999999999975,10136.24413520875,978145.7,1601184.6,4200.0,1122227.1,957803.3,0,0.0,0.0,1.0,1.0,0.2
ef9e785b-5836-4b8c-a919-374d63408734,a98bad3c-dcd3-4572-be28-99904888baba,EVT-REAL-2022-00446,21.39708,70.54135,Gujarat,Jamnagar,,,2022-03-09,TRAIN,Jamnagar,WESTERN_PETROCHEMICAL,Other Thermal Source,REAL,BACKGROUND_THERMAL_SOURCE,UNVERIFIED,REAL,False,True,77.7,60.88,16.47331174961489,356.2,344.9,11.300000000000011,4798.949069791749,1081050.1,1010880.1,4200.0,1290617.1,1241948.6,0,0.1,4.0,1.0,9.587,0.65
60eae782-5092-4040-a999-a2764f860563,37331f29-f44f-43ca-8ce1-1985a6b425cf,EVT-REAL-2022-00447,18.4304,80.6023,Chhattisgarh,Korba,,,2022-03-09,TRAIN,Korba,EASTERN_COAL_BELT,Forest Fire,REAL,FSI_FOREST_CANOPY,UNVERIFIED,REAL,False,True,31.8,31.8,0.0,319.1,319.1,0.0,15847.068251204088,561667.6,1327565.3,4200.0,652303.1,472854.0,0,0.0667,4.0,1.0,5.05,0.2
06478f3e-21ad-47cd-ad3e-666f0ad7254e,3ce1e65b-5e62-4777-a01b-a743b552a0b1,EVT-REAL-2022-00448,18.2794,80.6746,Chhattisgarh,Korba,,,2022-03-09,TRAIN,Korba,EASTERN_COAL_BELT,Forest Fire,REAL,FSI_FOREST_CANOPY,UNVERIFIED,REAL,False,True,25.9,25.9,0.0,316.4,316.4,0.0,20838.65428768385,578152.0,1345747.5,4200.0,665497.6,485036.9,0,0.1333,15.0,1.0,2.057,0.2
dbbdbea3-b979-43f9-85a7-0e65aa525eaf,0a1b43b6-ebd3-4320-95b3-60f065c8eb49,EVT-REAL-2022-00449,18.18712,80.79487,Chhattisgarh,Korba,,,2022-03-09,TRAIN,Korba,EASTERN_COAL_BELT,Forest Fire,REAL,FSI_FOREST_CANOPY,UNVERIFIED,REAL,False,True,24.18,24.18,0.0,354.13,344.9,9.230000000000018,18613.257183707472,588218.9,1359142.6,4200.0,671182.9,489687.2,0,0.0333,4.0,1.0,14.393,0.2
d1ff946c-3170-4815-addf-d730eaf590c6,ddfaa965-d2b3-4e3b-ac8c-0cf6ded379a7,EVT-REAL-2022-00450,18.31166,80.69487,Chhattisgarh,Korba,,,2022-03-09,TRAIN,Korba,EASTERN_COAL_BELT,Forest Fire,REAL,FSI_FOREST_CANOPY,UNVERIFIED,REAL,False,True,53.51,53.51,0.0,355.09,355.09,0.0,23368.519207585876,574538.2,1342922.8,4200.0,661424.2,480912.0,0,0.0667,2.0,1.0,9.479,0.2
348d0fa0-8b14-4329-8eef-801deb00d76b,1e5b1bcb-735d-4711-a739-632d93bea8de,EVT-REAL-2022-00451,18.61888,80.5903,Chhattisgarh,Korba,,,2022-03-09,TRAIN,Korba,EASTERN_COAL_BELT,Forest Fire,REAL,FSI_FOREST_CANOPY,UNVERIFIED,REAL,False,True,33.65,33.65,0.0,352.04,352.04,0.0,19803.888380542983,540868.2,1307183.4,4200.0,633199.9,454540.4,0,0.1667,43.0,1.0,7.671,0.2
3e73f7fc-af90-4129-a8d0-5b47b8e76f2d,66971b0e-e224-44ef-8749-0806546284c3,EVT-REAL-2022-00452,18.61528,80.58315,Chhattisgarh,Korba,,,2022-03-09,TRAIN,Korba,EASTERN_COAL_BELT,Forest Fire,REAL,FSI_FOREST_CANOPY,UNVERIFIED,REAL,False,True,33.65,24.25,4.7,356.29,353.27,3.0200000000000387,19003.774272863204,541296.8,1307353.3,4200.0,633841.0,455229.3,0,0.1333,46.0,1.0,6.763,0.2
e04eaec1-e12f-4ad6-be00-9fc456cfa58b,6b6f73eb-f2d1-4daa-98b1-47a1595ce5b1,EVT-REAL-2022-00453,18.41387,80.60775,Chhattisgarh,Korba,,,2022-03-09,TRAIN,Korba,EASTERN_COAL_BELT,Forest Fire,REAL,FSI_FOREST_CANOPY,UNVERIFIED,REAL,False,True,29.41,29.41,0.0,350.97,346.16,4.810000000000002,17164.967778570328,563475.6,1329482.9,4200.0,653824.7,474276.9,0,0.0,0.0,1.0,1.0,0.2
130abac1-3e60-4d90-83ce-fdece4f25603,2919d8ba-6562-45e0-8b14-6fbc308a3c78,EVT-REAL-2022-00454,18.167,80.83517,Chhattisgarh,Korba,,,2022-03-09,TRAIN,Korba,EASTERN_COAL_BELT,Forest Fire,REAL,FSI_FOREST_CANOPY,UNVERIFIED,REAL,False,True,26.74,26.74,0.0,346.66,346.66,0.0,18451.01590891594,590450.3,1362499.2,4200.0,672021.4,490235.6,0,0.0333,16.0,1.0,5.987,0.2
a36ccde1-baf5-4357-a883-82afe872914f,ab0bdbbd-b546-48da-bf03-c7b7930a02f3,EVT-REAL-2022-00455,18.17207,80.83514,Chhattisgarh,Korba,,,2022-03-09,TRAIN,Korba,EASTERN_COAL_BELT,Forest Fire,REAL,FSI_FOREST_CANOPY,UNVERIFIED,REAL,False,True,26.74,26.74,0.0,349.51,349.51,0.0,18923.245321269875,589889.1,1361960.9,4200.0,671486.8,489712.0,0,0.0333,16.0,1.0,5.987,0.2
2777f3ba-8c8b-4330-af3d-e56c0123d63b,46381faf-e60b-4dce-aa7a-10082faf96a2,EVT-REAL-2022-00456,22.30675,70.6946,Gujarat,Jamnagar,,,2022-03-09,TRAIN,Jamnagar,WESTERN_PETROCHEMICAL,Uncertain,UNKNOWN,LOW_CONFIDENCE_HOTSPOT,UNVERIFIED,REAL,False,True,30.77,30.77,0.0,341.89,341.89,0.0,4345.985458793971,1044923.7,911237.8,4200.0,1252765.1,1217731.0,0,0.0333,1.0,1.0,11.611,0.65
eb336915-9f9d-4059-898c-7cff04f3ecdc,b1e5379b-b098-43cb-a5fb-6d67dea5a159,EVT-REAL-2022-00457,21.01995,70.3359,Gujarat,Jamnagar,,,2022-03-10,TRAIN,Jamnagar,WESTERN_PETROCHEMICAL,Other Thermal Source,REAL,BACKGROUND_THERMAL_SOURCE,UNVERIFIED,REAL,False,True,58.0,49.45,8.549853799919621,326.5,324.65,1.8500000000000227,3904.121057665345,1112647.1,1057475.1,4200.0,1322485.3,1268711.8,0,0.1333,4.0,1.0,6.862,0.65
e3af95c8-cd27-4f03-8e1d-9c0a14ce196c,5c9890cc-e367-4f49-964e-459f86abfa7b,EVT-REAL-2022-00458,12.4177,76.708,Tamil Nadu,Chennai,e1d45072-6de0-4215-aefa-01a7198ea5cf,Designated Industrial Park / Estate (Way #1010810207),2022-03-10,TRAIN,e1d45072-6de0-4215-aefa-01a7198ea5cf,GENERAL_INDIAN_TERRITORY,Industrial Fire,REAL,OSM_FACILITY_GROUND_TRUTH,UNVERIFIED,REAL,False,True,22.2,22.2,0.0,321.2,321.2,0.0,2122.0026561427776,1300657.1,1935759.5,4200.0,1429278.5,1255608.1,0,0.0333,2.0,1.0,6.453,0.95
5e07deb5-1bff-4b5f-b579-e9a7fb7105f2,e9ab954b-e57b-4d56-b5b0-ac1d1a354789,EVT-REAL-2022-00459,12.42124,76.72413,Tamil Nadu,Chennai,,,2022-03-10,TRAIN,Chennai,GENERAL_INDIAN_TERRITORY,Other Thermal Source,REAL,BACKGROUND_THERMAL_SOURCE,UNVERIFIED,REAL,False,True,29.5,25.66,2.7147743920996454,350.66,341.68,8.980000000000018,3914.619801015629,1299720.3,1935360.4,4200.0,1428160.9,1254424.6,0,0.0333,2.0,1.0,8.576,0.65
8934b0ca-9ece-470f-a3dd-713cef74b6fd,f71836cf-f2a6-4842-bc52-3b9705eeb652,EVT-REAL-2022-00460,18.1393,80.8321,Chhattisgarh,Korba,,,2022-03-10,TRAIN,Korba,EASTERN_COAL_BELT,Forest Fire,REAL,FSI_FOREST_CANOPY,UNVERIFIED,REAL,False,True,24.2,24.2,0.0,337.3,337.3,0.0,15761.52790457629,593515.7,1365342.1,4200.0,675045.1,493218.2,0,0.0333,5.0,1.0,2.4,0.2
4a91cc9e-9cb1-42ee-a42e-3347312cd343,3f61a416-3296-42e1-8a5d-c4d8d16c4311,EVT-REAL-2022-00461,18.138,80.8227,Chhattisgarh,Korba,,,2022-03-10,TRAIN,Korba,EASTERN_COAL_BELT,Forest Fire,REAL,FSI_FOREST_CANOPY,UNVERIFIED,REAL,False,True,21.7,21.7,0.0,335.3,335.3,0.0,15046.756586254412,593658.2,1365194.6,4200.0,675478.7,493704.7,0,0.0667,12.0,1.0,3.922,0.2
401b3234-5020-4114-80ea-4ac6c8baf513,0a9b326d-4bfb-44dc-b54b-a95dc3bb4090,EVT-REAL-2022-00462,18.1971,80.7882,Chhattisgarh,Korba,,,2022-03-10,TRAIN,Korba,EASTERN_COAL_BELT,Forest Fire,REAL,FSI_FOREST_CANOPY,UNVERIFIED,REAL,False,True,20.0,20.0,0.0,335.1,335.1,0.0,19471.450735451206,587115.4,1357882.4,4200.0,670346.5,488915.5,0,0.1333,15.0,1.0,3.188,0.2
45ce422e-3b48-4157-93c2-277a913deace,7aa2a15d-6e35-4787-b831-e51e160179a9,EVT-REAL-2022-00463,18.41956,82.29475,Chhattisgarh,Korba,,,2022-03-10,TRAIN,Korba,EASTERN_COAL_BELT,Forest Fire,REAL,FSI_FOREST_CANOPY,UNVERIFIED,REAL,False,True,26.3,23.18,3.1256999216175565,354.86,345.58,9.28000000000003,18316.809090057297,517259.3,1388197.8,4200.0,614571.8,430243.1,0,0.1,25.0,1.0,2.824,0.2
11c5285d-6f49-4f70-80b6-9737a8b85c1c,8d2ed787-d60a-445f-9bd2-817d0b82ac3c,EVT-REAL-2022-00464,18.43,80.5491,Chhattisgarh,Korba,,,2022-03-10,TRAIN,Korba,EASTERN_COAL_BELT,Uncertain,UNKNOWN,LOW_CONFIDENCE_HOTSPOT,UNVERIFIED,REAL,False,True,20.8,20.8,0.0,335.8,335.8,0.0,10946.950731488454,561941.3,1326053.0,4200.0,654295.4,475271.1,0,0.2,24.0,1.0,4.345,0.2
d874885a-bc57-4b14-a4a0-c5734a6b715a,4da23bcf-4307-470d-bb43-3f7bc47349a6,EVT-REAL-2022-00465,18.4417,80.5665,Chhattisgarh,Korba,,,2022-03-10,TRAIN,Korba,EASTERN_COAL_BELT,Uncertain,UNKNOWN,LOW_CONFIDENCE_HOTSPOT,UNVERIFIED,REAL,False,True,20.9,20.9,0.0,335.6,335.6,0.0,11886.558768149938,560566.4,1325314.7,4200.0,652439.2,473315.7,0,0.2,20.0,1.0,4.367,0.2
26c81c50-4cc6-4ec0-8389-8043aceb52be,dad0d603-8967-4034-a28e-c543e23f4de7,EVT-REAL-2022-00466,18.5214,80.5479,Chhattisgarh,Korba,,,2022-03-10,TRAIN,Korba,EASTERN_COAL_BELT,Uncertain,UNKNOWN,LOW_CONFIDENCE_HOTSPOT,UNVERIFIED,REAL,False,True,25.7,25.7,0.0,337.4,337.4,0.0,9618.891312938747,551841.3,1316293.8,4200.0,644876.1,466201.3,0,0.0333,10.0,1.0,2.925,0.2
ad8bb0d6-3be9-4e7d-b455-fc718dbe7710,0ed6747a-b4cd-44b5-ab45-bba91b9e2fc8,EVT-REAL-2022-00467,19.3378,82.7587,Chhattisgarh,Korba,,,2022-03-10,TRAIN,Korba,EASTERN_COAL_BELT,Uncertain,UNKNOWN,LOW_CONFIDENCE_HOTSPOT,UNVERIFIED,REAL,False,True,21.2,21.2,0.0,333.7,333.7,0.0,8715.750929212989,416876.9,1315730.1,4200.0,510708.1,328061.9,0,0.0667,13.0,1.0,12.706,0.2
a3512b65-f605-43c7-92de-0164f2805a02,0256e306-fca7-414f-b75e-14f382f40b3e,EVT-REAL-2022-00468,18.01447,82.62751,Chhattisgarh,Korba,,,2022-03-11,TRAIN,Korba,EASTERN_COAL_BELT,Uncertain,UNKNOWN,LOW_CONFIDENCE_HOTSPOT,UNVERIFIED,REAL,False,True,24.42,24.42,0.0,367.0,367.0,0.0,9366.479626674414,522434.4,1443190.8,4200.0,657411.7,474438.6,0,0.1,3.0,1.0,8.325,0.2
0d37e370-0b65-4e10-b83f-e4a519f9c1bd,eddd95ae-e486-4d0b-9ed1-2de6722e8945,EVT-REAL-2022-00469,23.54319,87.19945,Jharkhand,Dhanbad,,,2022-03-11,TRAIN,Dhanbad,EASTERN_COAL_BELT,Other Thermal Source,REAL,BACKGROUND_THERMAL_SOURCE,UNVERIFIED,REAL,False,True,42.6,30.48,7.0164093381159,351.38,334.09,17.29000000000002,3889.9672425495282,174715.6,1250685.3,4200.0,420344.9,460811.0,0,0.0,0.0,1.0,1.398,0.65
2ac5e91a-8b8a-438b-aa3f-d9e785061f1b,466a56b9-ad6c-46b8-9fb2-b75c3fb8ca49,EVT-REAL-2022-00470,23.5388,87.1842,Jharkhand,Dhanbad,,,2022-03-11,TRAIN,Dhanbad,EASTERN_COAL_BELT,Uncertain,UNKNOWN,LOW_CONFIDENCE_HOTSPOT,UNVERIFIED,REAL,False,True,30.7,30.7,0.0,323.5,323.5,0.0,5056.791630826785,173755.2,1249723.5,4200.0,418858.8,459347.9,0,0.0,0.0,1.0,1.0,0.65
cbe90d01-ef58-4293-b76f-5bd84eff158a,79c66cf6-6540-405e-9d2a-b3d646caefdb,EVT-REAL-2022-00471,21.4447,85.2743,Odisha,Angul,,,2022-03-11,TRAIN,Angul,EASTERN_COAL_BELT,Forest Fire,REAL,FSI_FOREST_CANOPY,UNVERIFIED,REAL,False,True,33.9,33.9,0.0,317.6,317.6,0.0,31093.48297082374,85591.1,1264423.0,4200.0,356187.5,284359.6,0,0.0,0.0,1.0,1.0,0.2
d7f459e0-fa07-4b19-8d03-1bd81900aa6d,1bbac988-b875-4690-9595-6d5483afd03b,EVT-REAL-2022-00472,22.796,86.1921,Jharkhand,Dhanbad,69f6f609-77cf-42cf-a8c7-7672426e3c25,Tata Steel,2022-03-11,TRAIN,69f6f609-77cf-42cf-a8c7-7672426e3c25,EASTERN_COAL_BELT,Gas Flare,WEAKLY_LABELED,FACILITY_THERMAL_BASE,UNVERIFIED,REAL,False,True,31.0,31.0,0.0,320.4,320.4,0.0,1433.3253076813205,82594.8,1223156.9,4200.0,340975.8,363484.1,0,1.0,1119.0,1.0,10.429,0.95
a64d0aff-8799-41f1-b1cd-7a50c0a2571a,4c7ad5c9-fc2a-4e39-949f-d54fcd39fb4d,EVT-REAL-2022-00473,22.7943,86.2103,Jharkhand,Dhanbad,01758090-c645-4fd5-9271-23ed519b29ba,Jojobera Tata Unit 6 Power Station,2022-03-11,TRAIN,01758090-c645-4fd5-9271-23ed519b29ba,EASTERN_COAL_BELT,Gas Flare,WEAKLY_LABELED,FACILITY_THERMAL_BASE,UNVERIFIED,REAL,False,True,31.9,31.9,0.0,320.7,320.7,0.0,63.640872750694776,82404.5,1224671.6,4200.0,342773.6,365323.8,0,1.0,1129.0,1.0,10.539,0.95
25801bb4-cdbc-4bda-a8ff-732f3305cf00,a986d3cb-fdd4-454f-b858-0d4b897c95e3,EVT-REAL-2022-00474,22.7895,86.1864,Jharkhand,Dhanbad,69f6f609-77cf-42cf-a8c7-7672426e3c25,Tata Steel,2022-03-11,TRAIN,69f6f609-77cf-42cf-a8c7-7672426e3c25,EASTERN_COAL_BELT,Gas Flare,WEAKLY_LABELED,FACILITY_THERMAL_BASE,UNVERIFIED,REAL,False,True,26.5,26.5,0.0,319.4,319.4,0.0,1428.2070321584506,81875.7,1223204.4,4200.0,340713.6,362828.5,0,1.0,823.0,1.0,9.677,0.95
bec30182-49de-43b5-be17-665b3824ee9f,5064102c-d893-4d5c-95f7-9e4b8a813c5c,EVT-REAL-2022-00475,18.4136,82.28979,Chhattisgarh,Korba,,,2022-03-11,TRAIN,Korba,EASTERN_COAL_BELT,Forest Fire,REAL,FSI_FOREST_CANOPY,UNVERIFIED,REAL,False,True,22.25,22.25,0.0,367.0,367.0,0.0,19116.994582662715,518085.6,1388605.3,4200.0,615273.3,430930.3,0,0.2,52.0,1.0,2.128,0.2
4a3bc74b-6446-4a00-a4f5-1a9ccea13342,1ff2ad01-8bad-43d1-be0d-e93658c013ee,EVT-REAL-2022-00476,21.18745,70.13351,Gujarat,Jamnagar,,,2022-03-11,TRAIN,Jamnagar,WESTERN_PETROCHEMICAL,Uncertain,UNKNOWN,LOW_CONFIDENCE_HOTSPOT,UNVERIFIED,REAL,False,True,26.22,26.22,0.0,345.88,345.88,0.0,13566.766638051238,1127883.9,1047891.1,4200.0,1337559.8,1286877.3,0,0.0667,3.0,1.0,1.088,0.2
1f000d42-305d-4d50-a84f-4ef6056b37a0,0873af31-02a3-4c7e-a1f4-0a93e7c4efa7,EVT-REAL-2022-00477,21.0454,72.8891,Gujarat,Jamnagar,,,2022-03-12,TRAIN,Jamnagar,WESTERN_PETROCHEMICAL,Uncertain,UNKNOWN,LOW_CONFIDENCE_HOTSPOT,UNVERIFIED,REAL,False,True,37.8,37.8,0.0,323.3,323.3,0.0,4294.148468823226,859261.7,989713.6,4200.0,1068997.0,1006219.0,0,0.1333,6.0,1.0,17.001,0.65
0c40568f-15a8-4c9c-ae63-0b04e8204168,eb11e95d-c3fe-4b31-8b1b-cf953d3e884c,EVT-REAL-2022-00478,21.0523,72.8838,Gujarat,Jamnagar,,,2022-03-12,TRAIN,Jamnagar,WESTERN_PETROCHEMICAL,Uncertain,UNKNOWN,LOW_CONFIDENCE_HOTSPOT,UNVERIFIED,REAL,False,True,37.5,37.5,0.0,323.2,323.2,0.0,3616.684001361822,859519.9,989026.9,4200.0,1069263.7,1006633.7,0,0.1,4.0,1.0,11.7,0.65
a1c4fa41-10b1-462a-9327-30994968f884,2885bb98-0c88-4bd6-b1d0-b6b978c4b248,EVT-REAL-2022-00479,21.3828,70.2815,Gujarat,Jamnagar,,,2022-03-12,TRAIN,Jamnagar,WESTERN_PETROCHEMICAL,Uncertain,UNKNOWN,LOW_CONFIDENCE_HOTSPOT,UNVERIFIED,REAL,False,True,28.3,28.3,0.0,331.1,331.1,0.0,5011.408486156495,1107553.4,1022088.5,4200.0,1317063.4,1268890.9,0,0.0,0.0,1.0,1.0,0.65
ba96ce98-e104-4516-8d1d-d84ed213c099,d9da46d2-344f-418e-9c2c-3a981f99a41e,EVT-REAL-2022-00480,19.28456,82.64886,Chhattisgarh,Korba,,,2022-03-12,TRAIN,Korba,EASTERN_COAL_BELT,Uncertain,UNKNOWN,LOW_CONFIDENCE_HOTSPOT,UNVERIFIED,REAL,False,True,24.96,24.96,0.0,345.05,345.05,0.0,9147.423976149674,429750.7,1316005.8,4200.0,516820.4,333854.4,0,0.1,3.0,1.0,4.555,0.2
a4567e84-b67d-4e37-a6fa-b835fd39307a,0df267a9-9c4d-4e48-9c0b-5e3e7023f3fa,EVT-REAL-2022-00481,18.2169,80.801,Chhattisgarh,Korba,,,2022-03-12,TRAIN,Korba,EASTERN_COAL_BELT,Forest Fire,REAL,FSI_FOREST_CANOPY,UNVERIFIED,REAL,False,True,27.8,27.8,0.0,333.1,333.1,0.0,21964.30012397384,584922.6,1356170.2,4200.0,667846.0,486381.0,0,0.1,20.0,1.0,6.613,0.2
4c9b2482-fe36-4f82-9ac0-a88b94aae4e6,f10b9b2c-d795-4c0e-be70-ab827522eb65,EVT-REAL-2022-00482,18.394,82.2943,Chhattisgarh,Korba,,,2022-03-12,TRAIN,Korba,EASTERN_COAL_BELT,Uncertain,UNKNOWN,LOW_CONFIDENCE_HOTSPOT,UNVERIFIED,REAL,False,True,25.8,25.8,0.0,334.1,334.1,0.0,20031.019955850097,519128.4,1390791.3,4200.0,617395.0,433070.6,0,0.2667,47.0,1.0,2.817,0.2
aaf547a9-a1c9-4a3f-991f-39cb0c688b10,2d8d5fa4-fbfb-4ff2-9f4e-da8a599549a1,EVT-REAL-2022-00483,18.3671,82.2833,Chhattisgarh,Korba,,,2022-03-12,TRAIN,Korba,EASTERN_COAL_BELT,Uncertain,UNKNOWN,LOW_CONFIDENCE_HOTSPOT,UNVERIFIED,REAL,False,True,63.0,63.0,0.0,353.2,353.2,0.0,22882.010350448374,521948.2,1393095.7,4200.0,620459.7,436107.3,0,0.2333,23.0,1.0,6.941,0.2
8ba2bc0c-7648-42f4-a3a7-8b63b61066d2,c7a2c543-dc42-4e62-b8ef-7c8b012e6dde,EVT-REAL-2022-00484,18.6273,80.5459,Chhattisgarh,Korba,,,2022-03-12,TRAIN,Korba,EASTERN_COAL_BELT,Forest Fire,REAL,FSI_FOREST_CANOPY,UNVERIFIED,REAL,False,True,90.9,90.9,0.0,355.0,355.0,0.0,17836.802072692197,540142.7,1304975.0,4200.0,634012.5,455776.3,0,0.1,17.0,1.0,14.886,0.2
f0fbe363-8574-463e-bf9d-261b5360f6b9,8268012c-ea06-4cb1-b58b-d40f8d43c19e,EVT-REAL-2022-00485,18.6293,80.5582,Chhattisgarh,Korba,,,2022-03-12,TRAIN,Korba,EASTERN_COAL_BELT,Forest Fire,REAL,FSI_FOREST_CANOPY,UNVERIFIED,REAL,False,True,26.9,26.9,0.0,331.7,331.7,0.0,18685.154524447593,539860.6,1305125.1,4200.0,633336.7,454999.8,0,0.1333,11.0,1.0,3.188,0.2
81304bc4-2566-40b2-9f5a-130634576ad0,328d76ff-54e4-49d7-9c91-192f91656d38,EVT-REAL-2022-00486,18.4154,80.6349,Chhattisgarh,Korba,,,2022-03-12,TRAIN,Korba,EASTERN_COAL_BELT,Forest Fire,REAL,FSI_FOREST_CANOPY,UNVERIFIED,REAL,False,True,20.9,20.9,0.0,329.1,329.1,0.0,19666.318417625826,563213.3,1330121.6,4200.0,652690.2,472936.8,0,0.0667,5.0,1.0,8.353,0.2
7366a16b-4f58-4dc7-bafc-4733ab992772,16dc90a6-e51f-4464-a3e2-cb48b3e5e944,EVT-REAL-2022-00487,22.3887,80.0695,Madhya Pradesh,Singrauli,,,2022-03-12,TRAIN,Singrauli,EASTERN_COAL_BELT,Forest Fire,REAL,FSI_FOREST_CANOPY,UNVERIFIED,REAL,False,True,21.3,21.3,0.0,330.3,330.3,0.0,29232.227460865484,144080.6,893951.7,4200.0,328719.7,252337.3,0,0.0,0.0,1.0,1.0,0.2
63a6ddf1-f93e-43e7-8ab5-84d288ab338a,8ecdfddc-f24f-4c6e-908c-d9b471281f48,EVT-REAL-2022-00488,12.26433,75.59301,Karnataka,Ballari,,,2022-03-12,TRAIN,Ballari,GENERAL_INDIAN_TERRITORY,Other Thermal Source,REAL,BACKGROUND_THERMAL_SOURCE,UNVERIFIED,REAL,False,True,36.43,36.43,0.0,338.82,335.7,3.1200000000000045,22190.942134527635,1360038.0,1953405.0,4200.0,1500689.4,1332010.0,0,0.1667,39.0,1.0,3.532,0.2
4ef3e545-30a3-461e-b367-57cd93500c95,bc5d300c-7434-4049-84ec-5de76def0833,EVT-REAL-2022-00489,18.44607,82.29422,Chhattisgarh,Korba,,,2022-03-12,TRAIN,Korba,EASTERN_COAL_BELT,Forest Fire,REAL,FSI_FOREST_CANOPY,UNVERIFIED,REAL,False,True,31.78,31.78,0.0,341.85,339.0,2.8500000000000227,16960.003440360706,515410.6,1385468.3,4200.0,611652.7,427316.1,0,0.1667,14.0,1.0,3.728,0.2
1a726996-6038-4cd1-8ebf-356da8803b65,e3379023-2da3-4c19-8b1e-270adb47415c,EVT-REAL-2022-00490,23.7744,86.21185,Jharkhand,Dhanbad,,,2022-03-13,TRAIN,Dhanbad,EASTERN_COAL_BELT,Other Thermal Source,REAL,BACKGROUND_THERMAL_SOURCE,UNVERIFIED,REAL,False,True,17.5,16.75,0.7483314773547883,323.9,320.25,3.6499999999999773,2514.8815862939937,190948.4,1154980.0,4200.0,317562.1,357492.0,0,1.0,774.0,1.0,5.5,0.65
09d38407-f269-45c4-8ff4-af88e93a2997,4b61d49d-db5b-4b3b-974f-9d1e7e9f4b98,EVT-REAL-2022-00491,11.6975,75.91735,Karnataka,Ballari,,,2022-03-13,TRAIN,Ballari,GENERAL_INDIAN_TERRITORY,Other Thermal Source,REAL,BACKGROUND_THERMAL_SOURCE,UNVERIFIED,REAL,False,True,42.0,32.05,9.9498743710662,341.5,335.4,6.100000000000023,5239.931817971687,1404895.3,2016026.8,4200.0,1539067.4,1367243.7,0,0.0667,3.0,1.0,11.072,0.65
f42a3808-b4d8-4f67-8e07-8b1ae950c071,642507fd-f5e2-4a0b-b6ae-546e84f21679,EVT-REAL-2022-00492,18.43259,82.33678,Chhattisgarh,Korba,,,2022-03-13,TRAIN,Korba,EASTERN_COAL_BELT,Other Thermal Source,REAL,BACKGROUND_THERMAL_SOURCE,UNVERIFIED,REAL,False,True,26.49,23.77,2.7147743920996454,367.0,367.0,0.0,13851.710387496585,512941.7,1388582.2,4200.0,612777.1,428584.8,0,0.0667,2.0,1.0,14.717,0.2
d118c8a7-40a4-4572-a0dd-d5e1acbf82a5,990ecc8b-129c-4e14-82ca-1cec9d9a929c,EVT-REAL-2022-00493,18.42906,82.33326,Chhattisgarh,Korba,,,2022-03-13,TRAIN,Korba,EASTERN_COAL_BELT,Other Thermal Source,REAL,BACKGROUND_THERMAL_SOURCE,UNVERIFIED,REAL,False,True,24.79,22.3,1.7578395831246945,355.19,344.94,10.25,14385.518391124275,513478.1,1388798.3,4200.0,613195.4,428991.7,0,0.0333,1.0,1.0,8.854,0.2
261136fd-d125-42d1-94a6-633882a2773e,e317f27f-c568-4c6c-91bd-fccbbf96f978,EVT-REAL-2022-00494,18.4392,80.67771,Chhattisgarh,Korba,,,2022-03-13,TRAIN,Korba,EASTERN_COAL_BELT,Forest Fire,REAL,FSI_FOREST_CANOPY,UNVERIFIED,REAL,False,True,40.16,37.13,3.0298514815086235,367.0,354.97,12.029999999999973,23121.155274555666,560461.6,1328869.6,4200.0,648689.9,468685.8,0,0.1333,31.0,1.0,10.897,0.2
5d10c456-09af-4fad-aff4-bf902d85a64a,77e05e7e-8794-4386-bec2-ed2f90b6eeb4,EVT-REAL-2022-00495,18.51814,80.67572,Chhattisgarh,Korba,,,2022-03-13,TRAIN,Korba,EASTERN_COAL_BELT,Other Thermal Source,REAL,BACKGROUND_THERMAL_SOURCE,UNVERIFIED,REAL,False,True,20.64,20.46,0.17320508075688773,367.0,361.11,5.889999999999986,22564.137475283726,551731.1,1320433.3,4200.0,640530.3,460798.5,0,0.2333,23.0,1.0,4.48,0.2
0faa4c07-eca5-49c8-9723-c211f4023bf8,e0ff4a35-0197-4e70-ae7c-73fa2e6bd07d,EVT-REAL-2022-00496,12.74769,75.84054,Karnataka,Ballari,,,2022-03-13,TRAIN,Ballari,GENERAL_INDIAN_TERRITORY,Other Thermal Source,REAL,BACKGROUND_THERMAL_SOURCE,UNVERIFIED,REAL,False,True,70.13,45.16,24.964975465639856,341.65,335.88,5.769999999999982,15613.813066165561,1300295.7,1899879.9,4200.0,1440903.8,1272481.7,0,0.0,0.0,1.0,1.553,0.2
3174ed44-f0eb-4522-a30e-eb1a600f949e,47ead6cd-93e6-4282-8148-1d1faf67a196,EVT-REAL-2022-00497,12.75385,75.84709,Karnataka,Ballari,,,2022-03-13,TRAIN,Ballari,GENERAL_INDIAN_TERRITORY,Uncertain,UNKNOWN,LOW_CONFIDENCE_HOTSPOT,UNVERIFIED,REAL,False,True,32.77,32.77,0.0,333.06,333.06,0.0,16580.06596565254,1299390.0,1899196.2,4200.0,1439959.8,1271523.2,0,0.0,0.0,1.0,1.0,0.2
628ac8bb-031f-44cf-867c-8f66ecede247,3d8eeed6-628f-46fe-b9fe-8291b4dd774f,EVT-REAL-2022-00498,18.20068,82.20618,Chhattisgarh,Korba,,,2022-03-13,TRAIN,Korba,EASTERN_COAL_BELT,Forest Fire,REAL,FSI_FOREST_CANOPY,UNVERIFIED,REAL,False,True,23.51,23.51,0.0,343.1,343.1,0.0,15419.358722049345,540207.7,1407065.3,4200.0,639537.7,455008.9,0,0.1333,8.0,1.0,4.846,0.2
84d7eb8a-3853-4932-9068-22b25e0009fc,e0ed33eb-3d93-4890-a372-3ad1e3d76789,EVT-REAL-2022-00499,18.16597,80.76608,Chhattisgarh,Korba,,,2022-03-13,TRAIN,Korba,EASTERN_COAL_BELT,Forest Fire,REAL,FSI_FOREST_CANOPY,UNVERIFIED,REAL,False,True,27.59,24.95,1.865475810617763,350.04,347.8,2.240000000000009,15572.543966522535,590570.2,1360519.6,4200.0,674343.8,492978.6,0,0.1667,34.0,1.0,13.076,0.2
67ed18df-8dfe-40c5-9aee-82d8707de943,1a2ae1bf-2d8c-4d3a-a362-22e7597edaa4,EVT-REAL-2022-00500,18.63644,80.53991,Chhattisgarh,Korba,,,2022-03-13,TRAIN,Korba,EASTERN_COAL_BELT,Forest Fire,REAL,FSI_FOREST_CANOPY,UNVERIFIED,REAL,False,True,30.42,30.42,0.0,350.95,346.22,4.729999999999961,18452.104045577154,539163.0,1303827.2,4200.0,633299.3,455154.5,0,0.1333,26.0,1.0,2.931,0.2
2bb72a84-0700-4037-b6c5-7222dac1bbd2,dd8c0d9e-ebc9-401d-8aa4-fb836946044e,EVT-REAL-2022-00501,18.91459,80.72098,Chhattisgarh,Korba,,,2022-03-13,TRAIN,Korba,EASTERN_COAL_BELT,Forest Fire,REAL,FSI_FOREST_CANOPY,UNVERIFIED,REAL,False,True,33.9,33.9,0.0,347.55,347.55,0.0,54716.1389713574,507763.6,1279847.0,4200.0,597708.4,419084.9,0,0.1,7.0,1.0,4.695,0.2
893e46fe-1037-4b8e-b0b7-b30de4c53628,5927d315-3c8f-4c2d-b4f7-fd39459b5bf8,EVT-REAL-2022-00502,21.2013,70.9676,Gujarat,Jamnagar,,,2022-03-13,TRAIN,Jamnagar,WESTERN_PETROCHEMICAL,Uncertain,UNKNOWN,LOW_CONFIDENCE_HOTSPOT,UNVERIFIED,REAL,False,True,42.3,42.3,0.0,349.2,349.2,0.0,28722.6106480439,1044023.7,1016770.9,4200.0,1253856.9,1200872.0,0,0.0,0.0,1.0,1.0,0.2
e856dafe-87a5-4bcf-8fc0-66f2e9ac7a52,61dc3335-2415-4072-9847-430f2934e7c5,EVT-REAL-2022-00503,22.34781,86.74049,Odisha,Angul,,,2022-03-14,TRAIN,Angul,EASTERN_COAL_BELT,Other Thermal Source,REAL,BACKGROUND_THERMAL_SOURCE,UNVERIFIED,REAL,False,True,27.33,26.73,0.6082762530298219,352.52,349.26,3.259999999999991,6970.308922766147,34272.1,1298277.0,4200.0,412866.1,418214.1,0,0.0333,2.0,1.0,43.728,0.65
dc62335b-c2fa-4c6a-a118-ddbdb6f31a0a,216babe6-d386-4bc0-bed1-ab20d721f81f,EVT-REAL-2022-00504,22.09845,86.9926,Odisha,Angul,,,2022-03-14,TRAIN,Angul,EASTERN_COAL_BELT,Forest Fire,REAL,FSI_FOREST_CANOPY,UNVERIFIED,REAL,False,True,36.0,32.15,3.8496753109840314,344.0,335.9,8.100000000000023,32741.129765288188,35763.8,1336085.5,4200.0,448577.4,445248.0,0,0.0667,6.0,1.0,7.124,0.2
0da0a0cc-28a8-43a3-b65f-5c0711bab68b,e6255761-73c3-497d-8b16-91ea0b198604,EVT-REAL-2022-00505,22.04,87.1441,Odisha,Angul,,,2022-03-14,TRAIN,Angul,EASTERN_COAL_BELT,Forest Fire,REAL,FSI_FOREST_CANOPY,UNVERIFIED,REAL,False,True,26.3,26.3,0.0,337.5,337.5,0.0,32932.78354473774,51007.4,1352004.7,4200.0,465425.7,461303.2,0,0.0,0.0,1.0,1.0,0.2
3a39607f-bef3-4ccf-8821-bbc2c47dec5a,d5e55d79-3a01-45c1-ae58-b10bbfbd8e7e,EVT-REAL-2022-00506,20.9658,86.0119,Odisha,Angul,ccfecf36-122a-46ec-8e75-8ab9585c9ee8,TATA Steel,2022-03-14,TRAIN,ccfecf36-122a-46ec-8e75-8ab9585c9ee8,EASTERN_COAL_BELT,Gas Flare,WEAKLY_LABELED,FACILITY_THERMAL_BASE,UNVERIFIED,REAL,False,True,25.0,25.0,0.0,338.7,338.7,0.0,624.5933354378457,48937.1,1354625.9,4200.0,446093.2,375224.7,1,1.0,608.0,1.0,9.51,0.95
58e03808-b6d7-4090-b87a-8cc6c728fcaf,6c2c56ff-caac-4c68-8891-a0fb818bc488,EVT-REAL-2022-00507,21.7265,84.06445,Chhattisgarh,Korba,57530540-072c-4403-b0a4-b005feb3e28d,Aditya Aluminum Power Station,2022-03-14,TRAIN,57530540-072c-4403-b0a4-b005feb3e28d,EASTERN_COAL_BELT,Industrial Fire,REAL,OSM_FACILITY_GROUND_TRUTH,UNVERIFIED,REAL,False,True,106.7,100.55,6.149796744608719,365.8,363.95,1.8500000000000227,1060.547882165618,210589.9,1161429.7,4200.0,265385.7,156417.7,0,0.2,9.0,1.0,17.216,0.95
25e97f15-5093-463f-a923-4decf3e0d3d8,8af55fd2-9756-4aaf-a252-0f8286730971,EVT-REAL-2022-00508,23.6759,86.0911,Jharkhand,Dhanbad,52f465c3-1def-446f-8696-511667e0eacf,Industrial Manufacturing (cooling) (Way #669690360),2022-03-14,TRAIN,52f465c3-1def-446f-8696-511667e0eacf,EASTERN_COAL_BELT,Gas Flare,WEAKLY_LABELED,FACILITY_THERMAL_BASE,UNVERIFIED,REAL,False,True,19.1,19.1,0.0,333.1,333.1,0.0,709.9447833897666,180058.0,1152104.8,4200.0,306290.1,346781.9,0,1.0,850.0,1.0,8.156,0.95
0508eda6-0244-445e-a054-4f2e8bebaa5b,3a82b290-c90c-4412-8752-ea84d68a1ab8,EVT-REAL-2022-00509,22.33103,86.96804,Odisha,Angul,,,2022-03-14,TRAIN,Angul,EASTERN_COAL_BELT,Other Thermal Source,REAL,BACKGROUND_THERMAL_SOURCE,UNVERIFIED,REAL,False,True,35.5,31.37,4.135214625627067,342.51,340.01,2.5,8433.129062538243,45211.5,1316959.2,4200.0,434805.3,441697.6,0,0.1333,11.0,1.0,6.093,0.2
8ac70329-d57d-41ca-934b-c40f8147f96b,b4172c0a-f53b-4509-ae85-11c1f11c106d,EVT-REAL-2022-00510,15.14575,76.50734,Karnataka,Ballari,,,2022-03-14,TRAIN,Ballari,GENERAL_INDIAN_TERRITORY,Uncertain,UNKNOWN,LOW_CONFIDENCE_HOTSPOT,UNVERIFIED,REAL,False,True,33.43,33.43,0.0,347.27,347.27,0.0,9206.573887573346,1028706.4,1634130.3,4200.0,1176761.6,1014143.7,0,0.0667,2.0,1.0,7.774,0.2
fe0cf72a-8288-4112-b77b-3dd820f02f72,95d78ab1-98c8-4861-b21a-b01a540c3b04,EVT-REAL-2022-00511,20.39381,84.92432,Odisha,Angul,,,2022-03-15,TRAIN,Angul,EASTERN_COAL_BELT,Forest Fire,REAL,FSI_FOREST_CANOPY,UNVERIFIED,REAL,False,True,36.61,36.61,0.0,342.81,342.81,0.0,25322.447456266105,165443.9,1333127.1,4200.0,436409.5,314216.8,0,0.0,0.0,1.0,1.0,0.2
eda38c61-51f7-43f7-93cc-582d02b87a59,df1aaad0-7cda-45f7-a4c6-a68b43701a44,EVT-REAL-2022-00512,21.75896,84.00775,Chhattisgarh,Korba,09bbc2bf-6aeb-4888-955e-9218735c118e,Bhushan Power & Steel,2022-03-15,TRAIN,09bbc2bf-6aeb-4888-955e-9218735c118e,EASTERN_COAL_BELT,Gas Flare,WEAKLY_LABELED,FACILITY_THERMAL_BASE,UNVERIFIED,REAL,False,True,28.57,28.57,0.0,354.07,354.07,0.0,1498.60102102568,216406.8,1155018.9,4200.0,259908.2,149596.8,0,1.0,872.0,1.0,13.957,0.95
03218e38-9e60-4b1b-8056-75d5920cb7d3,8091f0b2-963d-4bdf-aa02-6b2dbba7e0b5,EVT-REAL-2022-00513,22.35138,86.73552,Odisha,Angul,,,2022-03-15,TRAIN,Angul,EASTERN_COAL_BELT,Uncertain,UNKNOWN,LOW_CONFIDENCE_HOTSPOT,UNVERIFIED,REAL,False,True,27.33,27.33,0.0,342.74,342.74,0.0,7101.985875521295,34518.2,1297632.2,4200.0,412232.3,417691.7,0,0.0667,4.0,1.0,3.813,0.65
1958fbcd-1bde-4e74-8001-e5751939902e,6f06db5d-b001-4571-84e3-966960cdd745,EVT-REAL-2022-00514,20.53754,86.445,Odisha,Angul,,,2022-03-15,TRAIN,Angul,EASTERN_COAL_BELT,Forest Fire,REAL,FSI_FOREST_CANOPY,UNVERIFIED,REAL,False,True,25.51,25.51,0.0,367.0,367.0,0.0,27317.683032983867,95511.9,1420010.1,4200.0,511499.3,436379.0,0,0.1,3.0,1.0,3.875,0.2
63a05359-dfa3-4143-97c6-715df2237137,dddb8055-654f-469d-8519-c92b3aa0177b,EVT-REAL-2022-00515,20.5271,86.4363,Odisha,Angul,,,2022-03-15,TRAIN,Angul,EASTERN_COAL_BELT,Forest Fire,REAL,FSI_FOREST_CANOPY,UNVERIFIED,REAL,False,True,53.8,53.8,0.0,321.0,321.0,0.0,28414.392227117725,96668.1,1420283.5,4200.0,511759.2,436103.7,0,0.1667,6.0,1.0,10.484,0.2
efe41db2-a411-4526-9448-67529116398e,ddffb742-3c30-4160-95cf-0f9b38451239,EVT-REAL-2022-00516,23.282,87.1905,Jharkhand,Dhanbad,,,2022-03-16,TRAIN,Dhanbad,EASTERN_COAL_BELT,Uncertain,UNKNOWN,LOW_CONFIDENCE_HOTSPOT,UNVERIFIED,REAL,False,True,29.5,29.5,0.0,337.0,337.0,0.0,18324.409055022345,147305.4,1267377.3,4200.0,423928.9,465252.4,0,0.0333,1.0,1.0,7.393,0.2
ec291d18-c245-488e-9a96-0183482f2960,dace8907-8a51-4f81-8185-845875931a93,EVT-REAL-2022-00517,23.274,87.3601,Jharkhand,Dhanbad,,,2022-03-16,TRAIN,Dhanbad,EASTERN_COAL_BELT,Uncertain,UNKNOWN,LOW_CONFIDENCE_HOTSPOT,UNVERIFIED,REAL,False,True,35.6,35.6,0.0,341.9,341.9,0.0,16731.041155091036,153942.8,1281704.2,4200.0,441142.0,482396.7,0,0.1333,14.0,1.0,4.182,0.2
049c3ee3-c040-4802-acc0-0d06b68e4315,e577e9aa-9364-44a7-9eca-8f5f299fefec,EVT-REAL-2022-00518,22.0252,86.9008,Odisha,Angul,,,2022-03-16,TRAIN,Angul,EASTERN_COAL_BELT,Forest Fire,REAL,FSI_FOREST_CANOPY,UNVERIFIED,REAL,False,True,48.6,48.6,0.0,344.6,344.6,0.0,35775.26575404988,25893.6,1334613.1,4200.0,444156.8,436397.8,0,0.0,0.0,1.0,1.0,0.2
bfd24d49-0d87-4530-bf0b-989a61dc602a,cf7d664d-41d7-485a-b8a0-4a7ad7cad5a1,EVT-REAL-2022-00519,24.1916,82.3328,Madhya Pradesh,Singrauli,,,2022-03-16,TRAIN,Singrauli,EASTERN_COAL_BELT,Uncertain,UNKNOWN,LOW_CONFIDENCE_HOTSPOT,UNVERIFIED,REAL,False,True,15.0,15.0,0.0,321.5,321.5,0.0,7749.336067712644,114775.2,837207.2,4200.0,47467.7,25115.6,0,0.0,0.0,1.0,1.0,0.65
88dc4c6f-6f37-4afa-ac6d-629be4ab91e0,9c1daa67-d77c-40c3-b2f0-ade073079c45,EVT-REAL-2022-00520,21.45335,71.24717,Gujarat,Jamnagar,,,2022-03-16,TRAIN,Jamnagar,WESTERN_PETROCHEMICAL,Uncertain,UNKNOWN,LOW_CONFIDENCE_HOTSPOT,UNVERIFIED,REAL,False,True,27.58,27.58,0.0,345.86,345.86,0.0,8621.170369342286,1008661.2,981448.3,4200.0,1218353.7,1168549.6,0,0.0333,1.0,1.0,18.387,0.2
eea0f14d-a191-4f5d-ab0d-edca73720724,12642127-0499-4b83-8a74-04d96da6392a,EVT-REAL-2022-00521,23.4485,69.5892,Gujarat,Jamnagar,,,2022-03-16,TRAIN,Jamnagar,WESTERN_PETROCHEMICAL,Uncertain,UNKNOWN,LOW_CONFIDENCE_HOTSPOT,UNVERIFIED,REAL,False,True,36.6,36.6,0.0,338.9,338.9,0.0,21289.98888952127,1144355.1,849231.9,4200.0,1347960.9,1325644.0,0,0.0,0.0,1.0,1.0,0.2
59fbe166-b445-4f07-b5f4-acc4a9645c14,d2ded9c0-49ae-4adf-9248-6a1dcd9795c3,EVT-REAL-2022-00522,23.4598,69.5877,Gujarat,Jamnagar,,,2022-03-16,TRAIN,Jamnagar,WESTERN_PETROCHEMICAL,Uncertain,UNKNOWN,LOW_CONFIDENCE_HOTSPOT,UNVERIFIED,REAL,False,True,105.1,105.1,0.0,356.2,356.2,0.0,22537.631573794173,1144409.4,848247.9,4200.0,1347997.1,1325669.9,0,0.0,0.0,1.0,1.0,0.2
f7932ecf-a24c-474e-839c-6a6ccabd335d,072ec341-acbc-4120-b754-c45985438f57,EVT-REAL-2022-00523,21.78475,70.15739,Gujarat,Jamnagar,,,2022-03-17,TRAIN,Jamnagar,WESTERN_PETROCHEMICAL,Uncertain,UNKNOWN,LOW_CONFIDENCE_HOTSPOT,UNVERIFIED,REAL,False,True,25.95,25.95,0.0,355.61,355.61,0.0,6866.959876489011,1110036.8,985941.3,4200.0,1318878.6,1277128.6,0,0.0,0.0,1.0,1.0,0.65
4306f840-7e75-4cbd-84d9-d03831413785,ab093e2b-db8e-44cc-bcd0-24edd8367d83,EVT-REAL-2022-00524,21.94524,69.69913,Gujarat,Jamnagar,,,2022-03-17,TRAIN,Jamnagar,WESTERN_PETROCHEMICAL,Other Thermal Source,REAL,BACKGROUND_THERMAL_SOURCE,UNVERIFIED,REAL,False,True,47.89,40.54,7.349829930005184,367.0,355.25,11.75,18307.87994071518,1153008.7,989655.3,4200.0,1361325.6,1322853.3,0,0.0333,1.0,1.0,19.627,0.2
0d3d6113-16a4-4f7e-b668-4dd2729245e6,f0929016-d915-489c-8c65-147c9ccef788,EVT-REAL-2022-00525,21.9396,72.7327,Gujarat,Jamnagar,114966f7-5a70-479a-9544-654b332e5f63,Designated Industrial Park / Estate (Way #544730982),2022-03-17,TRAIN,114966f7-5a70-479a-9544-654b332e5f63,WESTERN_PETROCHEMICAL,Industrial Fire,REAL,OSM_FACILITY_GROUND_TRUTH,UNVERIFIED,REAL,False,True,37.1,37.1,0.0,333.1,333.1,0.0,1946.2568100991664,846461.5,894050.1,4200.0,1055997.0,1010418.0,0,0.0333,1.0,1.0,2.935,0.95
d3f98b96-7a8e-48f4-90f6-d63586a5ccb3,a304effc-71b2-4704-8dea-a2f190961355,EVT-REAL-2022-00526,21.7421,84.2188,Chhattisgarh,Korba,,,2022-03-17,TRAIN,Korba,EASTERN_COAL_BELT,Uncertain,UNKNOWN,LOW_CONFIDENCE_HOTSPOT,UNVERIFIED,REAL,False,True,27.0,27.0,0.0,327.9,327.9,0.0,13264.383124033548,194601.2,1169802.5,4200.0,270125.1,170462.7,0,0.2,12.0,1.0,4.215,0.2
9a8dc211-758d-48e3-927e-a95e607d33b0,187d08dc-9f0b-474c-818e-77eb64823656,EVT-REAL-2022-00527,21.9296,69.6804,Gujarat,Jamnagar,,,2022-03-17,TRAIN,Jamnagar,WESTERN_PETROCHEMICAL,Uncertain,UNKNOWN,LOW_CONFIDENCE_HOTSPOT,UNVERIFIED,REAL,False,True,48.0,48.0,0.0,328.1,328.1,0.0,20795.072834996743,1155232.6,992062.9,4200.0,1363576.8,1324924.6,0,0.0667,2.0,1.0,10.787,0.2
f3a66717-6aac-4b1f-9d46-9506f8ba2721,b659d419-47f2-4da9-974e-6aad373125cb,EVT-REAL-2022-00528,21.9321,69.6839,Gujarat,Jamnagar,,,2022-03-17,TRAIN,Jamnagar,WESTERN_PETROCHEMICAL,Uncertain,UNKNOWN,LOW_CONFIDENCE_HOTSPOT,UNVERIFIED,REAL,False,True,73.9,73.9,0.0,331.8,331.8,0.0,20348.646416710722,1154825.6,991654.9,4200.0,1363165.7,1324541.2,0,0.0667,2.0,1.0,16.607,0.2
d6764355-979f-4ea2-9320-fe4a3954f24e,cc370ae9-8110-4efa-81b9-aae8affd167c,EVT-REAL-2022-00529,22.0764,72.1739,Gujarat,Jamnagar,,,2022-03-17,TRAIN,Jamnagar,WESTERN_PETROCHEMICAL,Uncertain,UNKNOWN,LOW_CONFIDENCE_HOTSPOT,UNVERIFIED,REAL,False,True,39.0,39.0,0.0,335.9,335.9,0.0,10241.979419455763,899505.9,890130.3,4200.0,1108585.5,1066958.5,0,0.0,0.0,1.0,1.0,0.2
7969aea2-fef2-49ed-92ce-8eafcb16d09f,99c04ee9-0810-4d09-968c-5739c8f47098,EVT-REAL-2022-00530,23.07832,71.23543,Gujarat,Jamnagar,,,2022-03-17,TRAIN,Jamnagar,WESTERN_PETROCHEMICAL,Other Thermal Source,REAL,BACKGROUND_THERMAL_SOURCE,UNVERIFIED,REAL,False,True,59.0,58.52,0.4898979485566356,367.0,367.0,0.0,7852.062494981185,979415.4,811440.0,4200.0,1184692.9,1161049.7,0,0.0,0.0,1.0,1.008,0.65
43616f05-e2cd-456a-bab2-49033aa46839,34361ce7-d6c9-42d0-915c-04221019d86e,EVT-REAL-2022-00531,22.0227,86.9808,Odisha,Angul,,,2022-03-18,TRAIN,Angul,EASTERN_COAL_BELT,Forest Fire,REAL,FSI_FOREST_CANOPY,UNVERIFIED,REAL,False,True,27.1,27.1,0.0,326.5,326.5,0.0,41128.9154051785,34153.7,1340861.3,4200.0,451503.0,444651.7,0,0.1333,12.0,1.0,4.014,0.2
492ddc94-7031-44bc-b849-afb00d56f8ac,ebaf3865-4353-420c-8b63-77a54dbf90e4,EVT-REAL-2022-00532,22.0816,87.0393,Odisha,Angul,,,2022-03-18,TRAIN,Angul,EASTERN_COAL_BELT,Forest Fire,REAL,FSI_FOREST_CANOPY,UNVERIFIED,REAL,False,True,26.7,26.7,0.0,328.0,328.0,0.0,32736.5084049558,40333.4,1340903.0,4200.0,453709.4,450180.2,0,0.1667,16.0,1.0,6.677,0.2
ddc67e0b-25f1-4c6a-a17b-3f57cbce4619,26c4ee07-3b85-4d5f-8032-64a9f1f9a564,EVT-REAL-2022-00533,23.2846,87.2971,Jharkhand,Dhanbad,,,2022-03-18,TRAIN,Dhanbad,EASTERN_COAL_BELT,Uncertain,UNKNOWN,LOW_CONFIDENCE_HOTSPOT,UNVERIFIED,REAL,False,True,32.8,32.8,0.0,330.6,330.6,0.0,16942.049160592967,152034.7,1275862.7,4200.0,434590.5,475848.4,0,0.2333,25.0,1.0,6.195,0.2
5ea66292-1c6b-4158-a46e-a02e7fb7b581,489e3456-bd3e-40e9-981f-534c9f34ed3c,EVT-REAL-2022-00534,22.03139,86.97884,Odisha,Angul,,,2022-03-18,TRAIN,Angul,EASTERN_COAL_BELT,Forest Fire,REAL,FSI_FOREST_CANOPY,UNVERIFIED,REAL,False,True,69.57,69.57,0.0,349.03,349.03,0.0,40288.03480887258,33949.2,1340060.1,4200.0,450860.7,444371.1,0,0.1333,12.0,1.0,10.304,0.2
b2294590-ae40-418c-af81-2f20015c8084,821de822-bdf8-4dd2-9d83-afef6d2156a5,EVT-REAL-2022-00535,23.29261,87.30003,Jharkhand,Dhanbad,,,2022-03-18,TRAIN,Dhanbad,EASTERN_COAL_BELT,Uncertain,UNKNOWN,LOW_CONFIDENCE_HOTSPOT,UNVERIFIED,REAL,False,True,29.91,29.91,0.0,341.09,341.09,0.0,16143.785308610468,152963.3,1275563.9,4200.0,434723.0,475956.0,0,0.2,25.0,1.0,5.742,0.2
e35ea276-b19d-4d2a-9dc8-bf5baba9b87c,99941147-b5f1-40e2-9f63-fb6e7382dfa2,EVT-REAL-2022-00536,23.36165,73.43729,Gujarat,Jamnagar,,,2022-03-18,TRAIN,Jamnagar,WESTERN_PETROCHEMICAL,Uncertain,UNKNOWN,LOW_CONFIDENCE_HOTSPOT,UNVERIFIED,REAL,False,True,27.34,27.34,0.0,351.55,351.55,0.0,14550.924636357724,752490.2,728401.9,4200.0,957231.2,935746.2,0,0.0,0.0,1.0,1.0,0.2
50bc220c-66bf-4a4e-923d-c032e6407bd8,ae7a9195-500d-46d7-bcd3-b3a5ace04aa7,EVT-REAL-2022-00537,21.1031,72.6388,Gujarat,Jamnagar,e9c4bee7-eae3-4bd8-a08a-39d2cf310cbd,ArcelorMittal Nippon Steel India,2022-03-18,TRAIN,e9c4bee7-eae3-4bd8-a08a-39d2cf310cbd,WESTERN_PETROCHEMICAL,Gas Flare,WEAKLY_LABELED,FACILITY_THERMAL_BASE,UNVERIFIED,REAL,False,True,28.8,28.8,0.0,332.8,332.8,0.0,909.5747338148906,881655.5,987053.7,4200.0,1091504.6,1030828.8,0,1.0,1355.0,1.0,5.327,0.95
9f1b9567-86ef-4ddc-8895-92316ce084e9,eee2ae77-b2c6-48aa-b434-3a343fe35a56,EVT-REAL-2022-00538,21.6036,70.4294,Gujarat,Jamnagar,,,2022-03-19,TRAIN,Jamnagar,WESTERN_PETROCHEMICAL,Uncertain,UNKNOWN,LOW_CONFIDENCE_HOTSPOT,UNVERIFIED,REAL,False,True,37.8,37.8,0.0,330.1,330.1,0.0,2533.161207608108,1086890.3,993707.0,4200.0,1296146.8,1250965.3,0,0.0,0.0,1.0,1.0,0.65
01a9d03b-b8e2-4fd2-a563-8ae8cf4fc0a3,3fe778bb-ead2-4c56-8140-290b44428307,EVT-REAL-2022-00539,21.08072,85.06247,Odisha,Angul,a6ed05cf-ccab-4ecd-bd89-5ed3a9a7d33a,Solar Photovoltaic / Solar Thermal Power Generation (Way #1007115341),2022-03-19,TRAIN,a6ed05cf-ccab-4ecd-bd89-5ed3a9a7d33a,EASTERN_COAL_BELT,Gas Flare,WEAKLY_LABELED,FACILITY_THERMAL_BASE,UNVERIFIED,REAL,False,True,34.72,34.72,0.0,367.0,367.0,0.0,1220.7554374659326,113351.7,1281482.7,4200.0,376444.2,281084.9,0,1.0,130.0,1.0,18.996,0.95
c636f3a6-12c6-4bec-ba0c-673e654a12bb,6d3df399-5772-414a-81a0-510197fa825a,EVT-REAL-2022-00540,21.43367,85.99006,Odisha,Angul,,,2022-03-19,TRAIN,Angul,EASTERN_COAL_BELT,Forest Fire,REAL,FSI_FOREST_CANOPY,UNVERIFIED,REAL,False,True,42.65,42.65,0.0,336.83,336.83,0.0,35556.88892797551,11397.2,1314561.5,4200.0,407202.5,355305.2,0,0.0,0.0,1.0,1.0,0.2
954628d4-26f6-42fd-af41-1bac7279a364,c7d36500-c176-4882-90fb-695dffa5561e,EVT-REAL-2022-00541,22.02314,87.14873,Odisha,Angul,,,2022-03-19,TRAIN,Angul,EASTERN_COAL_BELT,Uncertain,UNKNOWN,LOW_CONFIDENCE_HOTSPOT,UNVERIFIED,REAL,False,True,41.63,41.63,0.0,348.03,348.03,0.0,34561.32912836567,51491.5,1353613.8,4200.0,466721.6,461927.3,0,0.2333,20.0,1.0,6.309,0.2
eda5dd3c-963a-49e6-8371-8fa8ca10fea5,35452b11-021e-4de0-9ef7-e405b1206c3e,EVT-REAL-2022-00542,21.85305,84.17583,Chhattisgarh,Korba,,,2022-03-19,TRAIN,Korba,EASTERN_COAL_BELT,Uncertain,UNKNOWN,LOW_CONFIDENCE_HOTSPOT,UNVERIFIED,REAL,False,True,28.97,28.97,0.0,355.67,355.67,0.0,4594.417449694428,198892.8,1157386.3,4200.0,257114.6,162117.5,0,0.0667,3.0,1.0,5.522,0.65
181a3dd6-af51-49d2-8d53-8cdf611baa2a,c2a7c23d-3e7d-44f5-b72e-9e71b55891c4,EVT-REAL-2022-00543,20.771,86.108,Odisha,Angul,,,2022-03-19,TRAIN,Angul,EASTERN_COAL_BELT,Uncertain,UNKNOWN,LOW_CONFIDENCE_HOTSPOT,UNVERIFIED,REAL,False,True,25.2,25.2,0.0,331.8,331.8,0.0,4969.387481635025,69643.0,1377456.5,4200.0,468905.7,393393.5,0,0.2333,9.0,1.0,6.653,0.65
5da8ccd6-af93-4ea1-8d59-476d482c1cf7,6bf02b79-ebbd-42af-99d4-b6979ee45f42,EVT-REAL-2022-00544,20.8911,85.1038,Odisha,Angul,,,2022-03-19,TRAIN,Angul,EASTERN_COAL_BELT,Uncertain,UNKNOWN,LOW_CONFIDENCE_HOTSPOT,UNVERIFIED,REAL,False,True,52.7,52.7,0.0,347.4,347.4,0.0,2501.5752685316634,117820.2,1300597.4,4200.0,396589.0,295510.2,1,0.0333,1.0,1.0,26.35,0.65
743a3d72-8241-4273-bde9-48810eadac50,510937b9-d246-4cce-a831-2b2fd4bf86da,EVT-REAL-2022-00545,21.4291,85.9852,Odisha,Angul,,,2022-03-19,TRAIN,Angul,EASTERN_COAL_BELT,Forest Fire,REAL,FSI_FOREST_CANOPY,UNVERIFIED,REAL,False,True,30.2,30.2,0.0,332.9,332.9,0.0,34961.01572149133,11901.4,1314592.9,4200.0,407188.8,354963.9,0,0.0333,1.0,1.0,9.618,0.2
1792dd0f-c2a2-4d1f-9f04-e5974db5d721,114d9340-2b99-4f46-9ba7-e53415cdd17f,EVT-REAL-2022-00546,22.0711,86.9504,Odisha,Angul,,,2022-03-19,TRAIN,Angul,EASTERN_COAL_BELT,Forest Fire,REAL,FSI_FOREST_CANOPY,UNVERIFIED,REAL,False,True,45.9,45.9,0.0,336.1,336.1,0.0,35084.46062633797,31094.7,1334921.8,4200.0,446174.0,441108.6,0,0.1333,9.0,1.0,10.39,0.2
33ed1237-6db2-4ce3-8cfa-254153a98c93,0e2318b8-222f-4b37-921f-10847ce5ba44,EVT-REAL-2022-00547,23.9793,83.0796,Chhattisgarh,Korba,,,2022-03-19,TRAIN,Korba,EASTERN_COAL_BELT,Forest Fire,REAL,FSI_FOREST_CANOPY,UNVERIFIED,REAL,False,True,19.0,19.0,0.0,334.5,334.5,0.0,25324.15265311811,186457.4,904752.9,4200.0,0.0,39757.4,7,0.0333,1.0,1.0,7.54,0.2
b86b35a9-da11-4547-ad88-10aebd953073,44b54fd5-7101-4d74-b69e-2b3f3b1ef0f9,EVT-REAL-2022-00548,22.4728,86.7976,Odisha,Angul,,,2022-03-20,TRAIN,Angul,EASTERN_COAL_BELT,Uncertain,UNKNOWN,LOW_CONFIDENCE_HOTSPOT,UNVERIFIED,REAL,False,True,33.8,33.8,0.0,319.1,319.1,0.0,6840.336420781042,49228.0,1293412.3,4200.0,412312.4,423875.7,0,0.1667,11.0,1.0,5.311,0.65
9b38d669-ae59-475a-b5e3-e496b432c0e6,e0451a56-5a02-47aa-9a63-0050d638ad9f,EVT-REAL-2022-00549,21.3472,70.4376,Gujarat,Jamnagar,b293027d-dbac-4e26-adbd-933026069595,Designated Industrial Park / Estate (Way #1240803406),2022-03-20,TRAIN,b293027d-dbac-4e26-adbd-933026069595,WESTERN_PETROCHEMICAL,Industrial Fire,WEAKLY_LABELED,FACILITY_ANOMALOUS_THERMAL,UNVERIFIED,REAL,False,True,25.0,25.0,0.0,324.6,324.6,0.0,1075.4053583681768,1092848.1,1019856.1,4200.0,1302441.8,1253297.7,0,0.0333,1.0,1.0,1.055,0.95
aa915962-4a7d-4d65-89be-a8ab07b706e6,ee1644f3-54bb-4b17-897d-db633c5d2305,EVT-REAL-2022-00550,22.4616,86.7929,Odisha,Angul,,,2022-03-20,TRAIN,Angul,EASTERN_COAL_BELT,Uncertain,UNKNOWN,LOW_CONFIDENCE_HOTSPOT,UNVERIFIED,REAL,False,True,42.7,42.7,0.0,322.8,322.8,0.0,6669.755937377241,47899.0,1293874.4,4200.0,412379.3,423393.6,0,0.2,15.0,1.0,6.075,0.65
fe05ce6f-80bf-48e8-ab27-de6c0a1650ec,20246b01-0213-473f-b27b-c7040ab914f7,EVT-REAL-2022-00551,22.47605,86.7861,Odisha,Angul,,,2022-03-20,TRAIN,Angul,EASTERN_COAL_BELT,Other Thermal Source,REAL,BACKGROUND_THERMAL_SOURCE,UNVERIFIED,REAL,False,True,45.5,39.2,6.3,323.1,322.2,0.9000000000000341,5622.173548295481,49219.5,1292288.3,4200.0,411085.1,422692.3,0,0.1,12.0,1.0,7.953,0.65
167f14f0-6083-4ed8-875b-cb77d74a170d,13d4e1f4-215a-4073-be10-35ff09cc9c2d,EVT-REAL-2022-00552,22.4611,86.7861,Odisha,Angul,,,2022-03-20,TRAIN,Angul,EASTERN_COAL_BELT,Uncertain,UNKNOWN,LOW_CONFIDENCE_HOTSPOT,UNVERIFIED,REAL,False,True,51.2,51.2,0.0,324.6,324.6,0.0,6036.505360031784,47635.2,1293388.3,4200.0,411764.2,422693.9,0,0.1667,14.0,1.0,7.753,0.65
571941df-fdee-4bb2-ac91-ee265141ddd6,fe9fc1ac-51dc-4046-b2c2-664faf4b8e19,EVT-REAL-2022-00553,22.3931,86.94584,Odisha,Angul,,,2022-03-20,TRAIN,Angul,EASTERN_COAL_BELT,Uncertain,UNKNOWN,LOW_CONFIDENCE_HOTSPOT,UNVERIFIED,REAL,False,True,50.69,50.69,0.0,347.43,347.43,0.0,7290.342522173655,48721.3,1310687.2,4200.0,429851.3,439228.5,0,0.0333,3.0,1.0,5.387,0.65
1415cfbe-fda9-473a-b799-056d305ff3cb,4029f7bf-6e69-4597-9fc4-e05591e702fa,EVT-REAL-2022-00554,24.19439,82.64944,Madhya Pradesh,Singrauli,16d3030d-71ff-4a5c-9115-f5270132f9dc,Industrial Works (works) (Way #804249926),2022-03-20,TRAIN,16d3030d-71ff-4a5c-9115-f5270132f9dc,EASTERN_COAL_BELT,Industrial Fire,REAL,OSM_FACILITY_GROUND_TRUTH,UNVERIFIED,REAL,False,True,25.6,25.6,0.0,355.18,355.18,0.0,720.2366311307356,146029.5,857863.4,4200.0,15296.6,0.0,1,0.1,3.0,1.0,34.439,0.95
1dbdc12f-7a8c-45f2-82fa-666f4ab908e9,dea693f8-12ef-47a4-8fdd-fd63877ede52,EVT-REAL-2022-00555,21.3924,73.4112,Gujarat,Jamnagar,,,2022-03-20,TRAIN,Jamnagar,WESTERN_PETROCHEMICAL,Uncertain,UNKNOWN,LOW_CONFIDENCE_HOTSPOT,UNVERIFIED,REAL,False,True,28.5,28.5,0.0,339.4,339.4,0.0,17304.653588687735,795441.1,945817.1,4200.0,1005318.0,946801.6,0,0.0667,8.0,1.0,14.513,0.2
46081a13-3dc8-4ce1-9c5e-c1e86e6ed698,53d1e828-56e0-4650-a05c-0738f2e4019d,EVT-REAL-2022-00556,21.2876,70.1234,Gujarat,Jamnagar,,,2022-03-21,TRAIN,Jamnagar,WESTERN_PETROCHEMICAL,Uncertain,UNKNOWN,LOW_CONFIDENCE_HOTSPOT,UNVERIFIED,REAL,False,True,45.6,45.6,0.0,343.4,343.4,0.0,10272.142208184583,1126058.3,1038024.2,4200.0,1335632.2,1286464.6,0,0.0,0.0,1.0,1.0,0.2
8c2cb684-4753-4842-9329-d771f36ef4aa,7316cb17-ecb6-4378-89f0-36c7e32aa9f7,EVT-REAL-2022-00557,21.2484,70.0484,Gujarat,Jamnagar,,,2022-03-21,TRAIN,Jamnagar,WESTERN_PETROCHEMICAL,Uncertain,UNKNOWN,LOW_CONFIDENCE_HOTSPOT,UNVERIFIED,REAL,False,True,31.4,31.4,0.0,337.0,337.0,0.0,18663.369843991863,1134686.1,1045014.0,4200.0,1344281.7,1294741.0,0,0.0667,2.0,1.0,3.084,0.2
efd48a34-0fb1-47ff-a0fd-d04716d669cf,2ea96dde-a158-467e-9b14-cee7228b0d98,EVT-REAL-2022-00558,22.44068,87.03403,Odisha,Angul,,,2022-03-21,TRAIN,Angul,EASTERN_COAL_BELT,Uncertain,UNKNOWN,LOW_CONFIDENCE_HOTSPOT,UNVERIFIED,REAL,False,True,35.97,35.97,0.0,353.64,353.64,0.0,5692.053712841693,58640.3,1314031.4,4200.0,436025.5,448227.5,0,0.1667,7.0,1.0,7.693,0.65
c75ddea6-2496-4c9b-af32-50a1ff048655,da534bee-4b0c-44cb-aea4-ff3d8fe3e18f,EVT-REAL-2022-00559,22.42956,86.9076,Odisha,Angul,,,2022-03-21,TRAIN,Angul,EASTERN_COAL_BELT,Uncertain,UNKNOWN,LOW_CONFIDENCE_HOTSPOT,UNVERIFIED,REAL,False,True,32.79,32.79,0.0,353.67,353.67,0.0,11969.647418463288,49716.3,1305063.3,4200.0,424603.2,435225.9,0,0.2,14.0,1.0,6.145,0.2
6a6cd7d7-6dd7-40af-93e5-28accb79dda9,c4778a2b-1703-4ed8-970a-172033d6227c,EVT-REAL-2022-00560,23.7799,82.9154,Chhattisgarh,Korba,,,2022-03-21,TRAIN,Korba,EASTERN_COAL_BELT,Forest Fire,REAL,FSI_FOREST_CANOPY,UNVERIFIED,REAL,False,True,23.9,22.45,1.449137674618944,339.7,338.85,0.8499999999999659,29364.321900357485,169740.5,910285.6,4200.0,18847.3,42597.4,0,0.0667,2.0,1.0,3.947,0.2
255a19f4-c46d-4fc7-b638-a85de3ff4480,0a4549ab-2282-4073-bbf7-44bc073f804a,EVT-REAL-2022-00561,21.5061,69.80051,Gujarat,Jamnagar,,,2022-03-21,TRAIN,Jamnagar,WESTERN_PETROCHEMICAL,Uncertain,UNKNOWN,LOW_CONFIDENCE_HOTSPOT,UNVERIFIED,REAL,False,True,26.9,26.9,0.0,346.08,346.08,0.0,11136.308205437412,1152782.6,1029134.0,4200.0,1361971.9,1316877.4,0,0.0333,2.0,1.0,12.2,0.2
0559235f-45c5-40f4-bbd1-12b78e34066f,274a2c26-55dd-4a3d-9619-73b23e6ebff0,EVT-REAL-2022-00562,22.63758,72.19319,Gujarat,Jamnagar,aac88505-b958-481f-bbe6-bb8fd63846b1,Designated Industrial Park / Estate (Way #920069476),2022-03-21,TRAIN,aac88505-b958-481f-bbe6-bb8fd63846b1,WESTERN_PETROCHEMICAL,Industrial Fire,WEAKLY_LABELED,FACILITY_ANOMALOUS_THERMAL,UNVERIFIED,REAL,False,True,27.15,27.15,0.0,347.02,347.02,0.0,1413.8834051605027,886961.0,829163.3,4200.0,1094483.6,1062430.6,0,0.0,0.0,1.0,1.0,0.95
bc4b4272-91bc-40f7-8012-3c0133442f38,a7a98d1d-4c2b-4a60-bde8-5365d818510b,EVT-REAL-2022-00563,21.35292,70.16656,Gujarat,Jamnagar,,,2022-03-21,TRAIN,Jamnagar,WESTERN_PETROCHEMICAL,Uncertain,UNKNOWN,LOW_CONFIDENCE_HOTSPOT,UNVERIFIED,REAL,False,True,25.26,25.26,0.0,342.82,342.82,0.0,8443.35680518554,1119921.7,1029632.6,4200.0,1329434.0,1281123.4,0,0.0667,2.0,1.0,13.508,0.2
d6518b05-b891-455a-9bb9-5ca4614f1ee5,a4a64233-9aaa-49eb-9260-d12681b19396,EVT-REAL-2022-00564,23.502,82.1961,Madhya Pradesh,Singrauli,,,2022-03-22,TRAIN,Singrauli,EASTERN_COAL_BELT,Mining Activity,REAL,IBM_MINING_GROUND_TRUTH,UNVERIFIED,REAL,False,True,16.5,16.5,0.0,330.1,330.1,0.0,26629.91728847152,96633.5,889005.1,4200.0,79080.1,78837.0,0,0.0333,6.0,1.0,7.477,0.2
94690773-8c80-4ac6-9968-e552be085f89,47c0a3b4-49ea-4b78-b913-ecd04fdcd38b,EVT-REAL-2022-00565,23.6397,82.7448,Madhya Pradesh,Singrauli,,,2022-03-22,TRAIN,Singrauli,EASTERN_COAL_BELT,Mining Activity,REAL,IBM_MINING_GROUND_TRUTH,UNVERIFIED,REAL,False,True,22.8,22.8,0.0,334.8,334.8,0.0,31765.000317623446,152516.2,911064.8,4200.0,34824.7,53256.3,0,0.0333,3.0,1.0,6.275,0.2
b5cafa54-ae4c-434f-a14a-1d970f5b4431,2d6ffd5b-836f-4d97-a673-7c013153d750,EVT-REAL-2022-00566,23.58284,82.75684,Madhya Pradesh,Singrauli,,,2022-03-22,TRAIN,Singrauli,EASTERN_COAL_BELT,Mining Activity,REAL,IBM_MINING_GROUND_TRUTH,UNVERIFIED,REAL,False,True,25.63,20.82,4.810405388322278,367.0,360.62,6.3799999999999955,25553.491846642795,153811.0,916729.7,4200.0,40902.1,59612.0,0,0.0,0.0,1.0,1.231,0.2
ee6523f6-6ec2-4bfa-9fb6-1d648817527a,c889e1cd-e5be-46c8-b0b5-d0bfd5116663,EVT-REAL-2022-00567,23.63209,82.63835,Madhya Pradesh,Singrauli,,,2022-03-22,TRAIN,Singrauli,EASTERN_COAL_BELT,Mining Activity,REAL,IBM_MINING_GROUND_TRUTH,UNVERIFIED,REAL,False,True,17.0,17.0,0.0,351.94,348.94,3.0,30638.846899946897,141663.6,904902.9,4200.0,38873.8,54040.9,0,0.0333,1.0,1.0,23.611,0.2
34f431f6-2900-4994-9de4-9fc306f2a40e,4e234ebc-2cbe-4618-a204-50b204dfac34,EVT-REAL-2022-00568,23.74549,83.30062,Chhattisgarh,Korba,,,2022-03-22,TRAIN,Korba,EASTERN_COAL_BELT,Other Thermal Source,REAL,BACKGROUND_THERMAL_SOURCE,UNVERIFIED,REAL,False,True,27.27,20.54,4.86929152957594,350.21,340.06,10.149999999999977,9300.059702150578,209055.3,939060.4,4200.0,30508.0,72211.5,0,0.0,0.0,1.0,1.328,0.2
759236d4-7891-425c-99a9-060713d0e7b0,db3fa33a-d0e3-4c80-93fd-a68383f4308d,EVT-REAL-2022-00569,23.66281,82.21964,Madhya Pradesh,Singrauli,,,2022-03-22,TRAIN,Singrauli,EASTERN_COAL_BELT,Forest Fire,REAL,FSI_FOREST_CANOPY,UNVERIFIED,REAL,False,True,25.78,25.78,0.0,355.85,355.85,0.0,42203.52211021533,98917.2,876087.3,4200.0,67151.6,62536.5,0,0.0333,3.0,1.0,17.498,0.2
97acc8d0-b8b0-44c3-9d1b-d66e22be7ec8,e33fb3d2-483d-42b9-9ed6-6e4f08cc7070,EVT-REAL-2022-00570,23.795,82.87841,Chhattisgarh,Korba,,,2022-03-22,TRAIN,Korba,EASTERN_COAL_BELT,Forest Fire,REAL,FSI_FOREST_CANOPY,UNVERIFIED,REAL,False,True,15.47,15.47,0.0,352.37,352.37,0.0,27313.05206138452,165951.4,906566.2,4200.0,17173.5,39442.4,0,0.0333,1.0,1.0,2.242,0.2
a04ffc35-ebfd-4d6f-97b2-d22e5bfd54a1,d2828881-a6d0-4496-9456-7c63d603f068,EVT-REAL-2022-00571,21.3828,73.4223,Gujarat,Jamnagar,,,2022-03-22,TRAIN,Jamnagar,WESTERN_PETROCHEMICAL,Other Thermal Source,REAL,BACKGROUND_THERMAL_SOURCE,UNVERIFIED,REAL,False,True,50.6,41.13,8.80795095354192,353.3,348.03,5.270000000000039,17912.324804823744,794686.7,946784.3,4200.0,1004555.8,945805.7,0,0.1667,15.0,1.0,8.811,0.2
bf511447-ccaf-4246-802b-519cac13744c,56d1a8f2-5275-4300-85f1-9435d96c5108,EVT-REAL-2022-00572,21.2163,70.0198,Gujarat,Jamnagar,,,2022-03-22,TRAIN,Jamnagar,WESTERN_PETROCHEMICAL,Uncertain,UNKNOWN,LOW_CONFIDENCE_HOTSPOT,UNVERIFIED,REAL,False,True,32.2,32.2,0.0,334.3,334.3,0.0,22607.617565953457,1138463.3,1049438.1,4200.0,1348084.2,1298150.3,0,0.1667,10.0,1.0,4.789,0.2
ec0a0ffc-d796-480c-be84-d0f5b5af57fd,ac1cad35-9124-40a8-9922-8953e3f2609c,EVT-REAL-2022-00573,23.6254,82.2877,Madhya Pradesh,Singrauli,,,2022-03-22,TRAIN,Singrauli,EASTERN_COAL_BELT,Mining Activity,REAL,IBM_MINING_GROUND_TRUTH,UNVERIFIED,REAL,False,True,29.8,29.8,0.0,322.7,322.7,0.0,40113.778668964325,105890.3,883567.1,4200.0,63392.6,62347.2,0,0.0333,4.0,1.0,10.025,0.2
8a5ae296-de8f-41f5-bd8f-612ed3fc5f70,c5792498-46dd-43ac-bcb6-2a3df6130a5f,EVT-REAL-2022-00574,23.798,82.7395,Madhya Pradesh,Singrauli,,,2022-03-22,TRAIN,Singrauli,EASTERN_COAL_BELT,Forest Fire,REAL,FSI_FOREST_CANOPY,UNVERIFIED,REAL,False,True,33.7,33.7,0.0,324.0,324.0,0.0,17907.090444140278,151792.1,897188.6,4200.0,17927.2,35719.1,0,0.0333,7.0,1.0,10.508,0.2
f62787d8-54c0-455c-a0c5-663c2859c4e5,bd2bca3c-adc1-4ab4-befe-e928ebe2dd2c,EVT-REAL-2022-00575,23.9487,82.56345,Madhya Pradesh,Singrauli,,,2022-03-22,TRAIN,Singrauli,EASTERN_COAL_BELT,Other Thermal Source,REAL,BACKGROUND_THERMAL_SOURCE,UNVERIFIED,REAL,False,True,34.0,33.5,0.5,322.0,321.9,0.10000000000002274,5286.3912502731055,133832.1,872889.9,4200.0,24079.2,19047.5,0,0.0,0.0,1.0,1.015,0.65
937ab6e1-ea83-4f5b-92a0-a9f57b9e3f1f,6442cf72-079e-4df6-9a8c-de69a5866817,EVT-REAL-2022-00576,23.9505,82.5908,Madhya Pradesh,Singrauli,,,2022-03-22,TRAIN,Singrauli,EASTERN_COAL_BELT,Uncertain,UNKNOWN,LOW_CONFIDENCE_HOTSPOT,UNVERIFIED,REAL,False,True,42.2,42.2,0.0,323.5,323.5,0.0,2500.97931025445,136621.5,874517.2,4200.0,21294.6,18774.1,0,0.0667,5.0,1.0,6.352,0.65
29c2deaa-6a51-43bb-b7f1-ae42e71941e2,0850bca2-0fcf-4fbc-9e66-7ba2f0b0370c,EVT-REAL-2022-00577,23.66176,82.4168,Madhya Pradesh,Singrauli,,,2022-03-22,TRAIN,Singrauli,EASTERN_COAL_BELT,Forest Fire,REAL,FSI_FOREST_CANOPY,UNVERIFIED,REAL,False,True,15.53,15.53,0.0,339.87,339.87,0.0,33586.631191229164,119030.9,888350.8,4200.0,50438.2,53405.0,0,0.0,0.0,1.0,1.0,0.2
b55222e0-57cb-4b92-91a7-6e876fd3af06,38cf7b4f-6921-46fd-bd84-543541a1ed80,EVT-REAL-2022-00578,23.94912,82.59129,Madhya Pradesh,Singrauli,ab4d840e-bc5c-4b19-b002-1683e20be6da,Designated Industrial Park / Estate (Way #815133039),2022-03-22,TRAIN,ab4d840e-bc5c-4b19-b002-1683e20be6da,EASTERN_COAL_BELT,Industrial Fire,REAL,OSM_FACILITY_GROUND_TRUTH,UNVERIFIED,REAL,False,True,33.61,33.61,0.0,353.69,353.69,0.0,2473.8931522092494,136665.9,874666.5,4200.0,21245.1,18927.0,0,0.0667,5.0,1.0,5.059,0.95
3388f4f1-a528-42a9-9f4f-b767511abf90,86a56b96-fcff-47f4-99d9-7ea4e734441b,EVT-REAL-2022-00579,23.94793,82.58587,Madhya Pradesh,Singrauli,,,2022-03-22,TRAIN,Singrauli,EASTERN_COAL_BELT,Other Thermal Source,REAL,BACKGROUND_THERMAL_SOURCE,UNVERIFIED,REAL,False,True,36.86,25.96,7.707139547199077,367.0,358.25,8.75,3039.565560128887,136109.9,874414.5,4200.0,21797.9,19058.5,0,0.0667,5.0,1.0,5.548,0.65
fdfc3178-84de-4c28-888e-2d93d37ac536,03a69860-c965-467c-8259-f81401781ed9,EVT-REAL-2022-00580,23.95438,82.58914,Madhya Pradesh,Singrauli,,,2022-03-22,TRAIN,Singrauli,EASTERN_COAL_BELT,Uncertain,UNKNOWN,LOW_CONFIDENCE_HOTSPOT,UNVERIFIED,REAL,False,True,20.51,20.51,0.0,337.66,337.66,0.0,2657.8335998862744,136468.9,874078.9,4200.0,21462.9,18344.3,0,0.0667,5.0,1.0,3.087,0.65
0e5e3b06-70fb-4478-b07f-a6ccf7e9dfee,a5a4fdaa-8244-48f0-965c-7e9581fe2e86,EVT-REAL-2022-00581,23.92146,82.42216,Madhya Pradesh,Singrauli,,,2022-03-23,TRAIN,Singrauli,EASTERN_COAL_BELT,Other Thermal Source,REAL,BACKGROUND_THERMAL_SOURCE,UNVERIFIED,REAL,False,True,17.37,16.52,1.014889156509222,356.21,341.0,15.20999999999998,9391.164713804781,119374.8,866116.0,4200.0,38594.6,27229.0,0,0.0667,22.0,1.0,5.554,0.2
9e825320-e11e-4d1e-99bd-52380cc13cfb,a4be34d3-3130-429a-a8a5-3611069551ce,EVT-REAL-2022-00582,24.22216,83.1702,Uttar Pradesh,Sonbhadra,,,2022-03-23,TRAIN,Sonbhadra,GENERAL_INDIAN_TERRITORY,Agricultural Burning,REAL,BHUVAN_AGRICULTURAL_CYCLE,UNVERIFIED,REAL,False,True,16.77,16.77,0.0,347.75,347.75,0.0,12094.904889581207,198522.6,891335.0,4200.0,7541.9,45730.7,0,0.0333,1.0,1.0,2.514,0.2
db6e0614-dd8c-4460-b655-a1cf79f0365d,40299c4d-4517-405d-9dda-c79150613c4f,EVT-REAL-2022-00583,24.42148,82.9428,Uttar Pradesh,Sonbhadra,,,2022-03-23,TRAIN,Sonbhadra,GENERAL_INDIAN_TERRITORY,Other Thermal Source,REAL,BACKGROUND_THERMAL_SOURCE,UNVERIFIED,REAL,False,True,105.25,64.12,41.12505319145496,367.0,348.4,18.600000000000023,3203.1574068171044,181466.4,859427.6,4200.0,24523.6,31771.2,0,0.0,0.0,1.0,1.641,0.65
f982bf03-a325-4949-b9a0-f9f4ec104e72,d0e4e667-39f2-4649-8f7c-066328045bd0,EVT-REAL-2022-00584,20.7803,85.8063,Odisha,Angul,,,2022-03-23,TRAIN,Angul,EASTERN_COAL_BELT,Uncertain,UNKNOWN,LOW_CONFIDENCE_HOTSPOT,UNVERIFIED,REAL,False,True,34.0,34.0,0.0,339.9,339.9,0.0,14958.16044771555,75092.8,1356277.2,4200.0,448176.6,364946.6,0,0.0333,2.0,1.0,5.7,0.2
b4956100-8131-48bb-804a-c16499cc5229,8154e1ac-be17-446c-89fc-cf435e797d43,EVT-REAL-2022-00585,23.54147,82.50371,Madhya Pradesh,Singrauli,,,2022-03-23,TRAIN,Singrauli,EASTERN_COAL_BELT,Mining Activity,REAL,IBM_MINING_GROUND_TRUTH,UNVERIFIED,REAL,False,True,20.9,17.11,2.677685567799177,342.62,335.83,6.7900000000000205,23070.0599639099,128013.5,904317.0,4200.0,54403.2,64545.3,0,0.0,0.0,1.0,1.222,0.2
fc01814c-eaba-41a4-8b07-82b27bfac3a3,eb433baf-f620-4aa1-af9c-1ea01d62b2b0,EVT-REAL-2022-00586,23.5737,82.3615,Madhya Pradesh,Singrauli,,,2022-03-23,TRAIN,Singrauli,EASTERN_COAL_BELT,Mining Activity,REAL,IBM_MINING_GROUND_TRUTH,UNVERIFIED,REAL,False,True,18.3,18.3,0.0,323.6,323.6,0.0,31142.048162073726,113465.4,892673.1,4200.0,61115.0,64470.4,0,0.0,0.0,1.0,1.0,0.2
bdbdbe80-9b82-4dd4-b94d-5d0d3e309035,21720569-dd91-4e7f-8f88-5e38dde53c10,EVT-REAL-2022-00587,23.7051,82.9633,Chhattisgarh,Korba,,,2022-03-23,TRAIN,Korba,EASTERN_COAL_BELT,Forest Fire,REAL,FSI_FOREST_CANOPY,UNVERIFIED,REAL,False,True,29.1,29.1,0.0,330.9,330.9,0.0,25154.045327656164,174722.1,919757.8,4200.0,27132.1,52205.1,0,0.0667,4.0,1.0,6.644,0.2
c47e922e-e7a4-4130-b09c-19488403309b,b7a79b67-0837-478b-be79-087862fd941f,EVT-REAL-2022-00588,23.5602,82.1577,Madhya Pradesh,Singrauli,,,2022-03-23,TRAIN,Singrauli,EASTERN_COAL_BELT,Mining Activity,REAL,IBM_MINING_GROUND_TRUTH,UNVERIFIED,REAL,False,True,17.2,17.2,0.0,323.3,323.3,0.0,31608.188460320293,92670.6,881485.4,4200.0,78429.6,75465.7,0,0.0667,2.0,1.0,5.753,0.2
1ab653f9-c962-42b4-8c0d-fbfe8ec8b52b,c701ac2a-5f14-440b-8139-9a70f7286ef0,EVT-REAL-2022-00589,23.6127,82.2506,Madhya Pradesh,Singrauli,,,2022-03-23,TRAIN,Singrauli,EASTERN_COAL_BELT,Mining Activity,REAL,IBM_MINING_GROUND_TRUTH,UNVERIFIED,REAL,False,True,19.2,19.2,0.0,325.9,325.9,0.0,40133.89761020546,102114.4,882424.5,4200.0,67314.1,65441.9,0,0.0333,10.0,1.0,4.503,0.2
52422edb-26ec-4a9a-a789-31e067b994e1,79b5a3eb-aa95-4d58-bb3c-1cd685502e11,EVT-REAL-2022-00590,23.5699,82.013,Madhya Pradesh,Singrauli,,,2022-03-23,TRAIN,Singrauli,EASTERN_COAL_BELT,Mining Activity,REAL,IBM_MINING_GROUND_TRUTH,UNVERIFIED,REAL,False,True,17.7,17.7,0.0,324.3,324.3,0.0,32965.5167181239,77892.1,871996.6,4200.0,90600.6,83955.4,0,0.1,35.0,1.0,5.929,0.2
b9ffdb8c-a76c-4df4-8c46-d7a682a5b479,0fb57008-f476-42b9-8f30-aca2f809c873,EVT-REAL-2022-00591,23.6349,82.2573,Madhya Pradesh,Singrauli,,,2022-03-23,TRAIN,Singrauli,EASTERN_COAL_BELT,Mining Activity,REAL,IBM_MINING_GROUND_TRUTH,UNVERIFIED,REAL,False,True,17.9,17.9,0.0,324.9,324.9,0.0,42669.46738512717,102780.8,880863.9,4200.0,65398.7,62983.2,0,0.0667,8.0,1.0,4.791,0.2
ad531ed4-9101-42f7-bc21-95fd25f89d6a,7ff323d4-5a18-4475-b78d-572faa687c08,EVT-REAL-2022-00592,23.7712,82.9435,Chhattisgarh,Korba,,,2022-03-23,TRAIN,Korba,EASTERN_COAL_BELT,Forest Fire,REAL,FSI_FOREST_CANOPY,UNVERIFIED,REAL,False,True,18.1,18.1,0.0,328.3,328.3,0.0,26450.53197171554,172615.8,912880.4,4200.0,19811.3,44833.6,0,0.1,16.0,1.0,3.499,0.2
fc232fc7-9180-4e46-b03e-02e9020e7a6b,3b852827-0979-4223-ae05-a97b57b5bc5a,EVT-REAL-2022-00593,23.6455,82.1859,Madhya Pradesh,Singrauli,,,2022-03-23,TRAIN,Singrauli,EASTERN_COAL_BELT,Mining Activity,REAL,IBM_MINING_GROUND_TRUTH,UNVERIFIED,REAL,False,True,18.6,18.6,0.0,324.6,324.6,0.0,41494.70198793351,95487.8,875571.3,4200.0,71091.4,66127.6,0,0.1,13.0,1.0,4.146,0.2
376d9da2-c4a6-430a-b373-e41cd510e41f,8d7aed71-b3b8-450f-860f-b4806da4b54d,EVT-REAL-2022-00594,23.7878,82.8463,Chhattisgarh,Korba,,,2022-03-23,TRAIN,Korba,EASTERN_COAL_BELT,Forest Fire,REAL,FSI_FOREST_CANOPY,UNVERIFIED,REAL,False,True,16.2,16.2,0.0,326.0,326.0,0.0,27249.083419126244,162688.2,905055.4,4200.0,17968.9,38974.9,0,0.0667,7.0,1.0,2.607,0.2
765bf4db-2690-4fae-8900-54be59dae13b,c3623906-e41c-4db2-8031-0091cf72b1af,EVT-REAL-2022-00595,23.7845,82.3719,Madhya Pradesh,Singrauli,,,2022-03-23,TRAIN,Singrauli,EASTERN_COAL_BELT,Forest Fire,REAL,FSI_FOREST_CANOPY,UNVERIFIED,REAL,False,True,17.5,17.5,0.0,324.6,324.6,0.0,24577.44128816591,114343.4,874809.2,4200.0,47300.6,42772.6,0,0.1,21.0,1.0,8.406,0.2
b24c81b5-e3c0-4fdf-8e9c-7fa376b2b367,14a97076-fd3a-4db0-a03c-353bce29df67,EVT-REAL-2022-00596,24.032,83.1185,Chhattisgarh,Korba,,,2022-03-23,TRAIN,Korba,EASTERN_COAL_BELT,Forest Fire,REAL,FSI_FOREST_CANOPY,UNVERIFIED,REAL,False,True,16.2,16.2,0.0,326.4,326.4,0.0,20447.101265895442,190732.8,903108.1,4200.0,1881.9,41679.9,0,0.0667,2.0,1.0,5.87,0.2
64ccce18-b1fe-49d0-873b-5f9fa19afbc8,5cd98bd4-2858-45f5-a829-b0169ed341eb,EVT-REAL-2022-00597,23.9176,82.4049,Madhya Pradesh,Singrauli,,,2022-03-23,TRAIN,Singrauli,EASTERN_COAL_BELT,Uncertain,UNKNOWN,LOW_CONFIDENCE_HOTSPOT,UNVERIFIED,REAL,False,True,25.9,25.9,0.0,327.3,327.3,0.0,9594.303989200122,117611.6,865346.9,4200.0,40382.4,28633.7,0,0.0667,13.0,1.0,6.948,0.2
8c179723-595f-4939-b96b-dbcf9ecd2c62,3a2afde0-4cd6-497b-9fb5-b185af25a6a5,EVT-REAL-2022-00598,24.12617,83.47575,Jharkhand,Dhanbad,,,2022-03-23,TRAIN,Dhanbad,EASTERN_COAL_BELT,Other Thermal Source,REAL,BACKGROUND_THERMAL_SOURCE,UNVERIFIED,REAL,False,True,17.11,16.16,0.9539392014169457,367.0,347.45,19.55000000000001,32418.00619189925,227829.9,920583.5,4200.0,38195.8,76823.4,0,0.0333,1.0,1.0,2.251,0.2
bedaefd1-88ad-4992-a97f-0a4dd78d4123,87d018a9-4deb-48ff-bbb9-3b967dec6b2a,EVT-REAL-2022-00599,24.1315,83.4674,Jharkhand,Dhanbad,,,2022-03-23,TRAIN,Dhanbad,EASTERN_COAL_BELT,Uncertain,UNKNOWN,LOW_CONFIDENCE_HOTSPOT,UNVERIFIED,REAL,False,True,26.5,26.5,0.0,333.3,333.3,0.0,33132.84193561522,227046.8,919567.4,4200.0,37345.5,75971.4,0,0.0333,2.0,1.0,4.836,0.2
6b6c956d-d739-4e40-9464-4f7b29841070,63b050b3-f986-42fc-a113-9b06d160f29d,EVT-REAL-2022-00600,24.2342,83.0445,Uttar Pradesh,Sonbhadra,36f809ce-4c9f-4a34-85f9-8d3cb850c39f,Designated Industrial Park / Estate (Way #1030527300),2022-03-23,TRAIN,36f809ce-4c9f-4a34-85f9-8d3cb850c39f,GENERAL_INDIAN_TERRITORY,Industrial Fire,WEAKLY_LABELED,FACILITY_ANOMALOUS_THERMAL,UNVERIFIED,REAL,False,True,19.7,19.0,0.7,328.2,327.85,0.3499999999999659,919.2411797226529,186213.2,881582.8,4200.0,3783.1,32997.7,0,0.0,0.0,1.0,1.037,0.95
99a45aa5-4cdb-4b5e-864c-10976554f5ec,ad8a0f46-13c9-45bc-abd5-8569f9d0b7ec,EVT-REAL-2022-00601,24.418,82.9295,Uttar Pradesh,Sonbhadra,,,2022-03-23,TRAIN,Sonbhadra,GENERAL_INDIAN_TERRITORY,Uncertain,UNKNOWN,LOW_CONFIDENCE_HOTSPOT,UNVERIFIED,REAL,False,True,19.5,19.5,0.0,328.6,328.6,0.0,4518.113463037554,180064.6,858774.8,4200.0,24138.3,30547.2,0,0.0,0.0,1.0,1.0,0.65
f152ca08-0be8-4cde-8da0-ed051d24dc59,da50e998-e7dc-49fa-828a-ab3305479902,EVT-REAL-2022-00602,21.51416,72.77941,Gujarat,Jamnagar,,,2022-03-23,TRAIN,Jamnagar,WESTERN_PETROCHEMICAL,Other Thermal Source,REAL,BACKGROUND_THERMAL_SOURCE,UNVERIFIED,REAL,False,True,85.09,69.17,19.72080120076261,367.0,347.51,19.49000000000001,13537.633386843294,853887.9,939867.5,4200.0,1063805.5,1010062.5,0,0.1,4.0,1.0,9.932,0.2
d5086e72-b2ae-437c-a833-ffc98f619d79,9c15d8aa-4bbd-4546-afcf-5282b56d1f62,EVT-REAL-2022-00603,22.00575,70.82311,Gujarat,Jamnagar,11cecb4a-218e-4a33-a6aa-d00a171a2f77,Designated Industrial Park / Estate (Way #905176413),2022-03-23,TRAIN,11cecb4a-218e-4a33-a6aa-d00a171a2f77,WESTERN_PETROCHEMICAL,Industrial Fire,WEAKLY_LABELED,FACILITY_ANOMALOUS_THERMAL,UNVERIFIED,REAL,False,True,31.54,31.54,0.0,354.73,354.73,0.0,980.094977778057,1037747.9,937543.2,4200.0,1246406.8,1206603.0,0,0.0,0.0,1.0,1.0,0.95
3189c581-1252-4d13-8ba2-a898bdd6ba63,1d3e179d-661c-4276-b4ca-7808bc783dd9,EVT-REAL-2022-00604,23.54032,82.51357,Madhya Pradesh,Singrauli,,,2022-03-23,TRAIN,Singrauli,EASTERN_COAL_BELT,Mining Activity,REAL,IBM_MINING_GROUND_TRUTH,UNVERIFIED,REAL,False,True,15.22,15.22,0.0,342.93,342.93,0.0,22889.848559756436,129021.4,905032.6,4200.0,53958.7,64558.7,0,0.0,0.0,1.0,1.0,0.2
b0ab58fe-5f69-476e-8094-ad311a51d6b5,91a40d6b-8dd5-4eac-9118-ab192b36f438,EVT-REAL-2022-00605,23.71164,82.96803,Chhattisgarh,Korba,,,2022-03-23,TRAIN,Korba,EASTERN_COAL_BELT,Forest Fire,REAL,FSI_FOREST_CANOPY,UNVERIFIED,REAL,False,True,19.01,19.01,0.0,355.23,355.23,0.0,24517.823953888175,175195.7,919519.2,4200.0,26407.7,51801.5,0,0.0,0.0,1.0,1.0,0.2
3af95552-f62f-44d3-9761-aaaa536bbdb3,556bbfb5-4e4a-4dbb-bb62-c5741919c8c7,EVT-REAL-2022-00606,21.73905,69.50679,Gujarat,Jamnagar,,,2022-03-23,TRAIN,Jamnagar,WESTERN_PETROCHEMICAL,Other Thermal Source,REAL,BACKGROUND_THERMAL_SOURCE,UNVERIFIED,REAL,False,True,85.5,55.95,29.545050346885517,350.24,346.32,3.920000000000016,12477.920533754414,1176947.1,1018935.9,4200.0,1385620.5,1344607.7,0,0.0333,1.0,1.0,15.295,0.2
30faa254-fb3f-451d-882b-6f37b0b966cb,c3e37938-9b46-4a32-9c99-4992701fcd8e,EVT-REAL-2022-00607,21.5106,72.7608,Gujarat,Jamnagar,,,2022-03-23,TRAIN,Jamnagar,WESTERN_PETROCHEMICAL,Uncertain,UNKNOWN,LOW_CONFIDENCE_HOTSPOT,UNVERIFIED,REAL,False,True,81.1,81.1,0.0,328.2,328.2,0.0,15411.976439998047,855848.8,940541.6,4200.0,1065766.0,1012023.7,0,0.1667,6.0,1.0,11.512,0.2
11ba066c-7de2-40ad-8902-ed99475fb962,05c402aa-e12e-451d-9cde-bafa0589e243,EVT-REAL-2022-00608,21.5075,72.7531,Gujarat,Jamnagar,,,2022-03-23,TRAIN,Jamnagar,WESTERN_PETROCHEMICAL,Uncertain,UNKNOWN,LOW_CONFIDENCE_HOTSPOT,UNVERIFIED,REAL,False,True,80.1,80.1,0.0,327.7,327.7,0.0,16182.416263874004,856711.2,940999.7,4200.0,1066628.6,1012856.4,0,0.2,6.0,1.0,15.993,0.2
e88217a6-73e2-428c-ad42-0b74e9d70651,5f349cf1-bf3f-4599-8253-658f8d39ecb8,EVT-REAL-2022-00609,23.3089,87.2008,Jharkhand,Dhanbad,,,2022-03-24,TRAIN,Dhanbad,EASTERN_COAL_BELT,Uncertain,UNKNOWN,LOW_CONFIDENCE_HOTSPOT,UNVERIFIED,REAL,False,True,30.8,30.8,0.0,335.1,335.1,0.0,15162.448119995199,150461.7,1266399.8,4200.0,424413.5,465652.2,0,0.1,7.0,1.0,7.104,0.2
621b2bd2-4120-480c-be19-b218feff79b3,363479ec-ca80-41f8-a390-eac8e8a3c749,EVT-REAL-2022-00610,23.255,87.2858,Jharkhand,Dhanbad,,,2022-03-24,TRAIN,Dhanbad,EASTERN_COAL_BELT,Uncertain,UNKNOWN,LOW_CONFIDENCE_HOTSPOT,UNVERIFIED,REAL,False,True,46.8,46.8,0.0,342.8,342.8,0.0,16976.20649668688,148582.4,1276933.5,4200.0,434070.5,475418.9,0,0.3,24.0,1.0,6.993,0.2
392c66a6-be86-4e93-a6e9-ef78aa37dbf5,d520d020-6892-483c-8331-2ffa16daa86c,EVT-REAL-2022-00611,23.7315,82.218,Madhya Pradesh,Singrauli,,,2022-03-24,TRAIN,Singrauli,EASTERN_COAL_BELT,Forest Fire,REAL,FSI_FOREST_CANOPY,UNVERIFIED,REAL,False,True,15.6,15.6,0.0,329.0,329.0,0.0,35584.114446905274,98698.2,869903.5,4200.0,64040.6,56655.2,0,0.1,26.0,1.0,3.679,0.2
b3f09823-992d-495a-806b-3516bc160741,68d0de94-28bf-4cae-a736-3a0ad3aacd93,EVT-REAL-2022-00612,23.6226,82.1289,Madhya Pradesh,Singrauli,,,2022-03-24,TRAIN,Singrauli,EASTERN_COAL_BELT,Mining Activity,REAL,IBM_MINING_GROUND_TRUTH,UNVERIFIED,REAL,False,True,26.9,26.9,0.0,336.3,336.3,0.0,38013.83085400109,89687.9,874168.8,4200.0,77415.3,71735.1,0,0.1667,17.0,1.0,7.927,0.2
99f8c311-aaf6-487f-9cf6-8fb21f545965,e2853f92-6751-42fb-9bf0-9957b6c1cb1a,EVT-REAL-2022-00613,23.58387,82.02067,Madhya Pradesh,Singrauli,,,2022-03-24,TRAIN,Singrauli,EASTERN_COAL_BELT,Mining Activity,REAL,IBM_MINING_GROUND_TRUTH,UNVERIFIED,REAL,False,True,27.9,21.9,4.982971001320397,332.7,329.43,3.269999999999982,34299.4456488031,78666.7,871188.7,4200.0,89191.3,82294.4,0,0.0667,62.0,1.0,7.514,0.2
43a535d9-654e-4ec8-811d-f46b1639cbf5,86caeae8-320f-420b-9a78-8ae3eec85e2d,EVT-REAL-2022-00614,23.5659,82.0812,Madhya Pradesh,Singrauli,,,2022-03-24,TRAIN,Singrauli,EASTERN_COAL_BELT,Mining Activity,REAL,IBM_MINING_GROUND_TRUTH,UNVERIFIED,REAL,False,True,15.0,15.0,0.0,328.7,328.7,0.0,31540.705887517972,84856.9,876400.5,4200.0,84728.7,79676.9,0,0.0667,13.0,1.0,9.863,0.2
ffcd11ba-9011-4207-971e-dd95b90d5614,979ed34c-f820-40fa-bb5f-ac5dfd4d8808,EVT-REAL-2022-00615,23.5456,82.0894,Madhya Pradesh,Singrauli,,,2022-03-24,TRAIN,Singrauli,EASTERN_COAL_BELT,Mining Activity,REAL,IBM_MINING_GROUND_TRUTH,UNVERIFIED,REAL,False,True,15.5,15.5,0.0,328.7,328.7,0.0,29265.551869207946,85707.2,878715.5,4200.0,85172.2,80904.9,0,0.1333,33.0,1.0,6.14,0.2
52d1af9e-6f72-4ace-9ec5-a9fe74506d51,64da2c47-d151-4ed3-928d-aea5da05d36a,EVT-REAL-2022-00616,24.48199,87.44048,Jharkhand,Dhanbad,,,2022-03-24,TRAIN,Dhanbad,EASTERN_COAL_BELT,Uncertain,UNKNOWN,LOW_CONFIDENCE_HOTSPOT,UNVERIFIED,REAL,False,True,25.93,25.93,0.0,341.91,341.91,0.0,26369.24195290789,281217.4,1212386.7,4200.0,441567.4,479860.0,0,0.0667,6.0,1.0,7.834,0.2
d7524be1-6bd5-443c-ab17-161b97d3ba85,0e78e93c-55ec-4e2c-95ec-acaf3d04150d,EVT-REAL-2022-00617,22.84822,87.14106,Jharkhand,Dhanbad,,,2022-03-24,TRAIN,Dhanbad,EASTERN_COAL_BELT,Uncertain,UNKNOWN,LOW_CONFIDENCE_HOTSPOT,UNVERIFIED,REAL,False,True,52.55,52.55,0.0,343.66,343.66,0.0,28997.094446265095,101823.6,1293286.0,4200.0,430695.0,461009.2,0,0.0,0.0,1.0,1.0,0.2
cdeef3a7-ae54-415a-b073-044a337ebc34,d57e308f-985c-40d8-b5d0-423cebe4aefc,EVT-REAL-2022-00618,23.08453,87.06491,Jharkhand,Dhanbad,,,2022-03-24,TRAIN,Dhanbad,EASTERN_COAL_BELT,Uncertain,UNKNOWN,LOW_CONFIDENCE_HOTSPOT,UNVERIFIED,REAL,False,True,33.34,33.34,0.0,351.91,351.91,0.0,16703.652811042393,122250.7,1270751.2,4200.0,416099.0,456321.0,0,0.0,0.0,1.0,1.0,0.2
21a743ed-36bd-4952-82c6-37c6d51943c6,0adfc20c-84ea-4e0e-b09e-f70bc04c0b7d,EVT-REAL-2022-00619,23.24752,87.44877,Jharkhand,Dhanbad,,,2022-03-24,TRAIN,Dhanbad,EASTERN_COAL_BELT,Uncertain,UNKNOWN,LOW_CONFIDENCE_HOTSPOT,UNVERIFIED,REAL,False,True,45.44,45.44,0.0,367.0,367.0,0.0,8009.090839991795,155969.3,1290707.5,4200.0,450602.2,491884.6,0,0.1333,6.0,1.0,11.06,0.2
c7a797cd-3d5b-4938-a4fa-6a1bbe749a46,4db68f1c-64aa-45c6-9654-7ddd4a5f0d56,EVT-REAL-2022-00620,23.50403,87.48928,Jharkhand,Dhanbad,,,2022-03-24,TRAIN,Dhanbad,EASTERN_COAL_BELT,Uncertain,UNKNOWN,LOW_CONFIDENCE_HOTSPOT,UNVERIFIED,REAL,False,True,36.03,36.03,0.0,336.21,336.21,0.0,4391.187844791558,182633.6,1277120.2,4200.0,450252.0,490723.8,0,0.0667,3.0,1.0,7.754,0.65
4ada5961-be1b-4d4d-9dd2-a1074d4a93ec,5c9e3226-504d-48e8-b68c-4466f62edfcd,EVT-REAL-2022-00621,23.85565,86.13451,Jharkhand,Dhanbad,,,2022-03-24,TRAIN,Dhanbad,EASTERN_COAL_BELT,Other Thermal Source,REAL,BACKGROUND_THERMAL_SOURCE,UNVERIFIED,REAL,False,True,29.96,29.96,0.0,351.2,351.2,0.0,7605.752445540666,199957.6,1143231.8,4200.0,309168.9,348687.6,0,0.0333,1.0,1.0,7.702,0.65
f1cac074-7f64-4f3d-bf93-3399e84e916f,a725910b-e0a0-425f-b759-c24d528888be,EVT-REAL-2022-00622,23.98265,83.14154,Chhattisgarh,Korba,,,2022-03-24,TRAIN,Korba,EASTERN_COAL_BELT,Forest Fire,REAL,FSI_FOREST_CANOPY,UNVERIFIED,REAL,False,True,25.4,22.11,3.2893768406797053,342.34,334.72,7.619999999999948,25570.750461018015,192770.7,908721.3,4200.0,4227.3,45494.2,0,0.1333,9.0,1.0,6.749,0.2
ef9468e9-65d2-4903-8895-d50d08678fee,d2afb5ec-a838-443b-8760-9183658994b6,EVT-REAL-2022-00623,22.36898,86.82549,Odisha,Angul,,,2022-03-24,TRAIN,Angul,EASTERN_COAL_BELT,Uncertain,UNKNOWN,LOW_CONFIDENCE_HOTSPOT,UNVERIFIED,REAL,False,True,26.06,26.06,0.0,367.0,367.0,0.0,14759.485679803394,39686.7,1303209.1,4200.0,419731.6,426902.0,0,0.1,5.0,1.0,7.07,0.2
39b34fd6-1daa-46e4-8be2-36b864c9d740,ee17907a-5cb3-410d-a225-eca2b0552195,EVT-REAL-2022-00624,22.45847,86.86253,Odisha,Angul,,,2022-03-24,TRAIN,Angul,EASTERN_COAL_BELT,Other Thermal Source,REAL,BACKGROUND_THERMAL_SOURCE,UNVERIFIED,REAL,False,True,33.62,33.62,0.0,339.16,338.33,0.8300000000000409,13686.088092803056,50257.3,1299466.9,4200.0,419062.3,430561.5,0,0.1333,11.0,1.0,4.785,0.2
c3eca81e-b149-4e7b-ac0b-ceb844a849ae,a8e93f2f-8495-4119-a81f-a4d74c76df54,EVT-REAL-2022-00625,22.67053,87.12257,Jharkhand,Dhanbad,,,2022-03-24,TRAIN,Dhanbad,EASTERN_COAL_BELT,Uncertain,UNKNOWN,LOW_CONFIDENCE_HOTSPOT,UNVERIFIED,REAL,False,True,32.71,32.71,0.0,352.73,352.73,0.0,18391.481767160978,84207.1,1304392.8,4200.0,435146.5,457798.9,0,0.0667,5.0,1.0,3.924,0.2
4396f03f-b21c-41d3-9de5-f8bfb09889df,b7d54286-4c42-480d-855b-0f4d6b280611,EVT-REAL-2022-00626,23.08506,87.07282,Jharkhand,Dhanbad,,,2022-03-24,TRAIN,Dhanbad,EASTERN_COAL_BELT,Uncertain,UNKNOWN,LOW_CONFIDENCE_HOTSPOT,UNVERIFIED,REAL,False,True,25.02,25.02,0.0,343.23,343.23,0.0,17514.691007831156,122591.9,1271347.8,4200.0,416870.8,457131.3,0,0.0,0.0,1.0,1.0,0.2
784cf690-da2d-4459-af4a-198982f06009,c41e071c-9b2f-484b-b760-2ba5c1a7fdbb,EVT-REAL-2022-00627,23.58333,87.45112,Jharkhand,Dhanbad,,,2022-03-24,TRAIN,Dhanbad,EASTERN_COAL_BELT,Other Thermal Source,REAL,BACKGROUND_THERMAL_SOURCE,UNVERIFIED,REAL,False,True,66.9,47.24,19.66011190202131,367.0,344.3,22.69999999999999,5038.023265891636,188670.3,1268816.0,4200.0,445365.7,485576.6,0,0.0333,1.0,1.0,27.875,0.65
e4870ee3-bfc8-44da-909b-e1697588e814,e9552b2c-f61a-4551-b094-54ff782f91a4,EVT-REAL-2022-00628,21.58674,86.12555,Odisha,Angul,,,2022-03-24,TRAIN,Angul,EASTERN_COAL_BELT,Forest Fire,REAL,FSI_FOREST_CANOPY,UNVERIFIED,REAL,False,True,28.52,28.52,0.0,346.64,343.52,3.1200000000000045,38859.19786851582,0.0,1311764.2,4200.0,406215.1,364582.4,5,0.0667,5.0,1.0,6.205,0.2
c7b81b52-e67a-4219-a489-9de79b3bb086,7984fcb7-5536-4562-b24d-329a9d160051,EVT-REAL-2022-00629,23.74765,82.52024,Madhya Pradesh,Singrauli,,,2022-03-24,TRAIN,Singrauli,EASTERN_COAL_BELT,Forest Fire,REAL,FSI_FOREST_CANOPY,UNVERIFIED,REAL,False,True,16.63,16.33,0.3,356.52,351.95,4.569999999999993,19905.172804139766,129498.2,887384.9,4200.0,36255.7,41686.8,0,0.0667,14.0,1.0,9.246,0.2
da269aa4-b1f9-4114-91e3-d9db37bfb938,266b9e11-e1ce-4256-a87e-03860e17c113,EVT-REAL-2022-00630,23.75136,82.51902,Madhya Pradesh,Singrauli,,,2022-03-24,TRAIN,Singrauli,EASTERN_COAL_BELT,Forest Fire,REAL,FSI_FOREST_CANOPY,UNVERIFIED,REAL,False,True,16.63,16.63,0.0,345.65,345.65,0.0,19597.267991016313,129370.2,886986.1,4200.0,36101.3,41298.8,0,0.0667,14.0,1.0,9.246,0.2
99d1e6df-c8d7-4f6e-a515-11441f12081b,e3f9dc67-5f83-4864-b173-d4b51471a4b0,EVT-REAL-2022-00631,23.84958,83.38187,Chhattisgarh,Korba,,,2022-03-24,TRAIN,Korba,EASTERN_COAL_BELT,Forest Fire,REAL,FSI_FOREST_CANOPY,UNVERIFIED,REAL,False,True,18.52,18.52,0.0,345.97,345.97,0.0,20655.340948546924,217164.7,936139.9,4200.0,30782.5,73713.4,0,0.0667,4.0,1.0,4.968,0.2
cea70877-3e86-465e-9b53-77c4ff8b9498,05aa0674-ba9c-4171-95d1-d91cb080f72c,EVT-REAL-2022-00632,23.8534,83.38125,Chhattisgarh,Korba,,,2022-03-24,TRAIN,Korba,EASTERN_COAL_BELT,Forest Fire,REAL,FSI_FOREST_CANOPY,UNVERIFIED,REAL,False,True,18.52,18.52,0.0,346.71,346.71,0.0,20829.652053029527,217095.2,935786.8,4200.0,30572.6,73483.8,0,0.0667,8.0,1.0,5.557,0.2
114769fb-79f3-4e74-b6a7-5495032900f9,e86de79e-c8e8-472d-a111-ea7a4a74acad,EVT-REAL-2022-00633,23.99889,83.27901,Chhattisgarh,Korba,,,2022-03-24,TRAIN,Korba,EASTERN_COAL_BELT,Forest Fire,REAL,FSI_FOREST_CANOPY,UNVERIFIED,REAL,False,True,28.84,22.68,4.39317652729776,351.5,334.13,17.370000000000005,27695.18607929126,206824.3,916901.8,4200.0,18214.7,58415.1,0,0.0333,2.0,1.0,3.94,0.2
9fca99e0-2e4f-4b75-997a-333bc0ee5d42,2e0392d5-b76e-4b1c-b89a-701e36d58fd0,EVT-REAL-2022-00634,22.2657,85.231,Odisha,Angul,,,2022-03-24,TRAIN,Angul,EASTERN_COAL_BELT,Mining Activity,REAL,IBM_MINING_GROUND_TRUTH,UNVERIFIED,REAL,False,True,29.7,29.7,0.0,319.8,319.8,0.0,18045.709958080002,92762.7,1193658.7,4200.0,287127.9,262920.5,0,0.1,10.0,1.0,14.667,0.2
a3591ef3-7b91-4f7f-adac-86dc45e787e3,8cb83f37-d012-492e-a6d4-b24aa2d4a988,EVT-REAL-2022-00635,22.44575,86.85575,Odisha,Angul,,,2022-03-24,TRAIN,Angul,EASTERN_COAL_BELT,Other Thermal Source,REAL,BACKGROUND_THERMAL_SOURCE,UNVERIFIED,REAL,False,True,75.1,72.85,2.2494443758403984,326.1,325.75,0.35000000000002274,13355.407473465488,48685.3,1299877.8,4200.0,418999.1,429871.6,0,0.1333,14.0,1.0,10.55,0.2
5627fdd7-bba8-4886-8586-3f1e8e60c126,766257df-6ffa-47db-91e9-a486ee5bc600,EVT-REAL-2022-00636,22.6683,87.1064,Jharkhand,Dhanbad,,,2022-03-24,TRAIN,Dhanbad,EASTERN_COAL_BELT,Uncertain,UNKNOWN,LOW_CONFIDENCE_HOTSPOT,UNVERIFIED,REAL,False,True,39.5,39.5,0.0,319.3,319.3,0.0,19951.35661534946,83052.0,1303280.0,4200.0,433667.1,456127.6,0,0.1333,12.0,1.0,6.105,0.2
9963c825-616d-4a88-829f-bb152c202c5a,ddd1718c-3c1c-4847-b680-7d31a4f155e2,EVT-REAL-2022-00637,23.1963,87.3546,Jharkhand,Dhanbad,,,2022-03-24,TRAIN,Dhanbad,EASTERN_COAL_BELT,Uncertain,UNKNOWN,LOW_CONFIDENCE_HOTSPOT,UNVERIFIED,REAL,False,True,57.6,57.6,0.0,321.8,321.8,0.0,11328.29141623699,146152.3,1286477.2,4200.0,442257.2,483728.9,0,0.0,0.0,1.0,1.0,0.2
4265d9ce-e66c-4ccd-9120-628a25a03670,9c006724-e346-4e7a-9a0c-8a2888f6fabd,EVT-REAL-2022-00638,23.2008,87.3494,Jharkhand,Dhanbad,,,2022-03-24,TRAIN,Dhanbad,EASTERN_COAL_BELT,Uncertain,UNKNOWN,LOW_CONFIDENCE_HOTSPOT,UNVERIFIED,REAL,False,True,48.1,48.1,0.0,320.6,320.6,0.0,11583.243135999128,146321.3,1285751.5,4200.0,441634.9,483097.4,0,0.0,0.0,1.0,1.0,0.2
c0da36d8-7bc3-42df-b03f-989055cb8657,3a63962b-4bf4-4b2a-b71f-9627e70ac76c,EVT-REAL-2022-00639,23.5838,87.4454,Jharkhand,Dhanbad,,,2022-03-24,TRAIN,Dhanbad,EASTERN_COAL_BELT,Uncertain,UNKNOWN,LOW_CONFIDENCE_HOTSPOT,UNVERIFIED,REAL,False,True,48.7,48.7,0.0,319.1,319.1,0.0,4889.419254777327,188462.0,1268311.8,4200.0,444779.6,484991.1,0,0.0333,1.0,1.0,20.292,0.65
8247eb7a-6bb9-4b51-a95a-cb544c3200be,8bf917a6-526a-4bca-8840-8e3e60bbeed7,EVT-REAL-2022-00640,24.4753,87.4229,Jharkhand,Dhanbad,,,2022-03-24,TRAIN,Dhanbad,EASTERN_COAL_BELT,Uncertain,UNKNOWN,LOW_CONFIDENCE_HOTSPOT,UNVERIFIED,REAL,False,True,45.2,45.2,0.0,321.0,321.0,0.0,24594.01752933486,279995.0,1211269.5,4200.0,439747.6,478047.8,0,0.1,5.0,1.0,17.212,0.2
c2da59b6-5c71-41ce-bf01-e39a4770db43,61b6c219-528e-45a7-b897-3319f38e5efc,EVT-REAL-2022-00641,23.5855,82.0303,Madhya Pradesh,Singrauli,,,2022-03-24,TRAIN,Singrauli,EASTERN_COAL_BELT,Mining Activity,REAL,IBM_MINING_GROUND_TRUTH,UNVERIFIED,REAL,False,True,19.9,19.9,0.0,327.0,327.0,0.0,34282.82827448499,79648.7,871611.9,4200.0,88234.9,81486.8,0,0.1,37.0,1.0,5.249,0.2
46fe1494-8d88-4f22-9a5f-1ccacc53e482,77740dff-b1dd-47e2-9c23-a5f7330a4670,EVT-REAL-2022-00642,23.6134,82.6928,Madhya Pradesh,Singrauli,,,2022-03-24,TRAIN,Singrauli,EASTERN_COAL_BELT,Mining Activity,REAL,IBM_MINING_GROUND_TRUTH,UNVERIFIED,REAL,False,True,16.8,16.8,0.0,321.5,321.5,0.0,28270.32713296163,147240.2,909992.8,4200.0,38848.3,56110.2,0,0.1,28.0,1.0,5.277,0.2
26242303-9003-4c85-9a39-cc569d9f7843,4929a59c-d1c3-45ed-adb0-d66e11aa3372,EVT-REAL-2022-00643,23.7482,82.701,Madhya Pradesh,Singrauli,,,2022-03-24,TRAIN,Singrauli,EASTERN_COAL_BELT,Forest Fire,REAL,FSI_FOREST_CANOPY,UNVERIFIED,REAL,False,True,16.6,16.6,0.0,324.8,324.8,0.0,19934.628878455893,147925.1,898934.9,4200.0,24520.6,41180.4,0,0.1,13.0,1.0,3.956,0.2
d9e81ccc-d7ca-4be7-b136-0cde0fab9ecb,a5c99165-617e-46a9-b949-3fbc3f87aff9,EVT-REAL-2022-00644,13.1036,79.54097,Andhra Pradesh,East Godavari,,,2022-03-24,TRAIN,East Godavari,GENERAL_INDIAN_TERRITORY,Uncertain,UNKNOWN,LOW_CONFIDENCE_HOTSPOT,UNVERIFIED,REAL,False,True,26.59,26.59,0.0,367.0,367.0,0.0,8201.113623915813,1152584.0,1881191.1,4200.0,1248729.0,1065646.2,0,0.0333,1.0,1.0,4.424,0.2
a8737169-12c2-4e91-bfcd-158851ce60be,6e860bc7-d394-4b7d-ba6c-c58ce86b1391,EVT-REAL-2022-00645,23.56873,82.29628,Madhya Pradesh,Singrauli,,,2022-03-25,TRAIN,Singrauli,EASTERN_COAL_BELT,Mining Activity,REAL,IBM_MINING_GROUND_TRUTH,UNVERIFIED,REAL,False,True,25.36,25.36,0.0,355.44,355.44,0.0,34651.21387808151,106811.7,889115.6,4200.0,66482.2,67552.2,0,0.0333,7.0,1.0,5.692,0.2
723a123a-c076-448f-8f10-6b2fab71e161,e25f6185-1975-4407-b3f9-53e57071cf7f,EVT-REAL-2022-00646,23.62615,82.08891,Madhya Pradesh,Singrauli,,,2022-03-25,TRAIN,Singrauli,EASTERN_COAL_BELT,Mining Activity,REAL,IBM_MINING_GROUND_TRUTH,UNVERIFIED,REAL,False,True,18.26,18.26,0.0,344.39,344.39,0.0,38222.4051488714,85604.9,871449.5,4200.0,80862.7,74118.5,0,0.2333,16.0,1.0,6.543,0.2
1c73a8c6-d76f-404b-9b42-fe0ec4bd26b6,a54439c9-c991-492d-8aa5-754421d06c59,EVT-REAL-2022-00647,23.78174,82.23782,Madhya Pradesh,Singrauli,,,2022-03-25,TRAIN,Singrauli,EASTERN_COAL_BELT,Forest Fire,REAL,FSI_FOREST_CANOPY,UNVERIFIED,REAL,False,True,23.45,22.1,1.91049731745428,352.72,343.18,9.54000000000002,29794.737282152902,100680.4,866693.8,4200.0,60218.1,51154.5,0,0.0667,2.0,1.0,5.685,0.2
d49ce25e-e434-499c-8c3d-aa48ef73b03f,ca52cb34-ad2a-457b-9d8c-a667a72c0bc9,EVT-REAL-2022-00648,23.7472,83.205,Chhattisgarh,Korba,357abf08-4e21-45b9-aa75-9b182583babb,Designated Industrial Park / Estate (Way #960029166),2022-03-26,TRAIN,357abf08-4e21-45b9-aa75-9b182583babb,EASTERN_COAL_BELT,Industrial Fire,REAL,OSM_FACILITY_GROUND_TRUTH,UNVERIFIED,REAL,False,True,21.3,21.3,0.0,327.3,327.3,0.0,657.5744295611356,199305.1,932416.9,4200.0,24878.2,64364.2,0,0.1,5.0,1.0,4.928,0.95
eda59e49-f8a5-47b1-8c53-96f52352ad6d,e474ded0-59ef-4c92-99df-ff90f62d8c9f,EVT-REAL-2022-00649,23.77911,82.78671,Madhya Pradesh,Singrauli,,,2022-03-26,TRAIN,Singrauli,EASTERN_COAL_BELT,Forest Fire,REAL,FSI_FOREST_CANOPY,UNVERIFIED,REAL,False,True,30.83,30.83,0.0,345.16,345.16,0.0,22929.14444320749,156625.6,901879.3,4200.0,18975.5,38361.9,0,0.0667,3.0,1.0,5.975,0.2
c232adfa-ea45-4c98-bb04-3f1ab0e48be0,66fe98c2-ad4e-48bf-9f52-4422ddb7f4dc,EVT-REAL-2022-00650,23.0832,85.0726,Jharkhand,Dhanbad,,,2022-03-26,TRAIN,Dhanbad,EASTERN_COAL_BELT,Uncertain,UNKNOWN,LOW_CONFIDENCE_HOTSPOT,UNVERIFIED,REAL,False,True,46.2,46.2,0.0,335.8,335.8,0.0,22648.59097678161,155741.0,1117599.9,4200.0,223157.8,256477.4,0,0.0,0.0,1.0,1.0,0.2
b05fd7c6-4ea8-4df3-a063-abf1c4e6347d,64e1be88-eaac-4296-bbfa-9a33e1693388,EVT-REAL-2022-00651,21.70624,72.83473,Gujarat,Jamnagar,,,2022-03-26,TRAIN,Jamnagar,WESTERN_PETROCHEMICAL,Other Thermal Source,REAL,BACKGROUND_THERMAL_SOURCE,UNVERIFIED,REAL,False,True,32.6,30.12,2.479919353527449,352.48,340.24,12.240000000000009,4038.464261950456,842588.2,917992.8,4200.0,1052412.9,1002084.9,1,0.0667,2.0,1.0,7.22,0.65
c0ebd2b1-6748-48e7-9bbc-55034d233a77,29ef6f73-fc5f-4829-ae2c-08797b5917e0,EVT-REAL-2022-00652,23.773,82.191,Madhya Pradesh,Singrauli,,,2022-03-26,TRAIN,Singrauli,EASTERN_COAL_BELT,Forest Fire,REAL,FSI_FOREST_CANOPY,UNVERIFIED,REAL,False,True,24.4,24.4,0.0,337.5,337.5,0.0,33437.1592966229,95914.9,864576.9,4200.0,65056.8,55182.1,0,0.1,30.0,1.0,6.013,0.2
f46ae8ad-dc6b-4757-9292-ea51f82e80c1,a8e6150f-b49b-474c-8456-81f05bb4ef60,EVT-REAL-2022-00653,23.9702,83.4298,Chhattisgarh,Korba,,,2022-03-26,TRAIN,Korba,EASTERN_COAL_BELT,Forest Fire,REAL,FSI_FOREST_CANOPY,UNVERIFIED,REAL,False,True,18.3,18.3,0.0,332.2,332.2,0.0,32852.89125117616,222043.6,929746.9,4200.0,33565.4,74080.0,0,0.0333,1.0,1.0,2.305,0.2
720487b3-af52-4242-a851-a3722f87068f,28d11882-72e3-48e7-80d8-712868cc353b,EVT-REAL-2022-00654,23.96845,83.42095,Chhattisgarh,Korba,,,2022-03-26,TRAIN,Korba,EASTERN_COAL_BELT,Forest Fire,REAL,FSI_FOREST_CANOPY,UNVERIFIED,REAL,False,True,31.9,29.45,2.449489742783178,338.7,337.7,1.0,32086.866041430654,221137.9,929266.4,4200.0,32665.2,73247.6,0,0.0333,1.0,1.0,10.29,0.2
558ce859-f5e7-4c55-bad8-86443f474671,758e3578-b6e2-4fc2-88c9-018e358b5dad,EVT-REAL-2022-00655,23.9167,82.374,Madhya Pradesh,Singrauli,,,2022-03-26,TRAIN,Singrauli,EASTERN_COAL_BELT,Uncertain,UNKNOWN,LOW_CONFIDENCE_HOTSPOT,UNVERIFIED,REAL,False,True,15.3,15.3,0.0,330.2,330.2,0.0,10091.720503297249,114464.5,863456.9,4200.0,43525.1,30761.3,0,0.1333,16.0,1.0,6.38,0.2
7dff68aa-ac7b-40e8-a94a-bf65e2b6c502,90c167b0-5c06-494b-a154-121e36afd109,EVT-REAL-2022-00656,24.04084,83.25561,Chhattisgarh,Korba,,,2022-03-26,TRAIN,Korba,EASTERN_COAL_BELT,Forest Fire,REAL,FSI_FOREST_CANOPY,UNVERIFIED,REAL,False,True,17.9,17.5,0.43588989435406733,347.39,337.36,10.029999999999973,27597.480929389418,204714.4,911884.1,4200.0,15828.6,55166.5,0,0.0,0.0,1.0,1.023,0.2
0a55b9bf-8a13-4039-8d1f-db5e67dc5855,8b182698-38a7-4dda-8f20-62a417630ada,EVT-REAL-2022-00657,23.5442,82.556,Madhya Pradesh,Singrauli,,,2022-03-26,TRAIN,Singrauli,EASTERN_COAL_BELT,Mining Activity,REAL,IBM_MINING_GROUND_TRUTH,UNVERIFIED,REAL,False,True,17.3,17.3,0.0,329.4,329.4,0.0,23591.808630296102,133349.8,907345.4,4200.0,51369.0,63820.1,0,0.1,6.0,1.0,5.334,0.2
b35953aa-f363-4bc5-8771-fa2739c70025,7d4f66c0-edba-4054-a581-6ee0ff9257bd,EVT-REAL-2022-00658,23.6886,83.4637,Chhattisgarh,Korba,,,2022-03-26,TRAIN,Korba,EASTERN_COAL_BELT,Forest Fire,REAL,FSI_FOREST_CANOPY,UNVERIFIED,REAL,False,True,21.6,21.6,0.0,331.4,331.4,0.0,26807.462986713475,225777.5,954905.0,4200.0,47026.9,89541.9,0,0.1333,28.0,1.0,6.593,0.2
a5c1382d-a804-4d95-9c91-86d431534beb,523bae37-a71d-424a-8ab9-6972874708dc,EVT-REAL-2022-00659,23.5975,82.743,Madhya Pradesh,Singrauli,,,2022-03-26,TRAIN,Singrauli,EASTERN_COAL_BELT,Mining Activity,REAL,IBM_MINING_GROUND_TRUTH,UNVERIFIED,REAL,False,True,16.5,16.5,0.0,329.8,329.8,0.0,27069.188271834806,152381.4,914579.0,4200.0,39471.1,57917.5,0,0.1,23.0,1.0,3.149,0.2
90cf5efd-0534-4a97-afc5-2dec84b3a1b5,e75456c4-9e1c-47b8-9667-158de60921eb,EVT-REAL-2022-00660,23.635,82.959,Chhattisgarh,Korba,,,2022-03-26,TRAIN,Korba,EASTERN_COAL_BELT,Forest Fire,REAL,FSI_FOREST_CANOPY,UNVERIFIED,REAL,False,True,15.6,15.6,0.0,325.8,325.8,0.0,28460.504552198516,174376.6,925400.7,4200.0,34895.9,58974.7,0,0.1333,14.0,1.0,4.834,0.2
d1cb5147-8ad5-4f2d-be1c-8c6155d0e8df,848af030-f8e5-4856-a2cc-2291af0b5011,EVT-REAL-2022-00661,23.7556,83.2605,Chhattisgarh,Korba,,,2022-03-26,TRAIN,Korba,EASTERN_COAL_BELT,Uncertain,UNKNOWN,LOW_CONFIDENCE_HOTSPOT,UNVERIFIED,REAL,False,True,16.4,16.4,0.0,328.5,328.5,0.0,5213.0760657638475,204949.6,935492.5,4200.0,27035.1,68238.3,0,0.0667,6.0,1.0,4.223,0.65
7edf55b2-f4e6-45d5-97a1-e108a1159f35,f6b4518a-ee82-4adf-bbd8-c0442caaacd7,EVT-REAL-2022-00662,23.6786,82.655,Madhya Pradesh,Singrauli,,,2022-03-26,TRAIN,Singrauli,EASTERN_COAL_BELT,Forest Fire,REAL,FSI_FOREST_CANOPY,UNVERIFIED,REAL,False,True,15.8,15.8,0.0,329.7,329.7,0.0,25794.578360330506,143311.7,901949.7,4200.0,33494.0,48889.8,0,0.1667,16.0,1.0,5.205,0.2
7e3b7832-2331-4e96-aa70-f051ab2328d1,a8a56017-1960-4f21-b5db-2f41a589579d,EVT-REAL-2022-00663,23.6698,82.5874,Madhya Pradesh,Singrauli,,,2022-03-26,TRAIN,Singrauli,EASTERN_COAL_BELT,Forest Fire,REAL,FSI_FOREST_CANOPY,UNVERIFIED,REAL,False,True,21.2,21.2,0.0,332.8,332.8,0.0,26456.226950024058,136425.8,898396.3,4200.0,37847.3,49863.0,0,0.0333,3.0,1.0,17.569,0.2
417fd596-9ab1-480a-bacc-bee83b0ebca6,2910e872-5971-4b15-9e0b-6df6a9feb467,EVT-REAL-2022-00664,23.6016,82.0666,Madhya Pradesh,Singrauli,,,2022-03-26,TRAIN,Singrauli,EASTERN_COAL_BELT,Mining Activity,REAL,IBM_MINING_GROUND_TRUTH,UNVERIFIED,REAL,False,True,15.7,15.7,0.0,332.0,332.0,0.0,35585.35037182714,83343.8,872320.0,4200.0,84124.9,77661.9,0,0.2333,13.0,1.0,4.603,0.2
e42e9bc4-6f40-4d02-901c-03b8b06925af,12745d76-9047-4fa4-ba5e-b0210a47b3c4,EVT-REAL-2022-00665,23.7129,82.7485,Madhya Pradesh,Singrauli,,,2022-03-26,TRAIN,Singrauli,EASTERN_COAL_BELT,Forest Fire,REAL,FSI_FOREST_CANOPY,UNVERIFIED,REAL,False,True,17.3,17.3,0.0,331.1,331.1,0.0,25775.82433003438,152808.6,905031.2,4200.0,26779.3,45182.5,0,0.0667,2.0,1.0,4.759,0.2
8e36f0b0-a247-4150-a218-bc2e1ec751e0,890f6ffd-1b62-4fe7-802c-97756ed7d6c0,EVT-REAL-2022-00666,21.80814,84.10265,Chhattisgarh,Korba,,,2022-03-26,TRAIN,Korba,EASTERN_COAL_BELT,Uncertain,UNKNOWN,LOW_CONFIDENCE_HOTSPOT,UNVERIFIED,REAL,False,True,30.65,30.65,0.0,349.68,349.68,0.0,4000.3218789276634,206521.2,1156662.1,4200.0,258543.7,156623.6,0,0.1333,5.0,1.0,4.678,0.65
61f918df-1a2c-4434-8999-95f39aeae82d,f96e1a4d-bbe7-4412-a1d8-92da2101340f,EVT-REAL-2022-00667,21.86202,69.57585,Gujarat,Jamnagar,,,2022-03-26,TRAIN,Jamnagar,WESTERN_PETROCHEMICAL,Uncertain,UNKNOWN,LOW_CONFIDENCE_HOTSPOT,UNVERIFIED,REAL,False,True,40.14,40.14,0.0,350.67,350.67,0.0,22770.38379141519,1167259.4,1003563.9,4200.0,1375708.4,1336324.0,0,0.0333,1.0,1.0,24.778,0.2
1fc0067a-16bd-43a6-b69e-6d17a0658de7,a0e46acd-e061-4edf-a291-f67429f211b8,EVT-REAL-2022-00668,23.53259,82.01966,Madhya Pradesh,Singrauli,,,2022-03-26,TRAIN,Singrauli,EASTERN_COAL_BELT,Mining Activity,REAL,IBM_MINING_GROUND_TRUTH,UNVERIFIED,REAL,False,True,15.96,15.96,0.0,367.0,367.0,0.0,28778.997397867566,78594.1,875762.7,4200.0,92015.1,86557.0,0,0.1667,9.0,1.0,5.187,0.2
8a21a21f-1a0b-40a3-ab25-adfc4dbe4887,8c59f664-fbd0-4086-afff-54d2b64fd0df,EVT-REAL-2022-00669,23.78836,82.96425,Chhattisgarh,Korba,,,2022-03-26,TRAIN,Korba,EASTERN_COAL_BELT,Forest Fire,REAL,FSI_FOREST_CANOPY,UNVERIFIED,REAL,False,True,16.62,16.62,0.0,356.21,356.21,0.0,24514.513011692485,174707.8,912818.6,4200.0,17910.6,44354.4,0,0.1333,19.0,1.0,3.03,0.2
87dfd19b-f261-4410-a8cc-afc20d449bf1,395b08f5-83f1-49de-b0d7-0456f04e15e5,EVT-REAL-2022-00670,24.0219,82.295,Madhya Pradesh,Singrauli,,,2022-03-27,TRAIN,Singrauli,EASTERN_COAL_BELT,Other Thermal Source,REAL,BACKGROUND_THERMAL_SOURCE,UNVERIFIED,REAL,False,True,21.1,20.85,0.2449489742783178,326.2,325.75,0.44999999999998863,11029.464090472473,107215.9,849336.2,4200.0,51375.8,30953.1,0,0.0333,11.0,1.0,8.02,0.2
05d15a0b-6290-471c-aa97-7f48bff210f5,618b15e9-4b5b-45ce-bdea-4654822552fa,EVT-REAL-2022-00671,23.7224,83.0914,Chhattisgarh,Korba,,,2022-03-27,TRAIN,Korba,EASTERN_COAL_BELT,Uncertain,UNKNOWN,LOW_CONFIDENCE_HOTSPOT,UNVERIFIED,REAL,False,True,19.3,19.3,0.0,321.8,321.8,0.0,12102.77689924343,187760.2,926828.3,4200.0,25208.9,58044.1,0,0.1,38.0,1.0,5.106,0.2
28fe4dbf-398c-4091-8da0-a4c6830d0444,8c15e933-ff54-4886-88ac-3ad0d4ee2e3a,EVT-REAL-2022-00672,23.7781,82.2962,Madhya Pradesh,Singrauli,,,2022-03-27,TRAIN,Singrauli,EASTERN_COAL_BELT,Forest Fire,REAL,FSI_FOREST_CANOPY,UNVERIFIED,REAL,False,True,21.5,21.5,0.0,325.7,325.7,0.0,27299.264027487097,106633.5,870636.2,4200.0,54734.2,47629.0,0,0.1,29.0,1.0,12.069,0.2
0d85df94-9ca6-4aaa-a2fd-46891ca288f1,8577deb9-cd6e-42cd-a97c-6d55e3fe9245,EVT-REAL-2022-00673,23.7728,82.2602,Madhya Pradesh,Singrauli,,,2022-03-27,TRAIN,Singrauli,EASTERN_COAL_BELT,Forest Fire,REAL,FSI_FOREST_CANOPY,UNVERIFIED,REAL,False,True,25.0,25.0,0.0,327.4,327.4,0.0,29447.493472077465,102968.4,868865.9,4200.0,58381.9,50383.8,0,0.1333,37.0,1.0,8.897,0.2
08292a2c-7e39-4daa-9c52-cd337e6b21f1,4fe6127a-5ad3-46e5-8ac0-dc8e48dcf748,EVT-REAL-2022-00674,23.728,82.1926,Madhya Pradesh,Singrauli,,,2022-03-27,TRAIN,Singrauli,EASTERN_COAL_BELT,Forest Fire,REAL,FSI_FOREST_CANOPY,UNVERIFIED,REAL,False,True,18.8,18.8,0.0,322.9,322.9,0.0,37325.12229608361,96111.0,868655.2,4200.0,66586.5,58657.1,0,0.1667,50.0,1.0,5.108,0.2
15ef2c3d-06f1-44bb-b14c-1332da79bdde,962b8414-f505-4f41-8481-6f8296df32e0,EVT-REAL-2022-00675,23.5639,82.6509,Madhya Pradesh,Singrauli,,,2022-03-27,TRAIN,Singrauli,EASTERN_COAL_BELT,Mining Activity,REAL,IBM_MINING_GROUND_TRUTH,UNVERIFIED,REAL,False,True,16.5,16.5,0.0,321.5,321.5,0.0,22952.22782991327,143018.0,911610.6,4200.0,45383.3,61593.1,0,0.0333,1.0,1.0,2.666,0.2
022fc333-e7e0-46a7-8dd5-b8752c2a18ea,70421dd3-d971-4202-863b-a44c657ed53b,EVT-REAL-2022-00676,23.5141,82.2189,Madhya Pradesh,Singrauli,,,2022-03-27,TRAIN,Singrauli,EASTERN_COAL_BELT,Mining Activity,REAL,IBM_MINING_GROUND_TRUTH,UNVERIFIED,REAL,False,True,28.2,28.2,0.0,324.8,324.8,0.0,28836.31489940767,98953.2,889291.8,4200.0,76428.1,76531.9,0,0.1667,39.0,1.0,7.303,0.2
125e5653-6d3e-47b0-a24d-5bb91298cfc4,055675f2-2f86-45a7-90c4-0150022867c2,EVT-REAL-2022-00677,23.5111,82.2352,Madhya Pradesh,Singrauli,,,2022-03-27,TRAIN,Singrauli,EASTERN_COAL_BELT,Mining Activity,REAL,IBM_MINING_GROUND_TRUTH,UNVERIFIED,REAL,False,True,19.3,19.3,0.0,320.7,320.7,0.0,29331.4227980445,100620.1,890542.3,4200.0,75361.4,76042.1,0,0.1667,33.0,1.0,5.907,0.2
68953359-5f91-46a9-b82f-da4caf5690fa,b7da6606-fedd-498e-8990-06e5a5348f45,EVT-REAL-2022-00678,20.3667,85.3261,Odisha,Angul,,,2022-03-27,TRAIN,Angul,EASTERN_COAL_BELT,Uncertain,UNKNOWN,LOW_CONFIDENCE_HOTSPOT,UNVERIFIED,REAL,False,True,45.5,45.5,0.0,320.0,320.0,0.0,4733.723784733222,139899.7,1360667.5,4200.0,458407.9,348079.2,0,0.0667,2.0,1.0,1.611,0.65
925a93e7-5e1b-4fbb-94ea-82263c5e3f0a,eb4523b3-70e5-4cc7-ad6e-0ded674a623f,EVT-REAL-2022-00679,22.3666,70.5695,Gujarat,Jamnagar,,,2022-03-27,TRAIN,Jamnagar,WESTERN_PETROCHEMICAL,Uncertain,UNKNOWN,LOW_CONFIDENCE_HOTSPOT,UNVERIFIED,REAL,False,True,25.1,25.1,0.0,331.2,331.2,0.0,6996.58153251726,1056614.5,909996.7,4200.0,1264224.6,1230291.8,0,0.0,0.0,1.0,1.0,0.65
bbb54dfa-83b9-479e-ab4f-ef4a89e5ea62,462f56ac-976e-493d-a8ff-3df9852d67f8,EVT-REAL-2022-00680,22.2877,70.964,Gujarat,Jamnagar,,,2022-03-27,TRAIN,Jamnagar,WESTERN_PETROCHEMICAL,Uncertain,UNKNOWN,LOW_CONFIDENCE_HOTSPOT,UNVERIFIED,REAL,False,True,35.1,35.1,0.0,334.7,334.7,0.0,8219.122972593703,1017874.1,903216.1,4200.0,1225893.9,1190111.3,0,0.0,0.0,1.0,1.0,0.2
32c36852-8187-43fb-a226-f4ff490e9eda,e1656557-c743-496e-924b-3be5bb420f17,EVT-REAL-2022-00681,22.2892,70.9749,Gujarat,Jamnagar,,,2022-03-27,TRAIN,Jamnagar,WESTERN_PETROCHEMICAL,Uncertain,UNKNOWN,LOW_CONFIDENCE_HOTSPOT,UNVERIFIED,REAL,False,True,27.7,27.7,0.0,332.5,332.5,0.0,8914.95026410692,1016738.8,902671.0,4200.0,1224759.5,1188981.1,0,0.0,0.0,1.0,1.0,0.2
7214a9d1-f115-43b5-8ed9-0fe060594bdd,afd29d12-3fb6-4e71-b88a-15ab00affd65,EVT-REAL-2022-00682,21.8011,70.297,Gujarat,Jamnagar,,,2022-03-27,TRAIN,Jamnagar,WESTERN_PETROCHEMICAL,Uncertain,UNKNOWN,LOW_CONFIDENCE_HOTSPOT,UNVERIFIED,REAL,False,True,38.6,38.6,0.0,332.8,332.8,0.0,5299.883312324576,1095536.1,978618.2,4200.0,1304401.5,1262590.1,0,0.0333,1.0,1.0,9.346,0.65
2fe1fe0c-950d-4718-bb66-73f868577a22,8a20bcea-fa83-40cf-8827-88f26af5cc9b,EVT-REAL-2022-00683,21.8065,70.3103,Gujarat,Jamnagar,,,2022-03-27,TRAIN,Jamnagar,WESTERN_PETROCHEMICAL,Uncertain,UNKNOWN,LOW_CONFIDENCE_HOTSPOT,UNVERIFIED,REAL,False,True,27.3,27.3,0.0,329.7,329.7,0.0,4864.493254737143,1094067.2,977535.8,4200.0,1302927.5,1261169.8,0,0.1,3.0,1.0,3.5,0.65
c1a0ac06-ba10-4155-8b55-4a4f2be02b8b,80249723-f403-4a94-be87-b4e031dfc281,EVT-REAL-2022-00684,21.7482,70.395,Gujarat,Jamnagar,,,2022-03-27,TRAIN,Jamnagar,WESTERN_PETROCHEMICAL,Uncertain,UNKNOWN,LOW_CONFIDENCE_HOTSPOT,UNVERIFIED,REAL,False,True,26.8,26.8,0.0,327.3,327.3,0.0,4243.680178162237,1086849.5,980168.6,4200.0,1295851.7,1252995.6,0,0.0333,1.0,1.0,2.179,0.65
2162a899-28ce-4343-b4f3-40118a16ed14,85ffa3c1-b306-4f95-a980-ebae6cc1a9af,EVT-REAL-2022-00685,21.3894,70.2339,Gujarat,Jamnagar,,,2022-03-27,TRAIN,Jamnagar,WESTERN_PETROCHEMICAL,Uncertain,UNKNOWN,LOW_CONFIDENCE_HOTSPOT,UNVERIFIED,REAL,False,True,37.2,37.2,0.0,331.6,331.6,0.0,4785.768609706395,1112160.9,1023255.0,4200.0,1321649.2,1273705.0,0,0.0333,1.0,1.0,5.697,0.65
dc5448a2-12ff-40c9-bb5f-d535f140c284,d98a6c95-a5e5-4e3e-8b82-c3e0262732da,EVT-REAL-2022-00686,22.1507,86.8996,Odisha,Angul,,,2022-03-27,TRAIN,Angul,EASTERN_COAL_BELT,Forest Fire,REAL,FSI_FOREST_CANOPY,UNVERIFIED,REAL,False,True,29.7,29.7,0.0,322.8,322.8,0.0,25275.24626774323,28066.2,1325100.2,4200.0,437390.5,435333.0,0,0.0,0.0,1.0,1.0,0.2
f26f78c0-b08a-4dca-9a00-6a22f4718344,9474da42-e66f-4c68-9a48-fc3716ba05b1,EVT-REAL-2022-00687,22.2455,85.2733,Odisha,Angul,,,2022-03-27,TRAIN,Angul,EASTERN_COAL_BELT,Mining Activity,REAL,IBM_MINING_GROUND_TRUTH,UNVERIFIED,REAL,False,True,51.2,51.2,0.0,321.3,321.3,0.0,15334.426279081496,87982.8,1198273.0,4200.0,291889.6,267339.5,0,0.0333,1.0,1.0,37.372,0.2
5d6c8aeb-cdbb-400a-b452-eb5f1315c9dd,2a3f9a87-1a6e-41c5-987c-fddd8734e5cc,EVT-REAL-2022-00688,22.2438,85.2663,Odisha,Angul,,,2022-03-27,TRAIN,Angul,EASTERN_COAL_BELT,Mining Activity,REAL,IBM_MINING_GROUND_TRUTH,UNVERIFIED,REAL,False,True,73.7,73.7,0.0,325.1,325.1,0.0,15149.538856902993,88637.6,1197916.4,4200.0,291466.1,266624.2,0,0.0333,1.0,1.0,53.796,0.2
e420f2c1-0d13-4c9c-b347-177aaac2cc07,12a2a0a4-de93-483b-9e34-0bdae14a873e,EVT-REAL-2022-00689,22.7235,87.1286,Jharkhand,Dhanbad,,,2022-03-27,TRAIN,Dhanbad,EASTERN_COAL_BELT,Uncertain,UNKNOWN,LOW_CONFIDENCE_HOTSPOT,UNVERIFIED,REAL,False,True,41.2,41.2,0.0,326.5,326.5,0.0,20094.318946173786,89394.1,1301101.9,4200.0,433780.9,458722.9,0,0.0667,2.0,1.0,12.41,0.2
382592a1-e0ef-456e-bfdd-5b0339df4a9a,3ddac716-70de-4e36-beee-0db038a1b4b6,EVT-REAL-2022-00690,24.1899,83.4813,Jharkhand,Dhanbad,,,2022-03-27,TRAIN,Dhanbad,EASTERN_COAL_BELT,Uncertain,UNKNOWN,LOW_CONFIDENCE_HOTSPOT,UNVERIFIED,REAL,False,True,69.1,69.1,0.0,325.2,325.2,0.0,26815.81695984389,229217.1,915962.0,4200.0,38740.8,77349.1,0,0.0667,5.0,1.0,11.181,0.2
a71951d3-291c-4d71-ac9b-d98943b17783,8a1b9f4b-051e-496a-ae45-48da079d63e7,EVT-REAL-2022-00691,24.196,83.4753,Jharkhand,Dhanbad,,,2022-03-27,TRAIN,Dhanbad,EASTERN_COAL_BELT,Uncertain,UNKNOWN,LOW_CONFIDENCE_HOTSPOT,UNVERIFIED,REAL,False,True,71.4,71.4,0.0,325.3,325.3,0.0,26529.844224064225,228703.4,915053.1,4200.0,38129.3,76735.9,0,0.0667,5.0,1.0,11.553,0.2
ceb83f2b-0e5b-4801-9e52-f65487871f53,21ea4bcc-f765-400b-add7-e3db4f638a28,EVT-REAL-2022-00692,21.77938,84.22263,Chhattisgarh,Korba,,,2022-03-27,TRAIN,Korba,EASTERN_COAL_BELT,Other Thermal Source,REAL,BACKGROUND_THERMAL_SOURCE,UNVERIFIED,REAL,False,True,34.88,34.88,0.0,367.0,356.13,10.870000000000005,10749.097265970362,194154.9,1166791.9,4200.0,266557.5,169362.8,0,0.0,0.0,1.0,1.0,0.2
a1279e00-3cb8-4c0f-af5c-423d6018ea39,8d0e5d8b-8029-46f8-a96b-c2d2f172c175,EVT-REAL-2022-00693,23.54871,82.89591,Chhattisgarh,Korba,,,2022-03-27,TRAIN,Korba,EASTERN_COAL_BELT,Uncertain,UNKNOWN,LOW_CONFIDENCE_HOTSPOT,UNVERIFIED,REAL,False,True,32.37,32.37,0.0,343.77,343.77,0.0,22323.534336608507,168049.4,928630.5,4200.0,44451.7,65762.9,0,0.2333,12.0,1.0,12.446,0.2
4d55d335-feeb-405e-ac7c-0ba22f8de675,80b44cd0-0aed-4047-a568-39377e19395e,EVT-REAL-2022-00694,23.7103,82.67536,Madhya Pradesh,Singrauli,,,2022-03-27,TRAIN,Singrauli,EASTERN_COAL_BELT,Forest Fire,REAL,FSI_FOREST_CANOPY,UNVERIFIED,REAL,False,True,30.37,30.37,0.0,345.26,345.26,0.0,22852.2651088572,145353.3,900529.1,4200.0,29429.0,45378.7,0,0.1333,12.0,1.0,7.676,0.2
b983242c-c98d-47f7-8760-f7a2b06500cd,d94353b5-a3cf-4d4a-9a00-28e807e942d4,EVT-REAL-2022-00695,23.70634,82.63404,Madhya Pradesh,Singrauli,,,2022-03-27,TRAIN,Singrauli,EASTERN_COAL_BELT,Forest Fire,REAL,FSI_FOREST_CANOPY,UNVERIFIED,REAL,False,True,15.5,15.5,0.0,350.81,350.54,0.2699999999999818,22432.206731393762,141144.0,898216.3,4200.0,31846.5,45817.4,0,0.0667,33.0,1.0,6.321,0.2
acabdfc3-d15e-486b-96e9-e7e216213abf,a030851f-0690-410b-81ae-81fae620cc47,EVT-REAL-2022-00696,23.77932,82.8189,Chhattisgarh,Korba,,,2022-03-27,TRAIN,Korba,EASTERN_COAL_BELT,Forest Fire,REAL,FSI_FOREST_CANOPY,UNVERIFIED,REAL,False,True,15.03,15.03,0.0,355.33,355.33,0.0,25566.77760544562,159906.2,903971.4,4200.0,18905.8,39052.7,0,0.1667,19.0,1.0,3.452,0.2
c3b550fb-abea-4a6e-b19c-dd29effdb5bb,6f0c8cb2-9df7-439d-a37d-7327d9845b76,EVT-REAL-2022-00697,23.73631,82.38292,Madhya Pradesh,Singrauli,,,2022-03-27,TRAIN,Singrauli,EASTERN_COAL_BELT,Forest Fire,REAL,FSI_FOREST_CANOPY,UNVERIFIED,REAL,False,True,25.34,25.34,0.0,345.39,345.39,0.0,29809.270115694915,115509.1,879708.6,4200.0,48636.8,46994.9,0,0.2,38.0,1.0,7.536,0.2
b1c871d7-5f6f-4ccb-ab66-429c99937f33,1e27745c-7872-490e-8e4a-e8c6446f3322,EVT-REAL-2022-00698,23.74198,82.17558,Madhya Pradesh,Singrauli,,,2022-03-27,TRAIN,Singrauli,EASTERN_COAL_BELT,Forest Fire,REAL,FSI_FOREST_CANOPY,UNVERIFIED,REAL,False,True,16.05,16.05,0.0,367.0,367.0,0.0,37105.07060984038,94365.6,866375.1,4200.0,67654.9,58720.7,0,0.1333,29.0,1.0,7.214,0.2
0903df57-b144-4586-843c-c74353de78c4,bca328ab-1135-4818-9f78-1b2be8317637,EVT-REAL-2022-00699,23.98652,83.16724,Chhattisgarh,Korba,,,2022-03-27,TRAIN,Korba,EASTERN_COAL_BELT,Forest Fire,REAL,FSI_FOREST_CANOPY,UNVERIFIED,REAL,False,True,29.83,29.83,0.0,356.03,356.03,0.0,25485.156097312134,195401.6,910172.6,4200.0,6842.5,47830.8,0,0.1667,12.0,1.0,4.998,0.2
75de24fd-bb77-4cbf-b1d3-ddff8fb0ed7f,c4443a54-f44f-46fd-b632-f83406e145bf,EVT-REAL-2022-00700,23.98709,83.17151,Chhattisgarh,Korba,,,2022-03-27,TRAIN,Korba,EASTERN_COAL_BELT,Forest Fire,REAL,FSI_FOREST_CANOPY,UNVERIFIED,REAL,False,True,29.83,29.83,0.0,367.0,367.0,0.0,25489.5216475593,195838.4,910420.2,4200.0,7277.0,48224.7,0,0.1333,8.0,1.0,8.184,0.2
c2fd4f28-4d7b-46af-bee9-a98774cb3777,48e4e590-59cb-4ccc-8263-ceb7405b0f39,EVT-REAL-2022-00701,23.99059,83.17094,Chhattisgarh,Korba,,,2022-03-27,TRAIN,Korba,EASTERN_COAL_BELT,Forest Fire,REAL,FSI_FOREST_CANOPY,UNVERIFIED,REAL,False,True,29.83,29.83,0.0,355.82,355.82,0.0,25882.90122959224,195797.3,910095.6,4200.0,7218.8,48051.8,0,0.1667,10.0,1.0,6.711,0.2
faef54d1-5bc3-4938-aa42-28b5b80891b4,f678eacc-3e76-4ed9-b953-a76a48ebbdfe,EVT-REAL-2022-00702,23.99002,83.16669,Chhattisgarh,Korba,,,2022-03-27,TRAIN,Korba,EASTERN_COAL_BELT,Forest Fire,REAL,FSI_FOREST_CANOPY,UNVERIFIED,REAL,False,True,29.83,29.83,0.0,348.09,348.09,0.0,25878.328620112272,195362.4,909849.3,4200.0,6786.3,47658.5,0,0.1667,11.0,1.0,4.921,0.2
60d07ece-873f-41e8-ad1b-56679e0414ea,b652397b-95a5-4ab7-adf3-5b806a2daddd,EVT-REAL-2022-00703,23.97584,82.38502,Madhya Pradesh,Singrauli,,,2022-03-27,TRAIN,Singrauli,EASTERN_COAL_BELT,Other Thermal Source,REAL,BACKGROUND_THERMAL_SOURCE,UNVERIFIED,REAL,False,True,16.71,16.71,0.0,350.29,344.93,5.360000000000014,3547.8755661971663,115850.2,859055.0,4200.0,42232.8,25461.0,0,0.1333,19.0,1.0,4.525,0.65
bdb914d0-5a75-4c09-a3d7-8f651c33b555,30eace7e-8440-4ac9-9c7b-b7afe14d1603,EVT-REAL-2022-00704,24.14676,83.11671,Uttar Pradesh,Sonbhadra,,,2022-03-27,TRAIN,Sonbhadra,GENERAL_INDIAN_TERRITORY,Agricultural Burning,REAL,BHUVAN_AGRICULTURAL_CYCLE,UNVERIFIED,REAL,False,True,23.39,23.39,0.0,353.73,350.01,3.7200000000000273,9251.914158974307,191861.7,893665.6,4200.0,1698.3,40320.0,0,0.0333,1.0,1.0,5.152,0.2
61b6cfc9-6e18-4ad4-9af8-eec7999c114b,1c8ec8c6-9594-43c4-b895-ee36bef7ffce,EVT-REAL-2022-00705,24.20739,82.83307,Uttar Pradesh,Sonbhadra,,,2022-03-27,TRAIN,Sonbhadra,GENERAL_INDIAN_TERRITORY,Uncertain,UNKNOWN,LOW_CONFIDENCE_HOTSPOT,UNVERIFIED,REAL,False,True,32.4,32.4,0.0,367.0,367.0,0.0,3049.650501408849,164572.3,869201.1,4200.0,815.3,11486.6,0,0.0333,2.0,1.0,3.352,0.65
c715f502-566c-4af2-9b55-0b715123b34b,002c983f-6870-4f62-a2d0-dd9d0b79f7ff,EVT-REAL-2022-00706,24.21112,82.83451,Uttar Pradesh,Sonbhadra,,,2022-03-27,TRAIN,Sonbhadra,GENERAL_INDIAN_TERRITORY,Other Thermal Source,REAL,BACKGROUND_THERMAL_SOURCE,UNVERIFIED,REAL,False,True,32.4,32.4,0.0,367.0,361.74,5.259999999999991,3417.972767443384,164799.2,868993.1,4200.0,1228.4,11632.5,0,0.0333,2.0,1.0,3.352,0.65
69c0a802-6daf-4609-bad8-ac705942c047,90edcdd2-e9ce-4d57-aee6-09b30f03bf45,EVT-REAL-2022-00707,24.21181,82.69302,Madhya Pradesh,Singrauli,1a423e43-3d4e-4bbd-bcd3-cc4f7237c918,Industrial Works (works) (Way #794321933),2022-03-27,TRAIN,1a423e43-3d4e-4bbd-bcd3-cc4f7237c918,EASTERN_COAL_BELT,Uncertain,UNKNOWN,LOW_CONFIDENCE_HOTSPOT,UNVERIFIED,REAL,False,True,16.41,16.41,0.0,347.82,347.82,0.0,2404.0136865014165,150774.0,859343.9,4200.0,10946.5,0.0,1,1.0,76.0,1.0,14.317,0.95
532c5ab8-fd30-423c-8f6d-6d9dae194e8d,0084e519-8217-4a0b-ba4b-52e950c97270,EVT-REAL-2022-00708,24.49831,82.35989,Madhya Pradesh,Singrauli,,,2022-03-27,TRAIN,Singrauli,EASTERN_COAL_BELT,Forest Fire,REAL,FSI_FOREST_CANOPY,UNVERIFIED,REAL,False,True,99.15,99.15,0.0,349.87,349.87,0.0,20419.443249049382,130789.7,813180.9,4200.0,55554.4,38066.8,0,0.0,0.0,1.0,1.0,0.2
c0279e19-a6a4-453d-bc58-d6602c602b17,2b11d6e7-5a2d-41d9-b7ff-2d759ef7caa1,EVT-REAL-2022-00709,24.25532,82.81683,Uttar Pradesh,Sonbhadra,,,2022-03-27,TRAIN,Sonbhadra,GENERAL_INDIAN_TERRITORY,Other Thermal Source,REAL,BACKGROUND_THERMAL_SOURCE,UNVERIFIED,REAL,False,True,24.76,20.21,3.3256578296631782,367.0,354.98,12.019999999999982,5906.276354547815,164119.1,864162.0,4200.0,6125.6,10584.0,0,0.0,0.0,1.0,1.225,0.65
15c25083-dfcb-4e19-b1df-03833fc09c0c,0099ffeb-38db-4a22-b865-95d5571f0a18,EVT-REAL-2022-00710,21.5113,71.4435,Gujarat,Jamnagar,,,2022-03-27,TRAIN,Jamnagar,WESTERN_PETROCHEMICAL,Uncertain,UNKNOWN,LOW_CONFIDENCE_HOTSPOT,UNVERIFIED,REAL,False,True,74.6,74.6,0.0,363.9,363.9,0.0,13181.520622270025,987352.5,969524.8,4200.0,1197036.2,1147603.8,0,0.0333,1.0,1.0,58.281,0.2
b7a87fb2-9b48-471e-8d4d-dfb55cccec79,8a918f7a-24ba-4a0e-9dd4-24202f862bfb,EVT-REAL-2022-00711,21.0085,70.272,Gujarat,Jamnagar,,,2022-03-27,TRAIN,Jamnagar,WESTERN_PETROCHEMICAL,Uncertain,UNKNOWN,LOW_CONFIDENCE_HOTSPOT,UNVERIFIED,REAL,False,True,33.8,33.8,0.0,341.6,341.6,0.0,2683.2866497648934,1119379.8,1061028.5,4200.0,1329214.6,1275470.0,0,0.0667,3.0,1.0,2.885,0.65
4cb72fb2-fa6a-4131-a2d8-9ee5b82e8d13,2c1a19a4-7fc7-4765-b441-127891bfc86b,EVT-REAL-2022-00712,22.8713,72.2351,Gujarat,Jamnagar,,,2022-03-27,TRAIN,Jamnagar,WESTERN_PETROCHEMICAL,Uncertain,UNKNOWN,LOW_CONFIDENCE_HOTSPOT,UNVERIFIED,REAL,False,True,26.1,26.1,0.0,339.6,339.6,0.0,3485.3944761864127,879516.5,802995.5,4200.0,1086159.0,1058132.0,0,0.0333,1.0,1.0,3.896,0.65
854fcac6-515c-4cb9-9014-146a70e0347c,47a5a9c8-4e09-4625-8ac8-0c5cef86309c,EVT-REAL-2022-00713,22.20156,69.63145,Gujarat,Jamnagar,,,2022-03-27,TRAIN,Jamnagar,WESTERN_PETROCHEMICAL,Uncertain,UNKNOWN,LOW_CONFIDENCE_HOTSPOT,UNVERIFIED,REAL,False,True,25.7,25.7,0.0,367.0,367.0,0.0,4238.396644635238,1154956.7,967429.6,4200.0,1362607.2,1327793.9,0,0.0,0.0,1.0,1.0,0.65
91896d0d-a02f-4420-9878-11d6482a800c,4d6d5c46-733f-45cf-b8f4-205102f012af,EVT-REAL-2022-00714,21.5089,69.7725,Gujarat,Jamnagar,,,2022-03-28,TRAIN,Jamnagar,WESTERN_PETROCHEMICAL,Uncertain,UNKNOWN,LOW_CONFIDENCE_HOTSPOT,UNVERIFIED,REAL,False,True,30.7,30.7,0.0,332.8,332.8,0.0,12294.503580451481,1155539.1,1030057.6,4200.0,1364714.4,1319729.4,0,0.1,5.0,1.0,11.438,0.2
ae86eafa-be65-41e2-84fc-487389b876fc,e8cf1696-7b02-4ace-a8ab-f656322baae6,EVT-REAL-2022-00715,20.93817,84.91531,Odisha,Angul,,,2022-03-28,TRAIN,Angul,EASTERN_COAL_BELT,Uncertain,UNKNOWN,LOW_CONFIDENCE_HOTSPOT,UNVERIFIED,REAL,False,True,37.42,37.42,0.0,354.83,354.83,0.0,7859.096967546747,133235.4,1284420.0,4200.0,382283.5,276214.6,0,0.0333,1.0,1.0,17.009,0.65
fbfd4cb2-f5fa-42bb-a9e1-4423f2278b1a,9dce9a36-37ee-4f13-ae61-78ba72302d69,EVT-REAL-2022-00716,22.20476,87.1537,Odisha,Angul,,,2022-03-28,TRAIN,Angul,EASTERN_COAL_BELT,Forest Fire,REAL,FSI_FOREST_CANOPY,UNVERIFIED,REAL,False,True,30.4,29.39,0.714142842854285,367.0,352.54,14.45999999999998,15977.027770197177,54719.2,1340550.0,4200.0,458090.4,461245.7,0,0.0,0.0,1.0,1.034,0.2
4d8b536c-3a4b-4fd3-b4b9-cc5569757b7e,dc5804b8-5e07-43da-9857-5ae6560801a6,EVT-REAL-2022-00717,22.28261,87.08358,Odisha,Angul,,,2022-03-28,TRAIN,Angul,EASTERN_COAL_BELT,Other Thermal Source,REAL,BACKGROUND_THERMAL_SOURCE,UNVERIFIED,REAL,False,True,32.09,29.8,2.295648056649799,353.27,344.38,8.889999999999986,12009.844886493165,51607.4,1329421.6,4200.0,447860.6,453752.3,0,0.0333,6.0,1.0,5.056,0.2
853f98d5-8464-4614-8e59-da2fef019571,5fd195f6-b81c-496c-8e8c-edb3254cd164,EVT-REAL-2022-00718,22.49632,87.32541,Odisha,Angul,,,2022-03-28,TRAIN,Angul,EASTERN_COAL_BELT,Uncertain,UNKNOWN,LOW_CONFIDENCE_HOTSPOT,UNVERIFIED,REAL,False,True,61.19,61.19,0.0,346.18,346.18,0.0,4010.6785508313383,85370.4,1332774.7,4200.0,461445.6,478194.4,0,0.1333,6.0,1.0,12.717,0.65
846983e2-8d22-47d8-9bc9-1afcfa06fab7,bf7d5b0f-fa17-4556-8460-835dbb3fb732,EVT-REAL-2022-00719,22.58294,86.87905,Odisha,Angul,,,2022-03-28,TRAIN,Angul,EASTERN_COAL_BELT,Forest Fire,REAL,FSI_FOREST_CANOPY,UNVERIFIED,REAL,False,True,55.09,55.09,0.0,347.14,347.14,0.0,18799.01328343874,63558.5,1291660.9,4200.0,415232.7,432424.2,0,0.0333,1.0,1.0,45.908,0.2
ae20b119-2b81-4d7f-a221-ee3098c16614,f2f6ad3b-1321-4876-92a5-4602882594f5,EVT-REAL-2022-00720,22.42793,85.66734,Odisha,Angul,,,2022-03-28,TRAIN,Angul,EASTERN_COAL_BELT,Uncertain,UNKNOWN,LOW_CONFIDENCE_HOTSPOT,UNVERIFIED,REAL,False,True,25.53,25.53,0.0,345.11,345.11,0.0,8946.56961065886,61161.4,1212044.3,4200.0,312237.0,307550.0,0,0.0667,6.0,1.0,8.553,0.2
4406b83b-159d-459e-b258-8d0e1866b953,155d5443-48f8-4c93-a332-d4501e9e6e5c,EVT-REAL-2022-00721,22.99825,87.19647,Jharkhand,Dhanbad,,,2022-03-28,TRAIN,Dhanbad,EASTERN_COAL_BELT,Uncertain,UNKNOWN,LOW_CONFIDENCE_HOTSPOT,UNVERIFIED,REAL,False,True,28.04,28.04,0.0,350.94,350.94,0.0,16065.328618946083,119109.2,1287249.6,4200.0,431548.6,468403.0,0,0.0333,1.0,1.0,11.445,0.2
9db64ead-36b3-45f3-896e-3b5af06804e5,ab0037da-ab77-4de5-828d-0c619c9f8749,EVT-REAL-2022-00722,23.23059,87.48049,Jharkhand,Dhanbad,,,2022-03-28,TRAIN,Dhanbad,EASTERN_COAL_BELT,Uncertain,UNKNOWN,LOW_CONFIDENCE_HOTSPOT,UNVERIFIED,REAL,False,True,65.12,65.12,0.0,346.05,346.05,0.0,6107.241866437503,156139.5,1294427.8,4200.0,454144.2,495456.7,0,0.1,3.0,1.0,8.768,0.65
bffd8cc2-7591-4218-b06f-e1baf37ecb83,782667d6-3e43-4cea-9ecb-063a887db3ea,EVT-REAL-2022-00723,23.59307,83.45522,Chhattisgarh,Korba,,,2022-03-28,TRAIN,Korba,EASTERN_COAL_BELT,Forest Fire,REAL,FSI_FOREST_CANOPY,UNVERIFIED,REAL,False,True,24.86,24.86,0.0,346.15,346.15,0.0,30602.250695239407,225076.1,962158.3,4200.0,53607.4,94946.3,0,0.0667,4.0,1.0,18.869,0.2
a140fb28-881b-4dc1-97c0-ee87b2d16c0f,bb3538ff-2164-42ed-8ef2-328eca3b098c,EVT-REAL-2022-00724,23.56432,82.86051,Chhattisgarh,Korba,,,2022-03-28,TRAIN,Korba,EASTERN_COAL_BELT,Forest Fire,REAL,FSI_FOREST_CANOPY,UNVERIFIED,REAL,False,True,16.58,16.58,0.0,346.48,346.48,0.0,25747.705198216954,164415.8,925001.1,4200.0,42721.1,63187.6,0,0.2,12.0,1.0,6.722,0.2
84d96fde-fc23-4395-89f9-90bbbee082b0,46ac2fc5-03aa-4050-abf5-78ec3f7ad6c8,EVT-REAL-2022-00725,24.21621,82.61324,Madhya Pradesh,Singrauli,,,2022-03-28,TRAIN,Singrauli,EASTERN_COAL_BELT,Other Thermal Source,REAL,BACKGROUND_THERMAL_SOURCE,UNVERIFIED,REAL,False,True,15.91,15.91,0.0,348.75,348.12,0.6299999999999955,3169.7945280177437,143004.0,853622.2,4200.0,19057.2,0.0,1,0.1333,7.0,1.0,3.036,0.65
21b88438-39de-4259-9183-f29a95269a55,22a246f2-6ef2-4754-a394-ff83014d2fec,EVT-REAL-2022-00726,24.45744,82.95995,Uttar Pradesh,Sonbhadra,f87194e3-8053-486f-8a40-50e8c1668b1d,Obra powerhouse,2022-03-28,TRAIN,f87194e3-8053-486f-8a40-50e8c1668b1d,GENERAL_INDIAN_TERRITORY,Industrial Fire,REAL,OSM_FACILITY_GROUND_TRUTH,UNVERIFIED,REAL,False,True,16.54,16.54,0.0,345.49,345.49,0.0,2058.7317288678955,184391.4,857759.7,4200.0,28506.7,35841.9,0,0.0333,2.0,1.0,3.6,0.95
256b9936-2d9f-476a-8edf-30c669f7d414,90a92437-87a4-4c7d-832f-628763d946d2,EVT-REAL-2022-00727,23.70812,83.06571,Chhattisgarh,Korba,,,2022-03-28,TRAIN,Korba,EASTERN_COAL_BELT,Forest Fire,REAL,FSI_FOREST_CANOPY,UNVERIFIED,REAL,False,True,17.91,17.91,0.0,350.0,349.53,0.4700000000000273,15115.830926581119,185161.0,926305.7,4200.0,26792.9,57620.1,0,0.1,51.0,1.0,5.134,0.2
2b81e550-0bba-49b4-bb45-0549a5c35c88,e0a57943-8c91-4901-ba1c-808353bee79f,EVT-REAL-2022-00728,23.71119,83.06306,Chhattisgarh,Korba,,,2022-03-28,TRAIN,Korba,EASTERN_COAL_BELT,Forest Fire,REAL,FSI_FOREST_CANOPY,UNVERIFIED,REAL,False,True,17.91,17.91,0.0,354.18,354.18,0.0,15241.505653701242,184886.5,925871.7,4200.0,26453.1,57185.9,0,0.0667,54.0,1.0,5.349,0.2
6feb45c4-e01e-4cd6-9894-bd80e085e593,c9bfd59e-366b-4079-91dd-cf906393c059,EVT-REAL-2022-00729,23.72676,83.08263,Chhattisgarh,Korba,,,2022-03-28,TRAIN,Korba,EASTERN_COAL_BELT,Other Thermal Source,REAL,BACKGROUND_THERMAL_SOURCE,UNVERIFIED,REAL,False,True,23.83,20.89,2.9342801502242417,344.04,343.28,0.7600000000000477,12797.80538306027,186859.8,925877.0,4200.0,24726.9,57096.8,0,0.1333,65.0,1.0,5.914,0.2
6e687d8e-2f46-484b-ae84-5b13883214f4,c68208a3-8d93-4c5c-96d1-a74185ce25c7,EVT-REAL-2022-00730,23.74572,82.86181,Chhattisgarh,Korba,,,2022-03-28,TRAIN,Korba,EASTERN_COAL_BELT,Forest Fire,REAL,FSI_FOREST_CANOPY,UNVERIFIED,REAL,False,True,23.32,20.34,2.1071307505705477,355.27,352.79,2.4799999999999613,31280.66790718863,164321.7,909635.7,4200.0,22630.5,43896.2,0,0.2,29.0,1.0,5.105,0.2
d78c1df8-110f-4f1a-a891-3bb9eba26e80,9394e39d-98ed-4073-b677-7da059a6d5e1,EVT-REAL-2022-00731,23.75557,82.17336,Madhya Pradesh,Singrauli,,,2022-03-28,TRAIN,Singrauli,EASTERN_COAL_BELT,Forest Fire,REAL,FSI_FOREST_CANOPY,UNVERIFIED,REAL,False,True,23.02,20.83,2.1908902300206643,354.19,349.6,4.589999999999975,36075.585421426236,94129.5,865035.7,4200.0,67368.4,57817.2,0,0.1667,52.0,1.0,5.288,0.2
42899631-62c9-4dbd-bfe7-74f15c7d3040,ec4942bb-c09a-4f6b-84f7-67cc50c299e5,EVT-REAL-2022-00732,23.75503,82.16982,Madhya Pradesh,Singrauli,,,2022-03-28,TRAIN,Singrauli,EASTERN_COAL_BELT,Forest Fire,REAL,FSI_FOREST_CANOPY,UNVERIFIED,REAL,False,True,18.64,18.64,0.0,347.46,347.46,0.0,36354.04831886845,93769.0,864866.7,4200.0,67729.4,58117.4,0,0.1667,46.0,1.0,5.062,0.2
17cedd35-9258-4272-932c-3e33a8e81d2e,6b4d152d-101c-42f6-93c9-bf7b3e4ad3b5,EVT-REAL-2022-00733,23.98083,83.37284,Chhattisgarh,Korba,,,2022-03-28,TRAIN,Korba,EASTERN_COAL_BELT,Forest Fire,REAL,FSI_FOREST_CANOPY,UNVERIFIED,REAL,False,True,16.6,16.6,0.0,345.92,345.92,0.0,30042.227044648484,216285.4,924902.1,4200.0,27766.0,68167.3,0,0.0333,1.0,1.0,5.27,0.2
1d192e68-5daa-48b4-943e-a6b009878ea3,3ad9fa40-3234-4da1-9a0f-73ee8b4dc723,EVT-REAL-2022-00734,23.96428,83.15704,Chhattisgarh,Korba,,,2022-03-28,TRAIN,Korba,EASTERN_COAL_BELT,Forest Fire,REAL,FSI_FOREST_CANOPY,UNVERIFIED,REAL,False,True,15.59,15.59,0.0,347.65,342.85,4.7999999999999545,23227.210756181445,194275.3,911287.3,4200.0,5805.5,47683.6,0,0.1,5.0,1.0,1.796,0.2
1f206de0-7f8d-455c-bb5a-91c33828d4f6,21e54c00-434a-43e2-a7ce-6b4f8a0a9645,EVT-REAL-2022-00735,24.18187,83.03795,Uttar Pradesh,Sonbhadra,,,2022-03-28,TRAIN,Sonbhadra,GENERAL_INDIAN_TERRITORY,Uncertain,UNKNOWN,LOW_CONFIDENCE_HOTSPOT,UNVERIFIED,REAL,False,True,17.1,17.1,0.0,353.07,353.07,0.0,3021.754747786576,184528.1,885361.0,4200.0,0.0,32306.3,7,0.0333,2.0,1.0,3.423,0.65
ce29126b-131a-4b18-86ab-fc5a8bfa5a3c,45270cc1-4194-40a1-8ec3-96621bc56e53,EVT-REAL-2022-00736,24.20431,82.87773,Uttar Pradesh,Sonbhadra,,,2022-03-28,TRAIN,Sonbhadra,GENERAL_INDIAN_TERRITORY,Other Thermal Source,REAL,BACKGROUND_THERMAL_SOURCE,UNVERIFIED,REAL,False,True,58.52,58.52,0.0,367.0,358.11,8.889999999999986,7160.616198710459,168952.5,872504.3,4200.0,471.1,16023.9,0,0.0,0.0,1.0,1.0,0.65
199bb3be-2bc0-4ac2-9825-8dc104c8bb85,2e2c1c07-719f-404d-be21-8183ef164ce4,EVT-REAL-2022-00737,15.1602,76.6542,Karnataka,Ballari,5e80cec1-790f-4e5f-8094-dd4ecbf13fd9,Industrial Manufacturing (cooling) (Way #666448100),2022-03-28,TRAIN,5e80cec1-790f-4e5f-8094-dd4ecbf13fd9,GENERAL_INDIAN_TERRITORY,Gas Flare,WEAKLY_LABELED,FACILITY_THERMAL_BASE,UNVERIFIED,REAL,False,True,30.5,30.5,0.0,323.4,323.4,0.0,1206.7712902984333,1020595.7,1632380.9,4200.0,1166859.7,1003275.4,0,1.0,798.0,1.0,11.096,0.95
17a745b6-32e6-475b-b130-d736eccd639c,c934bc5d-63ca-4cd2-b2fd-bf8b0d00916e,EVT-REAL-2022-00738,23.2368,87.2433,Jharkhand,Dhanbad,,,2022-03-28,TRAIN,Dhanbad,EASTERN_COAL_BELT,Uncertain,UNKNOWN,LOW_CONFIDENCE_HOTSPOT,UNVERIFIED,REAL,False,True,42.7,42.7,0.0,339.8,339.8,0.0,16102.937702570036,144884.6,1274711.9,4200.0,430196.8,471619.4,0,0.2,18.0,1.0,7.31,0.2
be316241-12ef-4ec1-9cf0-4f4ce552a71a,3c744673-9db6-44a9-8289-3d3358b79c20,EVT-REAL-2022-00739,23.2553,87.3089,Jharkhand,Dhanbad,,,2022-03-28,TRAIN,Dhanbad,EASTERN_COAL_BELT,Uncertain,UNKNOWN,LOW_CONFIDENCE_HOTSPOT,UNVERIFIED,REAL,False,True,33.1,33.1,0.0,335.5,335.5,0.0,16865.234131639438,149671.4,1278790.8,4200.0,436384.3,477719.4,0,0.3333,28.0,1.0,8.44,0.2
172150fb-1d90-47f6-bfbf-05ca391ce980,0e27f03d-c933-43f2-b6cc-231d1c2652ce,EVT-REAL-2022-00740,23.2755,87.3887,Jharkhand,Dhanbad,,,2022-03-28,TRAIN,Dhanbad,EASTERN_COAL_BELT,Uncertain,UNKNOWN,LOW_CONFIDENCE_HOTSPOT,UNVERIFIED,REAL,False,True,37.9,37.9,0.0,337.2,337.2,0.0,13820.343094060609,155502.5,1283936.0,4200.0,443988.0,485223.2,0,0.2,7.0,1.0,8.619,0.2
2805a70f-c84c-4b2a-a058-007b5e456338,023d0e73-55a2-419a-9ee8-5cfcc0ab754c,EVT-REAL-2022-00741,23.0798,85.0463,Jharkhand,Dhanbad,,,2022-03-28,TRAIN,Dhanbad,EASTERN_COAL_BELT,Uncertain,UNKNOWN,LOW_CONFIDENCE_HOTSPOT,UNVERIFIED,REAL,False,True,40.0,40.0,0.0,345.3,345.3,0.0,25187.7130399857,157316.4,1115934.9,4200.0,220902.4,253784.8,0,0.0667,4.0,1.0,5.171,0.2
93bfa949-4a5e-4a0c-819a-a404ba124ba1,e3b97cef-4f54-4454-8e90-c7aa8bf29cf4,EVT-REAL-2022-00742,20.6611,84.0516,Chhattisgarh,Korba,,,2022-03-28,TRAIN,Korba,EASTERN_COAL_BELT,Forest Fire,REAL,FSI_FOREST_CANOPY,UNVERIFIED,REAL,False,True,25.9,25.9,0.0,339.7,339.7,0.0,21604.271963329487,228101.3,1256538.6,4200.0,377158.3,230504.4,0,0.0667,14.0,1.0,9.784,0.2
2163abf0-5335-488d-8c99-ed199dc94ed3,a7a86dd5-8b3e-46db-a6e8-0fda0526f7f6,EVT-REAL-2022-00743,20.7466,84.2028,Chhattisgarh,Korba,,,2022-03-28,TRAIN,Korba,EASTERN_COAL_BELT,Uncertain,UNKNOWN,LOW_CONFIDENCE_HOTSPOT,UNVERIFIED,REAL,False,True,40.6,40.6,0.0,348.3,348.3,0.0,9238.190497236305,210007.2,1257629.7,4200.0,372467.5,233391.8,0,0.0,0.0,1.0,1.0,0.2
5b190981-f32f-4afe-bc55-6e321a1f3425,9c95ddbd-3281-46e0-bb07-f793a3d49bc7,EVT-REAL-2022-00744,20.9871,84.869,Odisha,Angul,,,2022-03-28,TRAIN,Angul,EASTERN_COAL_BELT,Uncertain,UNKNOWN,LOW_CONFIDENCE_HOTSPOT,UNVERIFIED,REAL,False,True,43.5,43.5,0.0,348.1,348.1,0.0,14303.971240323826,135750.5,1277188.0,4200.0,375215.9,269215.4,0,0.0333,1.0,1.0,16.667,0.2
ad2bf2dd-f172-4eae-b16c-74e3648f6be1,c8ec8855-e710-4526-a20f-27ed9daa8876,EVT-REAL-2022-00745,21.0537,85.2211,Odisha,Angul,,,2022-03-28,TRAIN,Angul,EASTERN_COAL_BELT,Uncertain,UNKNOWN,LOW_CONFIDENCE_HOTSPOT,UNVERIFIED,REAL,False,True,32.9,32.9,0.0,342.8,342.8,0.0,9597.81933262792,98969.5,1294159.0,4200.0,387922.4,296987.3,0,0.1667,7.0,1.0,7.224,0.2
5ee0a209-5a68-4a15-b35f-f2c548818b62,ef4c3334-fc32-4375-b139-8e72df61e42c,EVT-REAL-2022-00746,21.5058,86.3422,Odisha,Angul,,,2022-03-28,TRAIN,Angul,EASTERN_COAL_BELT,Forest Fire,REAL,FSI_FOREST_CANOPY,UNVERIFIED,REAL,False,True,33.1,33.1,0.0,337.5,337.5,0.0,40211.22539918799,0.0,1333745.3,4200.0,429141.8,388494.3,5,0.0333,1.0,1.0,10.153,0.2
37dff04c-aa0f-44e1-823f-ec77a90456a7,0e801cab-64a5-403a-b98f-6f73f00839b7,EVT-REAL-2022-00747,22.1215,86.4394,Odisha,Angul,,,2022-03-28,TRAIN,Angul,EASTERN_COAL_BELT,Forest Fire,REAL,FSI_FOREST_CANOPY,UNVERIFIED,REAL,False,True,25.3,25.3,0.0,334.8,334.8,0.0,29731.99225431158,7893.3,1292663.0,4200.0,397662.7,388121.0,0,0.1,7.0,1.0,5.789,0.2
c44ce11a-1181-4ba6-8214-cdaf24f088ce,e4427343-6a2e-4393-b7ec-55dbcd1870f0,EVT-REAL-2022-00748,22.3188,86.9656,Odisha,Angul,,,2022-03-28,TRAIN,Angul,EASTERN_COAL_BELT,Uncertain,UNKNOWN,LOW_CONFIDENCE_HOTSPOT,UNVERIFIED,REAL,False,True,28.8,28.8,0.0,335.0,335.0,0.0,9695.342663446689,44105.2,1317672.1,4200.0,435154.3,441484.8,0,0.3333,25.0,1.0,3.59,0.2
7db98f44-2798-4520-a3c0-278ede6a8be6,12666a77-9d0b-47eb-8683-f391abd546a9,EVT-REAL-2022-00749,22.0118,84.0364,Chhattisgarh,Korba,,,2022-03-28,TRAIN,Korba,EASTERN_COAL_BELT,Uncertain,UNKNOWN,LOW_CONFIDENCE_HOTSPOT,UNVERIFIED,REAL,False,True,28.6,28.6,0.0,340.5,340.5,0.0,11763.611948989932,213067.7,1134664.9,4200.0,235137.2,143504.0,0,0.1333,19.0,1.0,4.841,0.2
5a76348a-d208-46e2-a89e-70f92b14c81e,28856eb9-476f-495c-9655-77964509fbc1,EVT-REAL-2022-00750,22.3836,86.62525,Odisha,Angul,,,2022-03-28,TRAIN,Angul,EASTERN_COAL_BELT,Other Thermal Source,REAL,BACKGROUND_THERMAL_SOURCE,UNVERIFIED,REAL,False,True,53.8,42.05,11.749893616539683,347.0,342.5,4.5,13201.466984749502,36936.2,1286829.1,4200.0,400468.2,406245.7,0,0.0,0.0,1.0,1.279,0.2
8e9f8f7a-83e6-4b43-9e63-17912f56f7be,670777ff-86ed-44f9-8e2c-9729b1410f9e,EVT-REAL-2022-00751,22.38485,86.63445,Odisha,Angul,,,2022-03-28,TRAIN,Angul,EASTERN_COAL_BELT,Other Thermal Source,REAL,BACKGROUND_THERMAL_SOURCE,UNVERIFIED,REAL,False,True,53.1,43.15,9.9498743710662,347.0,342.6,4.399999999999977,12723.959851222433,37076.2,1287436.0,4200.0,401256.1,407189.7,0,0.0,0.0,1.0,1.231,0.2
44317d5f-ae8b-4506-9a16-a4640369e07d,d1f54115-1d70-432f-8501-48471901f054,EVT-REAL-2022-00752,23.5528,83.411,Chhattisgarh,Korba,,,2022-03-28,TRAIN,Korba,EASTERN_COAL_BELT,Forest Fire,REAL,FSI_FOREST_CANOPY,UNVERIFIED,REAL,False,True,28.8,28.8,0.0,340.3,340.3,0.0,25556.361312298035,220630.4,962472.1,4200.0,54226.3,94352.5,0,0.0333,1.0,1.0,6.4,0.2
7d8d5f8e-cf80-41bb-bab7-84f77551e6c9,fd33a1dd-617b-47a8-a618-de44087d8a02,EVT-REAL-2022-00753,23.6157,82.9585,Chhattisgarh,Korba,,,2022-03-28,TRAIN,Korba,EASTERN_COAL_BELT,Forest Fire,REAL,FSI_FOREST_CANOPY,UNVERIFIED,REAL,False,True,28.5,28.5,0.0,341.8,341.8,0.0,27139.026257123845,174351.1,927004.5,4200.0,37033.5,60908.4,0,0.0667,37.0,1.0,8.873,0.2
fca3480a-5c08-42ec-b625-2d93049f8ddf,eb9ba650-83d5-49ba-be70-3cd0021f916c,EVT-REAL-2022-00754,23.6143,82.9488,Chhattisgarh,Korba,,,2022-03-28,TRAIN,Korba,EASTERN_COAL_BELT,Forest Fire,REAL,FSI_FOREST_CANOPY,UNVERIFIED,REAL,False,True,24.3,24.3,0.0,338.7,338.7,0.0,27184.502822376246,173363.1,926487.5,4200.0,37188.5,60664.3,0,0.0667,30.0,1.0,9.732,0.2
00f91ec3-35c4-4d26-88db-d655bf5bfff5,eddfb0ed-4299-4fa5-bb27-f890d6f863e3,EVT-REAL-2025-00755,14.86259,77.76069,Andhra Pradesh,East Godavari,,,2025-01-01,VALIDATION,East Godavari,GENERAL_INDIAN_TERRITORY,Uncertain,UNKNOWN,LOW_CONFIDENCE_HOTSPOT,UNVERIFIED,REAL,False,True,9.68,7.52,1.4832396974191326,354.28,341.38,12.899999999999977,9254.943493040106,1008016.8,1668153.7,4200.0,1136353.0,964152.6,0,0.7,8.86,1.0,1.579,0.2
98e95019-32db-4b13-bf12-a86237f34b76,bcba71a0-ec25-4e29-9a41-474f842ca6d8,EVT-REAL-2025-00756,14.08515,77.34384,Andhra Pradesh,East Godavari,,,2025-01-01,VALIDATION,East Godavari,GENERAL_INDIAN_TERRITORY,Uncertain,UNKNOWN,LOW_CONFIDENCE_HOTSPOT,UNVERIFIED,REAL,False,True,3.77,3.77,0.0,333.48,333.48,0.0,6833.984889595102,1103817.9,1752153.4,4200.0,1233397.1,1061080.0,0,0.4,4.0,1.0,0.809,0.65
b45b7a19-4200-406a-b8ec-b6cfe1c680d6,2f415d8a-5b5c-4a30-a84e-5e351b2254f5,EVT-REAL-2025-00757,15.05644,78.17001,Andhra Pradesh,East Godavari,,,2025-01-01,VALIDATION,East Godavari,GENERAL_INDIAN_TERRITORY,Uncertain,UNKNOWN,LOW_CONFIDENCE_HOTSPOT,UNVERIFIED,REAL,False,True,4.57,4.57,0.0,344.3,344.3,0.0,9111.216056150837,974606.0,1649778.0,4200.0,1097642.2,923610.4,0,0.2667,4.29,1.0,0.813,0.2
4888bf0c-ebb4-48e8-b01a-e6c3bd095176,37e74e1a-40c3-44ed-9d79-1befbcfac756,EVT-REAL-2025-00758,15.37877,77.00337,Andhra Pradesh,East Godavari,,,2025-01-01,VALIDATION,East Godavari,GENERAL_INDIAN_TERRITORY,Uncertain,UNKNOWN,LOW_CONFIDENCE_HOTSPOT,UNVERIFIED,REAL,False,True,3.85,3.85,0.0,340.21,340.21,0.0,17871.01831852897,983262.7,1608262.3,4200.0,1126428.9,961456.4,0,1.0,16.57,1.0,0.775,0.2
e7bed001-3548-4645-879f-ae80c4b9d03b,eb2b118a-bbf6-4826-a586-733a944f6f8a,EVT-REAL-2025-00759,16.33847,76.36088,Maharashtra,Nagpur,,,2025-01-01,VALIDATION,Nagpur,GENERAL_INDIAN_TERRITORY,Uncertain,UNKNOWN,LOW_CONFIDENCE_HOTSPOT,UNVERIFIED,REAL,False,True,3.58,3.58,0.0,333.77,333.77,0.0,11633.992470123885,918785.3,1502284.0,4200.0,1078098.5,924056.8,0,0.2667,3.43,1.0,0.589,0.2
05b53713-26b0-4955-9734-9bc9c5f139ba,5345ca3f-e960-4f82-a75a-689c6e411627,EVT-REAL-2025-00760,15.49266,76.62776,Karnataka,Ballari,,,2025-01-01,VALIDATION,Ballari,GENERAL_INDIAN_TERRITORY,Uncertain,UNKNOWN,LOW_CONFIDENCE_HOTSPOT,UNVERIFIED,REAL,False,True,10.0,10.0,0.0,342.73,342.73,0.0,9265.541721298165,988489.8,1595622.5,4200.0,1137593.0,975971.4,0,1.0,20.29,1.0,1.728,0.2
6e797e0b-9695-4bc6-b137-f260aecc818d,44eda707-2788-4ad2-a151-4e4288ae930b,EVT-REAL-2025-00761,15.66512,76.8457,Andhra Pradesh,East Godavari,,,2025-01-01,VALIDATION,East Godavari,GENERAL_INDIAN_TERRITORY,Uncertain,UNKNOWN,LOW_CONFIDENCE_HOTSPOT,UNVERIFIED,REAL,False,True,4.29,4.29,0.0,335.69,335.69,0.0,3249.826981136137,961252.2,1576448.7,4200.0,1108784.6,946495.4,0,1.0,15.71,1.0,0.676,0.65
5ce924e2-14c8-4813-a4f4-a09dd217e0aa,b6c16959-00b1-4a78-ac9a-116ffde2aa52,EVT-REAL-2025-00762,15.66454,76.79205,Andhra Pradesh,East Godavari,,,2025-01-01,VALIDATION,East Godavari,GENERAL_INDIAN_TERRITORY,Uncertain,UNKNOWN,LOW_CONFIDENCE_HOTSPOT,UNVERIFIED,REAL,False,True,3.54,3.54,0.0,332.55,332.55,0.0,8524.906064012639,963747.7,1576506.2,4200.0,1112002.2,950116.2,0,0.7333,9.14,1.0,0.813,0.2
f9ab2739-e1c2-4ce1-86ec-7701531cb4aa,2fa7eee6-9f7a-4b66-b140-9079473d99bb,EVT-REAL-2025-00763,15.63423,76.60329,Maharashtra,Nagpur,,,2025-01-01,VALIDATION,Nagpur,GENERAL_INDIAN_TERRITORY,Uncertain,UNKNOWN,LOW_CONFIDENCE_HOTSPOT,UNVERIFIED,REAL,False,True,3.0,3.0,0.0,331.49,331.49,0.0,6658.918560230775,975542.3,1579984.1,4200.0,1126058.8,965430.7,0,1.0,22.57,1.0,0.629,0.65
e3a44963-89af-4944-84cf-357bae7ad826,fe88e1f3-6a71-4f0d-acf9-f7f4375a7d91,EVT-REAL-2025-00764,15.81824,76.73058,Andhra Pradesh,East Godavari,,,2025-01-01,VALIDATION,East Godavari,GENERAL_INDIAN_TERRITORY,Uncertain,UNKNOWN,LOW_CONFIDENCE_HOTSPOT,UNVERIFIED,REAL,False,True,3.17,3.17,0.0,332.09,332.09,0.0,4526.276340831018,951256.5,1559514.3,4200.0,1101549.6,941034.7,0,0.8333,11.43,1.0,0.7,0.65
5658dd5e-73f9-4ea0-8968-2ab317a30788,25c0446b-8c3c-4aa3-8d19-ad198674dd46,EVT-REAL-2025-00765,15.9871,76.90103,Andhra Pradesh,East Godavari,,,2025-01-01,VALIDATION,East Godavari,GENERAL_INDIAN_TERRITORY,Uncertain,UNKNOWN,LOW_CONFIDENCE_HOTSPOT,UNVERIFIED,REAL,False,True,4.38,4.38,0.0,337.25,335.05,2.1999999999999886,3312.3885708522325,926494.6,1540847.1,4200.0,1075840.3,915010.5,0,1.0,20.29,1.0,0.83,0.65
5234cc70-aff3-4df0-a11e-109f2160224d,7f0f3ffc-c628-4be0-8973-26f47a4e63ff,EVT-REAL-2025-00766,16.46374,77.91034,Andhra Pradesh,East Godavari,8108a96f-70e1-4e80-a740-662992181dd2,Solar Photovoltaic / Solar Thermal Power Generation (Way #748664615),2025-01-01,VALIDATION,8108a96f-70e1-4e80-a740-662992181dd2,GENERAL_INDIAN_TERRITORY,Gas Flare,WEAKLY_LABELED,FACILITY_THERMAL_BASE,UNVERIFIED,REAL,False,True,5.38,5.38,0.0,340.79,340.79,0.0,334.2017586934993,835502.4,1492372.3,4200.0,973390.9,807212.2,0,0.9,13.71,1.0,0.924,0.95
94d1f546-a1a0-4a9c-b8e1-b79b011f8803,8b58f8be-cfc9-4702-bbc1-dca811b90893,EVT-REAL-2025-00767,16.19017,78.29372,Andhra Pradesh,East Godavari,,,2025-01-01,VALIDATION,East Godavari,GENERAL_INDIAN_TERRITORY,Uncertain,UNKNOWN,LOW_CONFIDENCE_HOTSPOT,UNVERIFIED,REAL,False,True,3.99,3.99,0.0,337.23,337.23,0.0,10490.11223968795,850667.2,1525982.4,4200.0,979633.5,809072.1,0,0.3,2.57,1.0,0.853,0.2
ef2194a4-703b-418e-9640-db774b65c96a,f8d49e0e-d300-48e4-ad84-c177507a2663,EVT-REAL-2025-00768,16.24835,77.86587,Andhra Pradesh,East Godavari,,,2025-01-01,VALIDATION,East Godavari,GENERAL_INDIAN_TERRITORY,Uncertain,UNKNOWN,LOW_CONFIDENCE_HOTSPOT,UNVERIFIED,REAL,False,True,4.17,4.17,0.0,341.68,341.68,0.0,6836.4587279939515,859485.5,1515813.4,4200.0,996325.2,829331.8,0,0.5333,5.43,1.0,1.388,0.65
7b8daea2-bab4-4be8-90f0-d467f8e61deb,11a7e1be-ea4e-461e-bbbb-b79169c639e2,EVT-REAL-2025-00769,16.25576,77.78059,Andhra Pradesh,East Godavari,c1582de9-558a-4602-9380-6ba9296918a2,Solar Photovoltaic / Solar Thermal Power Generation (Way #985546646),2025-01-01,VALIDATION,c1582de9-558a-4602-9380-6ba9296918a2,GENERAL_INDIAN_TERRITORY,Gas Flare,WEAKLY_LABELED,FACILITY_THERMAL_BASE,UNVERIFIED,REAL,False,True,3.26,3.26,0.0,338.35,338.35,0.0,1233.2763511890648,861947.5,1514394.9,4200.0,1000258.7,833979.9,0,0.4333,6.29,1.0,0.525,0.95
f349b147-bfed-46c0-bf27-d8d2d3a8c485,cade0372-5709-4c6d-80a7-a5dcbc6bc73a,EVT-REAL-2025-00770,16.42993,78.44672,Andhra Pradesh,East Godavari,,,2025-01-01,VALIDATION,East Godavari,GENERAL_INDIAN_TERRITORY,Uncertain,UNKNOWN,LOW_CONFIDENCE_HOTSPOT,UNVERIFIED,REAL,False,True,20.38,20.38,0.0,346.12,346.12,0.0,7810.466246370903,820469.8,1501240.2,4200.0,948531.7,777911.2,0,0.6333,6.57,1.0,3.382,0.65
f01e0fd2-c6cb-487c-9f1f-805acd8c50f0,c4aad6ba-9082-4a0a-8ec1-40596c2300f8,EVT-REAL-2025-00771,16.11523,76.31529,Maharashtra,Nagpur,,,2025-01-01,VALIDATION,Nagpur,GENERAL_INDIAN_TERRITORY,Uncertain,UNKNOWN,LOW_CONFIDENCE_HOTSPOT,UNVERIFIED,REAL,False,True,3.56,3.56,0.0,343.82,343.82,0.0,13441.01196868727,942700.2,1527023.7,4200.0,1100710.5,945436.5,0,0.3,3.71,1.0,0.378,0.2
00558fd3-636a-485f-8556-2f0b63fcfc2d,11414e28-1064-45e9-b4f3-a2bec3805d79,EVT-REAL-2025-00772,15.17688,76.65582,Karnataka,Ballari,4eecf3da-549e-44d1-a698-4dce85b04ff7,Industrial Manufacturing (cooling) (Way #666448113),2025-01-01,VALIDATION,4eecf3da-549e-44d1-a698-4dce85b04ff7,GENERAL_INDIAN_TERRITORY,Gas Flare,WEAKLY_LABELED,FACILITY_THERMAL_BASE,UNVERIFIED,REAL,False,True,7.12,4.04,1.3,333.94,316.76,17.180000000000007,241.87482319356397,1018845.3,1630533.8,4200.0,1165210.7,1001699.7,0,1.0,2823.14,0.2857,2.594,0.95
03cac2d0-013f-469e-a647-e0d2610daf97,67cf2c37-6283-4258-9d22-9d62f92bc058,EVT-REAL-2025-00773,15.3869,76.70135,Andhra Pradesh,East Godavari,,,2025-01-01,VALIDATION,East Godavari,GENERAL_INDIAN_TERRITORY,Uncertain,UNKNOWN,LOW_CONFIDENCE_HOTSPOT,UNVERIFIED,REAL,False,True,4.03,4.03,0.0,335.14,335.14,0.0,7281.592861247934,995697.5,1607259.7,4200.0,1143029.1,980286.7,0,1.0,14.86,1.0,0.684,0.65
3a64a8ae-6fb5-42a5-9bab-dd9d5d1360bb,a79ed5a7-0377-4f76-a966-2fa733f07a73,EVT-REAL-2025-00774,15.54686,76.72293,Andhra Pradesh,East Godavari,,,2025-01-01,VALIDATION,East Godavari,GENERAL_INDIAN_TERRITORY,Uncertain,UNKNOWN,LOW_CONFIDENCE_HOTSPOT,UNVERIFIED,REAL,False,True,4.01,4.01,0.0,333.39,333.39,0.0,3647.385927955494,978687.2,1589547.4,4200.0,1126953.0,964924.8,0,1.0,15.14,1.0,1.014,0.65
d6c81c35-be1c-42d1-b576-84ee95340b30,339bd6d3-0740-4460-88e0-18a377c6ec5c,EVT-REAL-2025-00775,15.57075,76.76716,Andhra Pradesh,East Godavari,fe4a0842-5823-47a9-879d-9494072e99e7,Designated Industrial Park / Estate (Way #426645801),2025-01-01,VALIDATION,fe4a0842-5823-47a9-879d-9494072e99e7,GENERAL_INDIAN_TERRITORY,Uncertain,UNKNOWN,LOW_CONFIDENCE_HOTSPOT,UNVERIFIED,REAL,False,True,22.08,22.08,0.0,340.14,340.14,0.0,1661.25862634115,974276.3,1586887.9,4200.0,1122136.1,959910.2,0,1.0,22.0,1.0,3.033,0.95
679aff28-20d6-4255-89df-5a7b1c53ab44,3a5485cc-18db-47df-9758-8d4492d521fd,EVT-REAL-2025-00776,15.54711,76.61505,Karnataka,Ballari,,,2025-01-01,VALIDATION,Ballari,GENERAL_INDIAN_TERRITORY,Uncertain,UNKNOWN,LOW_CONFIDENCE_HOTSPOT,UNVERIFIED,REAL,False,True,3.45,3.45,0.0,339.43,339.43,0.0,9268.216429032094,983654.3,1589611.3,4200.0,1133341.9,972122.4,0,0.9667,12.57,1.0,0.752,0.2
4fd1c6ac-1a6f-490b-8693-84adbf90f8ab,2aeff6ca-8e81-4429-981f-f6be0f01b9da,EVT-REAL-2025-00777,15.72083,77.67522,Andhra Pradesh,East Godavari,,,2025-01-01,VALIDATION,East Godavari,GENERAL_INDIAN_TERRITORY,Uncertain,UNKNOWN,LOW_CONFIDENCE_HOTSPOT,UNVERIFIED,REAL,False,True,6.34,6.34,0.0,340.17,340.17,0.0,21213.586288984683,921312.6,1572825.9,4200.0,1057079.5,888909.0,0,0.7667,8.86,1.0,1.019,0.2
39646af4-0eb8-492a-8de1-97cf54c3a6a1,34f863d5-d37e-4998-8cb2-a518c7a57ed9,EVT-REAL-2025-00778,15.58826,76.59787,Karnataka,Ballari,,,2025-01-01,VALIDATION,Ballari,GENERAL_INDIAN_TERRITORY,Uncertain,UNKNOWN,LOW_CONFIDENCE_HOTSPOT,UNVERIFIED,REAL,False,True,5.99,5.71,0.282842712474619,334.5,333.32,1.1800000000000068,7631.247908641942,980366.1,1585076.3,4200.0,1130595.5,969741.2,0,1.0,21.71,1.0,1.109,0.65
faada9ff-0921-4576-b988-71e22bfbc9f0,fff64f8e-b31f-4cb3-ae10-679380088be5,EVT-REAL-2025-00779,15.7239,76.89947,Andhra Pradesh,East Godavari,,,2025-01-01,VALIDATION,East Godavari,GENERAL_INDIAN_TERRITORY,Uncertain,UNKNOWN,LOW_CONFIDENCE_HOTSPOT,UNVERIFIED,REAL,False,True,6.26,6.26,0.0,339.21,339.21,0.0,3534.6374046754695,952927.4,1569970.4,4200.0,1100185.2,937819.2,0,1.0,21.43,1.0,1.381,0.65
6f55a48f-3e5b-4634-bec0-e0d4dcee6f98,5d4c79f7-4b3b-4008-be1f-6dd5e3a6f550,EVT-REAL-2025-00780,16.04916,77.82923,Andhra Pradesh,East Godavari,,,2025-01-01,VALIDATION,East Godavari,GENERAL_INDIAN_TERRITORY,Uncertain,UNKNOWN,LOW_CONFIDENCE_HOTSPOT,UNVERIFIED,REAL,False,True,3.2,3.2,0.0,334.24,334.24,0.0,9128.370930247427,881516.6,1537544.2,4200.0,1017354.6,849623.9,0,0.0,0.0,1.0,0.32,0.2
78081143-bc23-45f6-9766-f56d2be07715,a1f02716-da50-4d0e-8b4d-a3e97198cb9e,EVT-REAL-2025-00781,16.18686,78.29425,Andhra Pradesh,East Godavari,,,2025-01-01,VALIDATION,East Godavari,GENERAL_INDIAN_TERRITORY,Uncertain,UNKNOWN,LOW_CONFIDENCE_HOTSPOT,UNVERIFIED,REAL,False,True,3.63,3.63,0.0,346.83,346.83,0.0,10125.696195661843,850999.3,1526352.5,4200.0,979930.3,809350.0,0,0.2667,2.29,1.0,0.722,0.2
28d41295-c1c1-4094-a309-16e88bfbbda5,02272845-13c5-4e23-a332-fd5bd36bb84d,EVT-REAL-2025-00782,14.04815,76.74487,Andhra Pradesh,East Godavari,,,2025-01-01,VALIDATION,East Godavari,GENERAL_INDIAN_TERRITORY,Uncertain,UNKNOWN,LOW_CONFIDENCE_HOTSPOT,UNVERIFIED,REAL,False,True,6.13,6.13,0.0,349.3,349.3,0.0,4028.9869383739174,1129975.7,1755364.4,4200.0,1267462.1,1098479.0,0,0.4333,4.86,1.0,0.71,0.65
40eb5fd7-3ce7-4512-8150-cfc6d2785a95,09e001fa-863a-4b10-ae22-7679c4fd5860,EVT-REAL-2025-00783,14.33093,77.60539,Andhra Pradesh,East Godavari,,,2025-01-01,VALIDATION,East Godavari,GENERAL_INDIAN_TERRITORY,Uncertain,UNKNOWN,LOW_CONFIDENCE_HOTSPOT,UNVERIFIED,REAL,False,True,3.62,3.62,0.0,336.97,336.97,0.0,14719.939014989226,1069136.9,1726051.3,4200.0,1196434.6,1023409.7,0,0.4,3.71,1.0,0.593,0.2
d8982b24-df72-456f-8d11-e3f17c936a11,9b3e5405-65b6-4be7-8ecd-549f0b28d768,EVT-REAL-2025-00784,14.38133,77.869,Andhra Pradesh,East Godavari,,,2025-01-01,VALIDATION,East Godavari,GENERAL_INDIAN_TERRITORY,Uncertain,UNKNOWN,LOW_CONFIDENCE_HOTSPOT,UNVERIFIED,REAL,False,True,4.41,4.41,0.0,341.13,341.13,0.0,16911.369639875513,1055401.3,1721994.2,4200.0,1179022.7,1004679.2,0,0.7333,10.29,1.0,0.645,0.2
6acfa6df-3c7a-48cd-9454-38e52126793b,92dd2d55-3cd1-44b9-a4e3-5940bd9d85bd,EVT-REAL-2025-00785,14.72547,76.04903,Karnataka,Ballari,,,2025-01-01,VALIDATION,Ballari,GENERAL_INDIAN_TERRITORY,Uncertain,UNKNOWN,LOW_CONFIDENCE_HOTSPOT,UNVERIFIED,REAL,False,True,5.58,5.58,0.0,344.14,344.14,0.0,8421.67292346715,1092081.6,1680975.8,4200.0,1242733.5,1081141.9,0,0.3333,4.29,1.0,1.624,0.2
f7e33794-0208-41b4-9d23-c597e46f9e59,5d80ce54-a16e-4043-b8a0-7be63dc7a695,EVT-REAL-2025-00786,16.3189,76.11804,Maharashtra,Nagpur,,,2025-01-01,VALIDATION,Nagpur,GENERAL_INDIAN_TERRITORY,Uncertain,UNKNOWN,LOW_CONFIDENCE_HOTSPOT,UNVERIFIED,REAL,False,True,3.92,3.92,0.0,334.84,334.84,0.0,8403.839307495335,933737.7,1504620.4,4200.0,1095789.9,943627.4,0,0.2667,5.71,1.0,1.56,0.2
163486cd-049f-4b85-a61b-b1c85ffd9005,600a4423-5fb0-4d07-bd56-580b1c89a034,EVT-REAL-2025-00787,16.33465,76.32684,Maharashtra,Nagpur,,,2025-01-01,VALIDATION,Nagpur,GENERAL_INDIAN_TERRITORY,Uncertain,UNKNOWN,LOW_CONFIDENCE_HOTSPOT,UNVERIFIED,REAL,False,True,3.96,3.96,0.0,334.77,334.77,0.0,10971.852475484893,920956.6,1502734.0,4200.0,1080653.8,926868.5,0,0.1,0.86,1.0,0.575,0.2
9be973b7-632a-4a83-ad2f-963aa8b27529,34e06caa-3ff1-44b2-a31f-3fcca6bc37cf,EVT-REAL-2025-00788,16.39326,76.7453,Andhra Pradesh,East Godavari,,,2025-01-01,VALIDATION,East Godavari,GENERAL_INDIAN_TERRITORY,Uncertain,UNKNOWN,LOW_CONFIDENCE_HOTSPOT,UNVERIFIED,REAL,False,True,4.4,4.4,0.0,330.36,330.36,0.0,10144.801107242227,893760.0,1495877.0,4200.0,1048621.3,891744.5,0,0.9,9.14,1.0,0.857,0.2
a061435c-4ab4-4638-b6dd-885f19972232,76ba856c-ad32-446e-86de-a33bd62e67cc,EVT-REAL-2025-00789,16.39717,76.77053,Andhra Pradesh,East Godavari,,,2025-01-01,VALIDATION,East Godavari,GENERAL_INDIAN_TERRITORY,Uncertain,UNKNOWN,LOW_CONFIDENCE_HOTSPOT,UNVERIFIED,REAL,False,True,4.59,4.59,0.0,338.83,338.83,0.0,10855.334003271877,892127.5,1495436.9,4200.0,1046685.1,889623.0,0,1.0,13.14,1.0,0.883,0.2
40fea4e6-b6e1-4130-96bb-8c3102690603,4ece608b-4298-45e1-aea7-fad3a7508a01,EVT-REAL-2025-00790,16.38995,76.74586,Andhra Pradesh,East Godavari,,,2025-01-01,VALIDATION,East Godavari,GENERAL_INDIAN_TERRITORY,Uncertain,UNKNOWN,LOW_CONFIDENCE_HOTSPOT,UNVERIFIED,REAL,False,True,4.4,4.4,0.0,334.55,334.55,0.0,9775.528717587054,894056.7,1496243.1,4200.0,1048882.0,891977.1,0,0.7333,7.71,1.0,0.738,0.2
a81a93a0-6095-42ec-b7c9-a5db4dba6475,81c71164-4b65-4549-8872-82d4ad6870d3,EVT-REAL-2025-00791,16.51644,77.66018,Andhra Pradesh,East Godavari,,,2025-01-01,VALIDATION,East Godavari,GENERAL_INDIAN_TERRITORY,Uncertain,UNKNOWN,LOW_CONFIDENCE_HOTSPOT,UNVERIFIED,REAL,False,True,3.44,3.44,0.0,336.41,336.41,0.0,9705.494387786412,839923.3,1484829.7,4200.0,982401.3,818607.9,0,0.3,2.57,1.0,0.613,0.2
eafd7540-6ee5-4eb7-a3cd-ad69ab3704e1,d9d7be4a-8a1b-4be3-9598-c144063b5586,EVT-REAL-2025-00792,16.45972,77.53049,Andhra Pradesh,East Godavari,,,2025-01-01,VALIDATION,East Godavari,GENERAL_INDIAN_TERRITORY,Uncertain,UNKNOWN,LOW_CONFIDENCE_HOTSPOT,UNVERIFIED,REAL,False,True,3.19,3.19,0.0,338.13,338.13,0.0,3375.9314654638097,851081.8,1490376.4,4200.0,995134.4,832080.4,0,0.4333,4.86,1.0,0.481,0.65
3b943bb8-0f2a-4035-a85d-b4e32b6d8b18,d1e0ccb3-aca1-4c75-9e76-e6d64096373c,EVT-REAL-2025-00793,16.38529,77.60124,Andhra Pradesh,East Godavari,,,2025-01-01,VALIDATION,East Godavari,GENERAL_INDIAN_TERRITORY,Uncertain,UNKNOWN,LOW_CONFIDENCE_HOTSPOT,UNVERIFIED,REAL,False,True,3.44,3.44,0.0,331.24,331.24,0.0,12437.140891091954,855740.7,1498980.1,4200.0,998036.8,833944.4,0,0.9667,11.71,1.0,0.645,0.2
e8c373e5-685f-4b28-8e34-07de30505617,9c4459dd-ccb2-40d7-b0b9-c55fb984ec08,EVT-REAL-2025-00794,21.10549,72.64588,Gujarat,Jamnagar,e9c4bee7-eae3-4bd8-a08a-39d2cf310cbd,ArcelorMittal Nippon Steel India,2025-01-01,VALIDATION,e9c4bee7-eae3-4bd8-a08a-39d2cf310cbd,WESTERN_PETROCHEMICAL,Gas Flare,WEAKLY_LABELED,FACILITY_THERMAL_BASE,UNVERIFIED,REAL,False,True,55.27,34.43,8.779521627059188,353.39,338.87,14.519999999999982,534.7561184243538,880873.9,986679.7,4200.0,1090723.0,1030060.4,0,1.0,4718.86,0.5294,9.378,0.95
fc784d33-be97-4f60-ae5b-7de697c8a74f,57e648b8-1e98-4fcc-946c-f42bdca30048,EVT-REAL-2025-00795,26.40718,71.21999,Rajasthan,Barmer,,,2025-01-01,VALIDATION,Barmer,GENERAL_INDIAN_TERRITORY,Uncertain,UNKNOWN,LOW_CONFIDENCE_HOTSPOT,UNVERIFIED,REAL,False,True,9.38,9.38,0.0,344.03,344.03,0.0,9129.76073505828,1004715.2,485235.5,4200.0,1190998.1,1168795.6,0,0.0333,0.29,1.0,22.878,0.2
8d5bc1d7-3efe-4bef-8518-4e7655adf5e7,9015630d-32e7-42f0-a898-4b5fbd692b01,EVT-REAL-2025-00796,27.89702,72.9483,Rajasthan,Barmer,00edbb9e-93b2-4eb3-84e3-4001e732d088,Solar Photovoltaic / Solar Thermal Power Generation (Way #1222107929),2025-01-01,VALIDATION,00edbb9e-93b2-4eb3-84e3-4001e732d088,GENERAL_INDIAN_TERRITORY,Gas Flare,WEAKLY_LABELED,FACILITY_THERMAL_BASE,UNVERIFIED,REAL,False,True,4.25,4.25,0.0,342.54,342.54,0.0,1356.8935774365937,902484.2,253346.9,4200.0,1067130.8,1045917.2,0,0.8333,18.0,1.0,0.965,0.95
b25cf38d-7c74-404f-84bc-9f8b34910477,aa18728c-225e-4885-8fa5-3016b535f047,EVT-REAL-2025-00797,27.92372,72.88926,Rajasthan,Barmer,,,2025-01-01,VALIDATION,Barmer,GENERAL_INDIAN_TERRITORY,Uncertain,UNKNOWN,LOW_CONFIDENCE_HOTSPOT,UNVERIFIED,REAL,False,True,5.06,5.06,0.0,346.91,346.91,0.0,3879.7078125837857,909005.8,253602.9,4200.0,1073609.0,1052400.5,0,0.3667,4.57,1.0,1.545,0.65
f4c9c0af-939a-4faf-be05-39c1c214e7c7,e0401409-ad52-4607-8028-885761ea76ed,EVT-REAL-2025-00798,21.7865,84.1368,Chhattisgarh,Korba,,,2025-01-01,VALIDATION,Korba,EASTERN_COAL_BELT,Uncertain,UNKNOWN,LOW_CONFIDENCE_HOTSPOT,UNVERIFIED,REAL,False,True,59.6,59.6,0.0,344.4,344.4,0.0,5248.102374846011,203020.8,1160718.1,4200.0,262149.3,160775.7,0,1.0,27.43,1.0,6.828,0.65
0b7cc172-780f-45ae-b480-4be8dff2c0cf,8c2baf70-75bc-4ffc-a563-533d957905cd,EVT-REAL-2025-00799,22.0608,81.9947,Madhya Pradesh,Singrauli,,,2025-01-01,VALIDATION,Singrauli,EASTERN_COAL_BELT,Uncertain,UNKNOWN,LOW_CONFIDENCE_HOTSPOT,UNVERIFIED,REAL,False,True,24.5,24.5,0.0,331.1,331.1,0.0,12955.23131207755,176773.6,1011978.4,4200.0,224915.5,60303.1,0,1.0,19.14,1.0,3.198,0.2
c4d0e5c3-12f3-40bd-9c4e-2c1df578fe47,ba8b3714-fce4-4aef-b192-569b62d2a444,EVT-REAL-2025-00800,23.7601,86.40216,Jharkhand,Dhanbad,78ced2c8-7ae2-4a97-8583-28b5fa469a7c,Mining and Quarrying n.e.c. (Way #1010056601),2025-01-01,VALIDATION,78ced2c8-7ae2-4a97-8583-28b5fa469a7c,EASTERN_COAL_BELT,Mining Activity,REAL,IBM_MINING_GROUND_TRUTH,UNVERIFIED,REAL,False,True,17.8,16.72,0.7745966692414834,316.2,310.82,5.3799999999999955,1794.4232125019375,189356.0,1171279.6,4200.0,337025.0,376941.7,0,1.0,8633.14,1.0,5.811,0.95
ac8aaa74-a356-457e-b051-341e09e08e9e,85c460c5-9bc0-4080-a300-4a4f2e985969,EVT-REAL-2025-00801,15.18154,76.67467,Karnataka,Ballari,623f229d-078d-4a96-93a5-dd85add1ce03,Jindal Steel Works,2025-01-01,VALIDATION,623f229d-078d-4a96-93a5-dd85add1ce03,GENERAL_INDIAN_TERRITORY,Gas Flare,WEAKLY_LABELED,FACILITY_THERMAL_BASE,UNVERIFIED,REAL,False,True,3.36,3.36,0.0,304.07,304.07,0.0,565.67512407001,1017533.4,1630001.9,4200.0,1163685.8,1000064.9,0,1.0,2362.86,0.0,1.216,0.95
491f30b4-3f40-442d-ace0-1b47073adab4,6d4e4120-c41f-4f5c-ba25-78eb4abf258b,EVT-REAL-2025-00802,16.7244,76.7174,Andhra Pradesh,East Godavari,,,2025-01-02,VALIDATION,East Godavari,GENERAL_INDIAN_TERRITORY,Uncertain,UNKNOWN,LOW_CONFIDENCE_HOTSPOT,UNVERIFIED,REAL,False,True,5.3,5.3,0.0,310.6,310.6,0.0,12043.944260082715,862912.5,1459245.4,4200.0,1021047.7,866882.5,0,0.6,5.14,1.0,0.905,0.2
83c4a0d0-cbf2-439a-978d-6a0be66cf999,4b2f4be7-0e1a-4f71-aae5-20204b75accf,EVT-REAL-2025-00803,15.1475,77.68138,Andhra Pradesh,East Godavari,,,2025-01-02,VALIDATION,East Godavari,GENERAL_INDIAN_TERRITORY,Uncertain,UNKNOWN,LOW_CONFIDENCE_HOTSPOT,UNVERIFIED,REAL,False,True,3.83,3.83,0.0,338.66,338.66,0.0,3299.2219470270866,980830.3,1636211.2,4200.0,1112326.8,941670.7,0,0.1333,1.14,1.0,0.543,0.65
24c8c6e9-64ff-49da-8e98-b33183651b74,885f17f9-6ff6-452a-a045-46f5c43d9fa3,EVT-REAL-2025-00804,14.08214,76.62972,Karnataka,Ballari,,,2025-01-02,VALIDATION,Ballari,GENERAL_INDIAN_TERRITORY,Uncertain,UNKNOWN,LOW_CONFIDENCE_HOTSPOT,UNVERIFIED,REAL,False,True,3.07,3.07,0.0,330.96,330.96,0.0,4790.643863149097,1131128.2,1751682.1,4200.0,1270317.1,1102148.8,0,0.3,5.43,1.0,0.475,0.65
e14511e6-07dd-433f-be5b-efbef639f5f9,ad71ee7d-fbbc-4a4d-88eb-fea27515371e,EVT-REAL-2025-00805,15.54917,77.93893,Andhra Pradesh,East Godavari,,,2025-01-02,VALIDATION,East Godavari,GENERAL_INDIAN_TERRITORY,Uncertain,UNKNOWN,LOW_CONFIDENCE_HOTSPOT,UNVERIFIED,REAL,False,True,3.26,3.26,0.0,327.04,327.04,0.0,11514.243472156108,929864.1,1593538.9,4200.0,1060101.5,889324.4,0,0.4,3.71,1.0,0.526,0.2
35a3d4b9-b8e9-468a-9c72-80eda349e07c,9406d801-ddc9-4426-9880-7fedefc6fe7a,EVT-REAL-2025-00806,19.26352,82.44765,Chhattisgarh,Korba,,,2025-01-02,VALIDATION,Korba,EASTERN_COAL_BELT,Forest Fire,REAL,FSI_FOREST_CANOPY,UNVERIFIED,REAL,False,True,25.33,25.33,0.0,350.55,350.55,0.0,29956.760135037013,448755.6,1309118.7,4200.0,520192.6,336266.4,0,0.1667,1.71,1.0,3.319,0.2
578af94e-3eb5-4c73-9d99-c6e5c4c9b340,16917d09-8cbd-4917-91f2-e7b9e55c8739,EVT-REAL-2025-00807,25.70203,78.26743,Madhya Pradesh,Singrauli,,,2025-01-02,VALIDATION,Singrauli,EASTERN_COAL_BELT,Uncertain,UNKNOWN,LOW_CONFIDENCE_HOTSPOT,UNVERIFIED,REAL,False,True,8.15,8.15,0.0,343.15,343.15,0.0,12883.020400743051,324665.0,487142.7,4200.0,487005.4,465371.5,0,0.9333,9.71,1.0,1.706,0.2
a6b80074-7e7d-4c2a-a7e8-61a298da96fe,3ab82a07-2cc3-4d15-bba1-39795a78e300,EVT-REAL-2025-00808,16.47093,76.03166,Maharashtra,Nagpur,,,2025-01-02,VALIDATION,Nagpur,GENERAL_INDIAN_TERRITORY,Uncertain,UNKNOWN,LOW_CONFIDENCE_HOTSPOT,UNVERIFIED,REAL,False,True,7.27,7.27,0.0,330.52,330.52,0.0,8951.950683822288,924181.6,1487843.7,4200.0,1088502.6,938251.3,0,0.1,1.14,1.0,4.386,0.2
44d4c052-1dfc-45b2-b038-926cab5492f0,09061d5a-8c65-474a-9cce-892be0663bbe,EVT-REAL-2025-00809,16.36884,76.18987,Maharashtra,Nagpur,,,2025-01-02,VALIDATION,Nagpur,GENERAL_INDIAN_TERRITORY,Uncertain,UNKNOWN,LOW_CONFIDENCE_HOTSPOT,UNVERIFIED,REAL,False,True,3.55,3.55,0.0,331.9,331.9,0.0,12989.360369910697,925061.6,1499049.3,4200.0,1086690.1,934308.9,0,0.2,2.57,1.0,0.936,0.2
02eeabb0-b627-4fbe-9a69-224729695a79,fb82f9c2-de5c-4c52-8954-5c44b400a56f,EVT-REAL-2025-00810,26.73399,70.33975,Rajasthan,Barmer,,,2025-01-02,VALIDATION,Barmer,GENERAL_INDIAN_TERRITORY,Uncertain,UNKNOWN,LOW_CONFIDENCE_HOTSPOT,UNVERIFIED,REAL,False,True,4.66,4.66,0.0,367.0,367.0,0.0,49350.9592540066,1098602.5,516097.9,4200.0,1283511.0,1261369.9,0,0.0,0.0,1.0,0.466,0.2
13e6eeb4-9cc8-4342-a5bc-c139e47dbd67,a4060c54-ba65-46f9-8db7-1575dfb9688e,EVT-REAL-2025-00811,16.3979,77.6482,Andhra Pradesh,East Godavari,,,2025-01-02,VALIDATION,East Godavari,GENERAL_INDIAN_TERRITORY,Uncertain,UNKNOWN,LOW_CONFIDENCE_HOTSPOT,UNVERIFIED,REAL,False,True,22.9,22.9,0.0,313.2,313.2,0.0,9393.669626449944,852540.8,1497855.8,4200.0,994193.5,829789.0,0,1.0,25.43,1.0,3.401,0.2
b04abeb6-6ec3-4efa-a53a-081b172120ac,61fb2a94-a88a-420c-a439-949e15575d6b,EVT-REAL-2025-00812,23.7748,86.3865,Jharkhand,Dhanbad,78ced2c8-7ae2-4a97-8583-28b5fa469a7c,Mining and Quarrying n.e.c. (Way #1010056601),2025-01-03,VALIDATION,78ced2c8-7ae2-4a97-8583-28b5fa469a7c,EASTERN_COAL_BELT,Mining Activity,REAL,IBM_MINING_GROUND_TRUTH,UNVERIFIED,REAL,False,True,17.3,17.3,0.0,304.2,304.2,0.0,1608.848021145033,190983.9,1169021.7,4200.0,335316.0,375166.3,0,1.0,10191.14,1.0,5.756,0.95
c1b2c680-e8bd-46e8-b5cf-b1d1862bcd89,03e3c8be-564d-474e-9371-cd3698f32a83,EVT-REAL-2025-00813,26.0641,72.1513,Rajasthan,Barmer,,,2025-01-03,VALIDATION,Barmer,GENERAL_INDIAN_TERRITORY,Uncertain,UNKNOWN,LOW_CONFIDENCE_HOTSPOT,UNVERIFIED,REAL,False,True,5.6,5.6,0.0,309.6,309.6,0.0,11683.282922367682,905296.3,470420.7,4200.0,1093157.8,1070891.0,0,0.0,0.0,1.0,0.56,0.2
ce9c047f-f918-4f40-91c8-dcd8b4b7b213,355fdcf1-2bc2-495d-a09e-37f91bcf8d18,EVT-REAL-2025-00814,14.13568,76.87513,Andhra Pradesh,East Godavari,,,2025-01-03,VALIDATION,East Godavari,GENERAL_INDIAN_TERRITORY,Uncertain,UNKNOWN,LOW_CONFIDENCE_HOTSPOT,UNVERIFIED,REAL,False,True,7.05,6.53,0.5291502622129182,344.87,341.77,3.1000000000000227,4040.4103620821543,1115830.0,1745688.0,4200.0,1252159.6,1082722.2,0,0.2667,2.86,1.0,1.574,0.65
1f90ba57-10f3-4891-9a73-d28ce26311db,85a2bc55-d701-44ce-a91e-6b2731bdf0b4,EVT-REAL-2025-00815,14.38809,77.65966,Andhra Pradesh,East Godavari,,,2025-01-03,VALIDATION,East Godavari,GENERAL_INDIAN_TERRITORY,Uncertain,UNKNOWN,LOW_CONFIDENCE_HOTSPOT,UNVERIFIED,REAL,False,True,4.36,3.79,0.5744562646538028,337.79,334.94,2.8500000000000227,6431.108555037424,1061328.5,1720010.6,4200.0,1188171.0,1015015.4,0,0.7,8.29,1.0,1.242,0.65
e6ea4e4d-7e6f-48d7-ae57-2a8deae5cc33,015b15f9-0e22-4202-a535-2c292144e267,EVT-REAL-2025-00816,16.46757,78.21541,Andhra Pradesh,East Godavari,,,2025-01-03,VALIDATION,East Godavari,GENERAL_INDIAN_TERRITORY,Uncertain,UNKNOWN,LOW_CONFIDENCE_HOTSPOT,UNVERIFIED,REAL,False,True,4.22,4.22,0.0,334.59,334.59,0.0,11765.932411230406,824101.1,1494634.7,4200.0,956703.2,788078.7,0,0.5333,4.86,1.0,0.771,0.2
61d290e3-971f-448a-aa75-41f11a1fe24f,3c44f61e-c331-4dc3-9e7e-c8ee4d3eeb4e,EVT-REAL-2025-00817,16.56672,78.40382,Andhra Pradesh,East Godavari,,,2025-01-03,VALIDATION,East Godavari,GENERAL_INDIAN_TERRITORY,Uncertain,UNKNOWN,LOW_CONFIDENCE_HOTSPOT,UNVERIFIED,REAL,False,True,3.64,3.64,0.0,351.28,351.28,0.0,7862.403021200775,807391.8,1485702.1,4200.0,937367.8,767742.6,0,0.3667,3.71,1.0,0.556,0.65
8b7f8e82-9564-4e26-bd1d-a4c8f78e4245,faf08d74-b9ed-4fa6-99b9-19179209bcdb,EVT-REAL-2025-00818,16.46088,77.76452,Andhra Pradesh,East Godavari,,,2025-01-03,VALIDATION,East Godavari,GENERAL_INDIAN_TERRITORY,Uncertain,UNKNOWN,LOW_CONFIDENCE_HOTSPOT,UNVERIFIED,REAL,False,True,5.08,5.08,0.0,350.7,350.7,0.0,11082.416619864433,841430.8,1491632.8,4200.0,981729.6,816734.5,0,0.5333,4.86,1.0,0.884,0.2
885094f7-331b-46ca-8bf0-a329ecd8482e,8ceeb7af-a253-4357-a550-31d74b46f631,EVT-REAL-2025-00819,21.79944,84.16698,Chhattisgarh,Korba,,,2025-01-03,VALIDATION,Korba,EASTERN_COAL_BELT,Uncertain,UNKNOWN,LOW_CONFIDENCE_HOTSPOT,UNVERIFIED,REAL,False,True,36.51,36.51,0.0,345.59,345.59,0.0,4940.603373268955,199882.0,1161500.3,4200.0,262116.7,163194.9,0,1.0,28.86,1.0,6.776,0.65
0b3830a2-2e4f-4f94-867b-764c8164d22b,997b18f1-c61d-4724-ad8f-d56daa227206,EVT-REAL-2025-00820,21.84592,84.3354,Chhattisgarh,Korba,,,2025-01-03,VALIDATION,Korba,EASTERN_COAL_BELT,Uncertain,UNKNOWN,LOW_CONFIDENCE_HOTSPOT,UNVERIFIED,REAL,False,True,56.05,56.05,0.0,334.1,334.1,0.0,20574.18572202443,182408.6,1168247.7,4200.0,265249.6,178096.2,0,0.7333,9.71,1.0,10.261,0.2
9d249c3d-9cd1-4560-af3b-1e170f6f8363,6db5f74e-b765-4fb1-95cc-ee0396781801,EVT-REAL-2025-00821,25.72729,78.2333,Madhya Pradesh,Singrauli,,,2025-01-03,VALIDATION,Singrauli,EASTERN_COAL_BELT,Uncertain,UNKNOWN,LOW_CONFIDENCE_HOTSPOT,UNVERIFIED,REAL,False,True,10.47,10.47,0.0,348.18,348.18,0.0,8502.67436543281,329085.7,483474.1,4200.0,491157.5,469542.7,0,1.0,16.86,1.0,2.087,0.2
07656f4f-0090-4ed2-940e-97b1e14ec370,339b0ac8-cc81-4539-8345-ac689b49a0ac,EVT-REAL-2025-00822,16.42423,76.02386,Maharashtra,Nagpur,,,2025-01-03,VALIDATION,Nagpur,GENERAL_INDIAN_TERRITORY,Uncertain,UNKNOWN,LOW_CONFIDENCE_HOTSPOT,UNVERIFIED,REAL,False,True,3.48,3.48,0.0,334.1,334.1,0.0,8721.068334094824,929012.0,1493015.5,4200.0,1093028.6,942471.1,0,0.1667,2.29,1.0,1.269,0.2
5db4f357-d7d6-43a0-9d35-6442c3f03636,01f64490-ed27-4a3e-986b-75348e3a069d,EVT-REAL-2025-00823,16.43676,76.35582,Maharashtra,Nagpur,,,2025-01-03,VALIDATION,Nagpur,GENERAL_INDIAN_TERRITORY,Uncertain,UNKNOWN,LOW_CONFIDENCE_HOTSPOT,UNVERIFIED,REAL,False,True,3.1,3.1,0.0,335.28,335.28,0.0,10195.338811621046,909618.6,1491411.4,4200.0,1069828.6,916567.6,0,0.2,1.71,1.0,0.939,0.2
ac83015a-06f9-4b4f-9ead-bbf86dd19287,a2bdd895-a890-4245-96f2-dbb238677421,EVT-REAL-2025-00824,16.33335,76.02635,Maharashtra,Nagpur,,,2025-01-03,VALIDATION,Nagpur,GENERAL_INDIAN_TERRITORY,Uncertain,UNKNOWN,LOW_CONFIDENCE_HOTSPOT,UNVERIFIED,REAL,False,True,4.47,4.47,0.0,331.06,331.06,0.0,12298.23361890686,937439.1,1503071.2,4200.0,1100668.0,949378.8,0,0.4667,5.14,1.0,0.78,0.2
75a32f00-4e8c-4ee2-b82e-fdd99d8eca89,e8997355-5389-44c3-9d1a-0695da2f4376,EVT-REAL-2025-00825,15.95875,76.34405,Maharashtra,Nagpur,,,2025-01-03,VALIDATION,Nagpur,GENERAL_INDIAN_TERRITORY,Uncertain,UNKNOWN,LOW_CONFIDENCE_HOTSPOT,UNVERIFIED,REAL,False,True,3.52,3.52,0.0,331.66,331.66,0.0,8934.775299020372,956386.0,1544316.4,4200.0,1112767.0,956189.8,0,0.0333,0.29,1.0,0.157,0.2
09f3df88-2367-42c1-ae0c-4d07666d1512,c37c9c21-30de-4705-8aca-d340089faac1,EVT-REAL-2025-00826,15.54193,76.63659,Karnataka,Ballari,,,2025-01-03,VALIDATION,Ballari,GENERAL_INDIAN_TERRITORY,Uncertain,UNKNOWN,LOW_CONFIDENCE_HOTSPOT,UNVERIFIED,REAL,False,True,3.22,3.22,0.0,330.58,330.58,0.0,8769.021878036841,983165.6,1590161.3,4200.0,1132532.0,971121.8,0,1.0,21.43,1.0,0.697,0.2
2afcd6d0-69ff-449a-97b1-a8c66d47549f,a838beee-1fe5-458f-b293-acc08bc917f5,EVT-REAL-2025-00827,15.49612,76.63566,Karnataka,Ballari,,,2025-01-03,VALIDATION,Ballari,GENERAL_INDIAN_TERRITORY,Uncertain,UNKNOWN,LOW_CONFIDENCE_HOTSPOT,UNVERIFIED,REAL,False,True,3.0,3.0,0.0,337.3,337.3,0.0,9885.503717190697,987778.2,1595231.1,4200.0,1136804.7,975143.6,0,1.0,16.0,1.0,0.537,0.2
99a24b7c-6bdc-42fa-a88e-b16b953407f3,905f5349-9ce0-4ca3-973d-f0603afe2187,EVT-REAL-2025-00828,15.46479,76.61262,Karnataka,Ballari,,,2025-01-03,VALIDATION,Ballari,GENERAL_INDIAN_TERRITORY,Uncertain,UNKNOWN,LOW_CONFIDENCE_HOTSPOT,UNVERIFIED,REAL,False,True,3.54,3.54,0.0,330.66,330.66,0.0,6600.7257871305355,991973.0,1598722.5,4200.0,1141060.5,979395.7,0,1.0,15.14,1.0,0.848,0.65
aff5aa17-e66d-446e-87a8-fce0543ffb5e,4d7ee3bb-768d-40c8-b2df-ce464a5eb114,EVT-REAL-2025-00829,15.13481,76.24097,Karnataka,Ballari,,,2025-01-03,VALIDATION,Ballari,GENERAL_INDIAN_TERRITORY,Uncertain,UNKNOWN,LOW_CONFIDENCE_HOTSPOT,UNVERIFIED,REAL,False,True,12.41,12.41,0.0,338.64,338.64,0.0,10135.264528842246,1042335.6,1635564.7,4200.0,1193627.9,1032850.0,0,0.5333,5.43,1.0,3.056,0.2
4d2aa5f7-c167-49f2-b738-787081221579,80c70448-b67c-4a0a-aca4-bf787045eda5,EVT-REAL-2025-00830,14.89303,77.00085,Andhra Pradesh,East Godavari,,,2025-01-03,VALIDATION,East Godavari,GENERAL_INDIAN_TERRITORY,Uncertain,UNKNOWN,LOW_CONFIDENCE_HOTSPOT,UNVERIFIED,REAL,False,True,6.82,6.82,0.0,344.41,344.41,0.0,10146.731081823204,1032943.0,1662002.3,4200.0,1172625.1,1005405.0,0,0.5,5.14,1.0,2.026,0.2
d5dd39bb-0142-4ba3-9426-d932f36fbd02,69d53f53-9f28-4f2a-bbfa-e6f2a9f93eb1,EVT-REAL-2025-00831,14.69054,76.0097,Karnataka,Ballari,,,2025-01-03,VALIDATION,Ballari,GENERAL_INDIAN_TERRITORY,Uncertain,UNKNOWN,LOW_CONFIDENCE_HOTSPOT,UNVERIFIED,REAL,False,True,5.97,5.97,0.0,335.25,335.25,0.0,13954.344076121062,1097431.7,1684860.7,4200.0,1248300.2,1086798.8,0,0.8667,13.71,1.0,1.13,0.2
0cabbe7a-9bd2-4780-9109-ae4c1aa3d929,9557c3d1-5cbc-4467-95bf-ca16f40975cd,EVT-REAL-2025-00832,14.49441,76.3197,Karnataka,Ballari,5b62bc56-1407-498a-9b56-26ca200925aa,Solar Photovoltaic / Solar Thermal Power Generation (Way #1003118925),2025-01-03,VALIDATION,5b62bc56-1407-498a-9b56-26ca200925aa,GENERAL_INDIAN_TERRITORY,Uncertain,UNKNOWN,LOW_CONFIDENCE_HOTSPOT,UNVERIFIED,REAL,False,True,4.23,4.23,0.0,339.24,339.24,0.0,2212.5329566348014,1102565.4,1706362.0,4200.0,1248367.3,1083860.9,0,0.4,6.57,1.0,0.928,0.95
66cf344d-f096-43b1-8ef9-6393894bc381,117d91a1-2f82-4379-ad13-d4b799766809,EVT-REAL-2025-00833,14.36312,76.02335,Karnataka,Ballari,,,2025-01-03,VALIDATION,Ballari,GENERAL_INDIAN_TERRITORY,Uncertain,UNKNOWN,LOW_CONFIDENCE_HOTSPOT,UNVERIFIED,REAL,False,True,3.95,3.95,0.0,337.25,337.25,0.0,5761.375124987072,1129304.0,1721080.6,4200.0,1277770.1,1114588.7,0,0.2667,2.29,1.0,0.644,0.65
54749c58-b375-48ee-973b-c517d1f16e6b,f8517f5d-e98f-4380-a7f9-e022bbbbab74,EVT-REAL-2025-00834,14.27763,76.29957,Karnataka,Ballari,,,2025-01-03,VALIDATION,Ballari,GENERAL_INDIAN_TERRITORY,Uncertain,UNKNOWN,LOW_CONFIDENCE_HOTSPOT,UNVERIFIED,REAL,False,True,7.11,7.11,0.0,337.65,337.65,0.0,8667.359255301364,1125302.2,1730362.3,4200.0,1269895.3,1104559.3,0,0.2,1.71,1.0,1.238,0.2
16220e9a-d4c8-4804-bf52-40087e53c741,12e2fc00-391d-41d9-bcf6-a0ce16395ba7,EVT-REAL-2025-00835,14.22473,78.08817,Andhra Pradesh,East Godavari,a8845eba-33c0-4efa-8e61-d6303fc9f4b8,Solar Photovoltaic / Solar Thermal Power Generation (Way #1002404642),2025-01-03,VALIDATION,a8845eba-33c0-4efa-8e61-d6303fc9f4b8,GENERAL_INDIAN_TERRITORY,Uncertain,UNKNOWN,LOW_CONFIDENCE_HOTSPOT,UNVERIFIED,REAL,False,True,4.14,4.14,0.0,335.16,335.16,0.0,2085.260364516182,1065616.0,1740855.9,4200.0,1184905.1,1008980.4,0,0.6,10.0,1.0,0.627,0.95
4f92568a-5c5b-43c2-a887-34edb770d70d,0359bf0d-fa7d-4912-ae1b-4300a7527279,EVT-REAL-2025-00836,14.17366,77.62172,Andhra Pradesh,East Godavari,fa985398-f97b-4c58-bff5-a99cdfeedc90,Designated Industrial Park / Estate (Way #1202583189),2025-01-03,VALIDATION,fa985398-f97b-4c58-bff5-a99cdfeedc90,GENERAL_INDIAN_TERRITORY,Gas Flare,WEAKLY_LABELED,FACILITY_THERMAL_BASE,UNVERIFIED,REAL,False,True,3.38,3.38,0.0,337.33,337.33,0.0,1122.002894991246,1085182.2,1743514.4,4200.0,1211279.0,1037689.7,0,0.6333,6.57,1.0,0.737,0.95
e9737c8a-664b-455a-b2f8-64ee76ba31a0,06cc3d9a-42da-4ad8-85a1-1dfd33c205da,EVT-REAL-2025-00837,14.08484,76.40877,Karnataka,Ballari,,,2025-01-03,VALIDATION,Ballari,GENERAL_INDIAN_TERRITORY,Uncertain,UNKNOWN,LOW_CONFIDENCE_HOTSPOT,UNVERIFIED,REAL,False,True,3.54,3.54,0.0,343.1,337.15,5.9500000000000455,10699.618521268329,1140080.5,1751601.6,4200.0,1282069.0,1115252.1,0,1.0,29.71,1.0,0.421,0.2
227db796-0fc7-47c0-8d1f-987a7ef46b8d,ad445751-cdec-4dec-8266-5e4972ece6f5,EVT-REAL-2025-00838,14.19963,77.06947,Andhra Pradesh,East Godavari,,,2025-01-03,VALIDATION,East Godavari,GENERAL_INDIAN_TERRITORY,Uncertain,UNKNOWN,LOW_CONFIDENCE_HOTSPOT,UNVERIFIED,REAL,False,True,3.08,3.08,0.0,331.71,331.71,0.0,17264.55233875333,1101783.6,1738815.9,4200.0,1235898.2,1065538.4,0,0.6333,9.14,1.0,0.342,0.2
9481f5e2-d236-4f1f-851d-25c3024fa9bc,9e55ad48-ac2c-41dc-943d-b351b465fdb1,EVT-REAL-2025-00839,14.05442,76.91228,Andhra Pradesh,East Godavari,10d7c4fa-56a2-4308-98a5-632b2fd18fe6,Solar Photovoltaic / Solar Thermal Power Generation (Relation #16602828),2025-01-03,VALIDATION,10d7c4fa-56a2-4308-98a5-632b2fd18fe6,GENERAL_INDIAN_TERRITORY,Gas Flare,WEAKLY_LABELED,FACILITY_THERMAL_BASE,UNVERIFIED,REAL,False,True,3.66,3.66,0.0,336.5,336.5,0.0,1255.8835442067782,1122788.2,1754699.5,4200.0,1258109.8,1088163.2,0,0.4333,5.43,1.0,0.418,0.95
846ec677-4b49-45dd-b629-aa29b1c14efc,b0e45f12-60e5-489f-9d57-01254bd20e56,EVT-REAL-2025-00840,27.21326,80.60424,Uttar Pradesh,Sonbhadra,,,2025-01-03,VALIDATION,Sonbhadra,GENERAL_INDIAN_TERRITORY,Agricultural Burning,REAL,BHUVAN_AGRICULTURAL_CYCLE,UNVERIFIED,REAL,False,True,12.59,12.59,0.0,367.0,367.0,0.0,16348.734535041585,367574.2,476631.2,4200.0,399977.5,386343.2,0,0.2,1.71,1.0,4.824,0.2
eef85d53-ced1-4433-bec9-b4c6b62d2c6f,e4c7c21b-0a81-4782-8ebd-379a0c3cd5f1,EVT-REAL-2025-00841,21.6459,84.064,Chhattisgarh,Korba,,,2025-01-03,VALIDATION,Korba,EASTERN_COAL_BELT,Uncertain,UNKNOWN,LOW_CONFIDENCE_HOTSPOT,UNVERIFIED,REAL,False,True,42.5,42.5,0.0,338.7,338.7,0.0,3459.105685891204,210753.6,1168514.3,4200.0,273680.0,160242.9,0,1.0,27.14,1.0,8.618,0.65
ef614079-856b-4dcd-b656-e5a38ba428c8,30eba34e-3c9d-48c6-8f3e-1a32e5dee4e9,EVT-REAL-2025-00842,14.04909,76.72534,Andhra Pradesh,East Godavari,,,2025-01-03,VALIDATION,East Godavari,GENERAL_INDIAN_TERRITORY,Uncertain,UNKNOWN,LOW_CONFIDENCE_HOTSPOT,UNVERIFIED,REAL,False,True,3.09,3.09,0.0,331.66,331.66,0.0,2842.131237604035,1130657.3,1755268.1,4200.0,1268403.4,1099539.7,0,0.3333,4.0,1.0,0.444,0.65
66419c2b-f747-4216-b9d0-8e141af199d9,b98a56e2-8045-43e6-a7b4-2fc86b773513,EVT-REAL-2025-00843,14.42146,76.83978,Andhra Pradesh,East Godavari,,,2025-01-03,VALIDATION,East Godavari,GENERAL_INDIAN_TERRITORY,Uncertain,UNKNOWN,LOW_CONFIDENCE_HOTSPOT,UNVERIFIED,REAL,False,True,3.08,3.08,0.0,343.57,343.57,0.0,7347.081275493531,1087818.1,1714056.6,4200.0,1226473.1,1058334.3,0,0.1667,1.71,1.0,1.356,0.65
6f2c38eb-3a95-43c7-95f0-5760fcb87e02,4b43dff4-1d6f-4d33-ac66-7a2bf6dd84e1,EVT-REAL-2025-00844,15.43291,76.81548,Andhra Pradesh,East Godavari,,,2025-01-03,VALIDATION,East Godavari,GENERAL_INDIAN_TERRITORY,Uncertain,UNKNOWN,LOW_CONFIDENCE_HOTSPOT,UNVERIFIED,REAL,False,True,11.57,11.57,0.0,367.0,367.0,0.0,9779.047186711601,985951.9,1602137.6,4200.0,1132106.2,968774.7,0,0.3667,3.14,1.0,2.752,0.2
1082b794-e9ef-4635-89e3-d207426c15bb,86db7bf2-4d78-4b1a-bdaa-b9c0c74ddbaa,EVT-REAL-2025-00845,15.0911,77.7055,Andhra Pradesh,East Godavari,,,2025-01-03,VALIDATION,East Godavari,GENERAL_INDIAN_TERRITORY,Uncertain,UNKNOWN,LOW_CONFIDENCE_HOTSPOT,UNVERIFIED,REAL,False,True,15.5,15.5,0.0,313.3,313.3,0.0,3083.337685645088,985895.2,1642581.0,4200.0,1116627.4,945599.2,0,0.3,3.71,0.0,2.625,0.65
2c347991-73ce-4f9e-b542-f3e4ebafabb1,7be1401b-c546-431b-bca6-0555aaab08af,EVT-REAL-2025-00846,16.37254,76.22884,Maharashtra,Nagpur,,,2025-01-03,VALIDATION,Nagpur,GENERAL_INDIAN_TERRITORY,Uncertain,UNKNOWN,LOW_CONFIDENCE_HOTSPOT,UNVERIFIED,REAL,False,True,3.38,3.38,0.0,317.12,317.12,0.0,14913.247484475298,922590.8,1498613.6,4200.0,1083788.3,931108.7,0,0.2333,3.43,0.0,1.369,0.2
7dd7115d-7ef8-4372-b1ee-cf8eb854240e,d9838101-ea5e-48bc-b249-f761acc81b96,EVT-REAL-2025-00847,15.14021,77.61438,Andhra Pradesh,East Godavari,a7ab0beb-3273-4019-9c7a-0088b7902ad2,Solar Photovoltaic / Solar Thermal Power Generation (Way #990887246),2025-01-04,VALIDATION,a7ab0beb-3273-4019-9c7a-0088b7902ad2,GENERAL_INDIAN_TERRITORY,Gas Flare,WEAKLY_LABELED,FACILITY_THERMAL_BASE,UNVERIFIED,REAL,False,True,4.22,4.22,0.0,333.25,333.25,0.0,1290.6030031050375,983960.3,1636652.5,4200.0,1116439.4,946192.5,0,0.7333,8.57,1.0,0.614,0.95
1fe7d6c7-2efc-4126-b7c5-cf24f1ca37a4,bb4660fc-14e2-4e0a-8f68-760038c32d03,EVT-REAL-2025-00848,15.11479,76.84978,Andhra Pradesh,East Godavari,,,2025-01-04,VALIDATION,East Godavari,GENERAL_INDIAN_TERRITORY,Uncertain,UNKNOWN,LOW_CONFIDENCE_HOTSPOT,UNVERIFIED,REAL,False,True,4.92,4.92,0.0,338.83,338.83,0.0,3248.3481520118194,1016622.2,1637345.2,4200.0,1159951.7,994771.9,0,0.2,1.71,1.0,1.11,0.65
bb08ca5b-c029-4c32-a85a-3b46b8809e69,4d6f2c1b-6ed0-4dd2-88b3-2ac36d09491a,EVT-REAL-2025-00849,15.13674,76.7253,Andhra Pradesh,East Godavari,392ef861-78a7-419d-8487-83f8a36cec8e,Metallurgical Products India Pvt Ltd,2025-01-04,VALIDATION,392ef861-78a7-419d-8487-83f8a36cec8e,GENERAL_INDIAN_TERRITORY,Other Thermal Source,REAL,BACKGROUND_THERMAL_SOURCE,UNVERIFIED,REAL,False,True,15.1,13.39,1.7088007490635062,348.24,337.22,11.019999999999982,1524.2646578171666,1019804.5,1634926.4,4200.0,1164960.5,1000757.5,0,1.0,352.29,1.0,16.056,0.95
4444f872-d791-42f3-a3b1-9294715cd6e1,0b419791-af87-4a66-aa7d-148ba5223ba2,EVT-REAL-2025-00850,15.26576,77.08418,Andhra Pradesh,East Godavari,,,2025-01-04,VALIDATION,East Godavari,GENERAL_INDIAN_TERRITORY,Uncertain,UNKNOWN,LOW_CONFIDENCE_HOTSPOT,UNVERIFIED,REAL,False,True,3.98,3.98,0.0,333.17,333.17,0.0,9533.193548638468,991394.4,1620893.6,4200.0,1132587.4,966490.6,0,0.0333,0.29,1.0,1.248,0.2
b3a502c1-4ca7-46b1-8a20-66a55c5cfc24,36b56b72-8d19-491e-af55-26c15b4916bd,EVT-REAL-2025-00851,21.53399,81.77729,Madhya Pradesh,Singrauli,,,2025-01-04,VALIDATION,Singrauli,EASTERN_COAL_BELT,Uncertain,UNKNOWN,LOW_CONFIDENCE_HOTSPOT,UNVERIFIED,REAL,False,True,24.35,24.35,0.0,341.1,341.1,0.0,3485.5247052247514,224367.0,1052488.1,4200.0,287429.8,114381.0,0,1.0,26.29,1.0,4.33,0.65
6b9e42ad-ec9d-48bf-bfeb-e15eb0b0a953,ee195805-0806-47f5-89c0-b21cf04336d4,EVT-REAL-2025-00852,30.25992,74.06078,Punjab,Sangrur,7d263d7b-df97-4be9-9212-d44dcb9f2331,Designated Industrial Park / Estate (Way #730769638),2025-01-04,VALIDATION,7d263d7b-df97-4be9-9212-d44dcb9f2331,NORTHERN_AGRICULTURE,Uncertain,UNKNOWN,LOW_CONFIDENCE_HOTSPOT,UNVERIFIED,REAL,False,True,8.93,8.93,0.0,333.69,333.69,0.0,1557.907577493363,970819.5,13397.7,4200.0,1094836.0,1076297.2,0,1.0,19.71,1.0,1.088,0.95
e431ef0f-d47a-45e0-8445-ca0c706c2d6b,cdde6a41-9bae-440d-ba8f-4ec3644567db,EVT-REAL-2025-00853,19.3466,82.9842,Chhattisgarh,Korba,,,2025-01-04,VALIDATION,Korba,EASTERN_COAL_BELT,Uncertain,UNKNOWN,LOW_CONFIDENCE_HOTSPOT,UNVERIFIED,REAL,False,True,25.2,25.2,0.0,315.5,315.5,0.0,15834.309107523753,396824.1,1325435.8,4200.0,509723.7,328514.6,0,0.3,8.0,1.0,2.111,0.2
eae07c87-a263-43ce-b247-73a8ecdb1a0d,8b9906ee-f746-4399-9318-8cc6ceaeb2cf,EVT-REAL-2025-00854,21.8907,72.9112,Gujarat,Jamnagar,7701da1d-4992-4702-9567-808bd498692b,Solar Photovoltaic / Solar Thermal Power Generation (Relation #16567745),2025-01-04,VALIDATION,7701da1d-4992-4702-9567-808bd498692b,WESTERN_PETROCHEMICAL,Gas Flare,WEAKLY_LABELED,FACILITY_THERMAL_BASE,UNVERIFIED,REAL,False,True,33.9,33.9,0.0,332.4,332.4,0.0,903.1644838926836,829810.2,896653.5,4200.0,1039468.7,992428.2,0,1.0,62.86,1.0,4.995,0.95
c8438c7b-7be1-4e6c-9835-4e807eef7d11,0efc0ab9-0ff1-4c5b-bd54-23ad467a0e33,EVT-REAL-2025-00855,21.91248,84.08627,Chhattisgarh,Korba,a2901f3e-22b2-4342-8689-c8306b247285,Solar Photovoltaic / Solar Thermal Power Generation (Way #1463167323),2025-01-05,VALIDATION,a2901f3e-22b2-4342-8689-c8306b247285,EASTERN_COAL_BELT,Uncertain,UNKNOWN,LOW_CONFIDENCE_HOTSPOT,UNVERIFIED,REAL,False,True,66.84,66.84,0.0,345.39,345.39,0.0,2066.793676480715,208063.5,1146499.6,4200.0,247279.0,151317.0,0,1.0,33.14,1.0,8.663,0.95
36b20d85-72bc-496e-9f3b-4ee1ba40232b,740ae83c-a3d8-496e-93bb-8eea213490f7,EVT-REAL-2025-00856,21.9329,84.0284,Chhattisgarh,Korba,,,2025-01-05,VALIDATION,Korba,EASTERN_COAL_BELT,Uncertain,UNKNOWN,LOW_CONFIDENCE_HOTSPOT,UNVERIFIED,REAL,False,True,27.5,27.5,0.0,315.1,315.1,0.0,2979.6504723890607,214011.8,1141041.7,4200.0,242826.4,144940.9,0,1.0,25.43,1.0,4.285,0.65
9b69b464-8e1a-46e5-a39b-5e870bc06190,6e2677f7-b6df-4bdb-9b62-32a4a8ac872b,EVT-REAL-2025-00857,19.6378,82.47805,Chhattisgarh,Korba,,,2025-01-05,VALIDATION,Korba,EASTERN_COAL_BELT,Other Thermal Source,REAL,BACKGROUND_THERMAL_SOURCE,UNVERIFIED,REAL,False,True,31.2,27.1,4.1,325.2,317.55,7.649999999999977,28850.832652987876,425146.6,1272992.3,4200.0,478639.3,294782.5,0,1.0,49.43,1.0,4.423,0.2
9a661482-1621-48a2-a6bf-6b1c8632de53,6b7e6fac-c056-4b05-8a1d-18a4d5489959,EVT-REAL-2025-00858,19.6196,82.481,Chhattisgarh,Korba,,,2025-01-05,VALIDATION,Korba,EASTERN_COAL_BELT,Uncertain,UNKNOWN,LOW_CONFIDENCE_HOTSPOT,UNVERIFIED,REAL,False,True,30.9,30.9,0.0,309.9,309.9,0.0,29472.602284363235,425821.6,1274942.6,4200.0,480628.3,296792.6,0,1.0,49.71,1.0,4.304,0.2
126ca222-1d9f-4989-aca8-cf0ddb22b56a,82063c57-a07f-4bf0-940b-38133f374a48,EVT-REAL-2025-00859,21.6591,81.9498,Madhya Pradesh,Singrauli,,,2025-01-05,VALIDATION,Singrauli,EASTERN_COAL_BELT,Uncertain,UNKNOWN,LOW_CONFIDENCE_HOTSPOT,UNVERIFIED,REAL,False,True,47.6,47.6,0.0,316.2,316.2,0.0,11843.742831131674,216186.2,1048582.7,4200.0,268291.5,92217.6,0,0.8,8.86,1.0,12.725,0.2
07b08e11-1f31-4800-9210-165f6a1a6851,1c8090de-2eb3-47cd-a564-96f4f41fe147,EVT-REAL-2025-00860,21.6615,81.9536,Madhya Pradesh,Singrauli,,,2025-01-05,VALIDATION,Singrauli,EASTERN_COAL_BELT,Uncertain,UNKNOWN,LOW_CONFIDENCE_HOTSPOT,UNVERIFIED,REAL,False,True,47.8,47.8,0.0,316.3,316.3,0.0,11813.846223919212,216065.9,1048536.2,4200.0,267913.2,91762.3,0,0.8,8.86,1.0,12.295,0.2
ac6b9a63-08f1-48b5-b635-8e822ba3a9e5,a4936229-237b-4c60-a718-68a46d31bdd8,EVT-REAL-2025-00861,30.37373,76.62508,Punjab,Sangrur,,,2025-01-05,VALIDATION,Sangrur,NORTHERN_AGRICULTURE,Agricultural Burning,REAL,BHUVAN_AGRICULTURAL_CYCLE,UNVERIFIED,REAL,False,True,9.75,9.44,0.31622776601683794,343.5,335.35,8.149999999999977,4217.078137251996,827959.4,0.0,4200.0,917056.4,901004.0,4,0.8667,15.14,1.0,1.711,0.65
9982025d-4f3c-49ac-b79f-37291cd896de,15561519-b485-4e4f-baf1-09fcc5c63691,EVT-REAL-2025-00862,31.39269,75.25715,Punjab,Sangrur,,,2025-01-05,VALIDATION,Sangrur,NORTHERN_AGRICULTURE,Agricultural Burning,REAL,BHUVAN_AGRICULTURAL_CYCLE,UNVERIFIED,REAL,False,True,10.49,10.49,0.0,342.5,342.5,0.0,6910.6070630270415,993856.9,0.0,4200.0,1089193.5,1072875.9,4,1.0,47.14,1.0,1.407,0.65
02d3574a-cd6d-4ee6-83a3-7996c4b236e3,387c599b-f484-44a9-898f-0fc3c241ef23,EVT-REAL-2025-00863,31.77516,75.65087,Punjab,Sangrur,92638c29-5071-492e-8aa8-5e2d53bffecb,Designated Industrial Park / Estate (Way #1490833203),2025-01-05,VALIDATION,92638c29-5071-492e-8aa8-5e2d53bffecb,NORTHERN_AGRICULTURE,Agricultural Burning,REAL,BHUVAN_AGRICULTURAL_CYCLE,UNVERIFIED,REAL,False,True,9.01,9.01,0.0,338.24,338.24,0.0,2461.5590133766336,1009021.9,0.0,4200.0,1094468.1,1078977.0,4,1.0,14.29,1.0,2.111,0.95
dd448fc4-8e7f-47e6-8437-1cea2096930c,86e4850e-c1ba-4ef4-8372-2db0857677e4,EVT-REAL-2025-00864,21.9124,70.5095,Gujarat,Jamnagar,,,2025-01-06,VALIDATION,Jamnagar,WESTERN_PETROCHEMICAL,Uncertain,UNKNOWN,LOW_CONFIDENCE_HOTSPOT,UNVERIFIED,REAL,False,True,29.0,29.0,0.0,310.3,310.3,0.0,11512.496253837582,1071535.1,958877.0,4200.0,1280263.2,1239705.4,0,0.1333,1.14,1.0,3.47,0.2
3f9845ce-6c7c-4f27-826b-238533a45450,4c3bfb18-9dc1-4d93-9271-1fd7b9979141,EVT-REAL-2025-00865,25.71506,78.2947,Madhya Pradesh,Singrauli,,,2025-01-06,VALIDATION,Singrauli,EASTERN_COAL_BELT,Uncertain,UNKNOWN,LOW_CONFIDENCE_HOTSPOT,UNVERIFIED,REAL,False,True,9.83,9.83,0.0,332.05,332.05,0.0,14041.120736634328,323379.9,486567.8,4200.0,484893.4,463288.7,0,1.0,15.43,1.0,2.245,0.2
13311cce-ea3d-49f8-87e4-0a81ea55f8f9,bff9cb09-da41-4472-80fb-1f5e2cc84c29,EVT-REAL-2025-00866,22.1773,72.0228,Gujarat,Jamnagar,,,2025-01-06,VALIDATION,Jamnagar,WESTERN_PETROCHEMICAL,Uncertain,UNKNOWN,LOW_CONFIDENCE_HOTSPOT,UNVERIFIED,REAL,False,True,29.6,29.6,0.0,311.4,311.4,0.0,13565.691361568906,912595.3,882836.9,4200.0,1121386.6,1081793.4,0,0.3,3.43,1.0,6.137,0.2
5073d31f-71d8-4529-a4d1-980c05999a9d,2ea76080-f9c3-4547-b991-3773cc81162d,EVT-REAL-2025-00867,27.769,80.5762,Uttar Pradesh,Sonbhadra,,,2025-01-06,VALIDATION,Sonbhadra,GENERAL_INDIAN_TERRITORY,Agricultural Burning,REAL,BHUVAN_AGRICULTURAL_CYCLE,UNVERIFIED,REAL,False,True,8.1,8.1,0.0,308.2,308.2,0.0,26275.93926699741,429216.5,437674.6,4200.0,453758.4,441388.4,0,0.4333,5.43,1.0,2.03,0.2
04bf06fe-b75b-4c0a-9285-88ac87f20c08,2026d1a2-b1e6-49f6-aacb-ec22d1579918,EVT-REAL-2025-00868,31.93,75.521,Punjab,Sangrur,,,2025-01-06,VALIDATION,Sangrur,NORTHERN_AGRICULTURE,Uncertain,UNKNOWN,LOW_CONFIDENCE_HOTSPOT,UNVERIFIED,REAL,False,True,8.0,8.0,0.0,304.9,304.9,0.0,7962.556462199034,1030083.0,13682.7,4200.0,1115465.1,1100004.9,0,1.0,24.0,1.0,1.264,0.65
16884fda-d56d-4d76-a05a-0df2c19f2085,4de35776-5dd4-451e-9827-ca3208349930,EVT-REAL-2025-00869,23.68217,86.09527,Jharkhand,Dhanbad,52f465c3-1def-446f-8696-511667e0eacf,Industrial Manufacturing (cooling) (Way #669690360),2025-01-06,VALIDATION,52f465c3-1def-446f-8696-511667e0eacf,EASTERN_COAL_BELT,Gas Flare,WEAKLY_LABELED,FACILITY_THERMAL_BASE,UNVERIFIED,REAL,False,True,35.8,29.53,8.86227961644181,333.4,329.77,3.6299999999999955,195.1613683422604,180750.7,1152001.9,4200.0,306637.7,347096.4,0,1.0,3140.29,0.3333,12.985,0.95
df42f133-4064-4f01-9484-4861dd2daaae,67cb11a1-2e0f-464d-9403-48518eb16930,EVT-REAL-2025-00870,22.0255,81.3959,Madhya Pradesh,Singrauli,,,2025-01-07,VALIDATION,Singrauli,EASTERN_COAL_BELT,Forest Fire,REAL,FSI_FOREST_CANOPY,UNVERIFIED,REAL,False,True,29.1,29.1,0.0,325.1,325.1,0.0,27066.253492133237,163973.2,986078.4,4200.0,257188.1,119861.8,0,0.2,2.0,1.0,3.954,0.2
5e4bb40c-c4cd-459d-94da-73b040dbf814,d926ee12-a742-4fb5-8c23-bf4889793fa7,EVT-REAL-2025-00871,29.90792,74.94701,Punjab,Sangrur,278d9711-f5eb-4087-be4f-aba130395447,Guru Gobind Singh Refinery,2025-01-07,VALIDATION,278d9711-f5eb-4087-be4f-aba130395447,NORTHERN_AGRICULTURE,Agricultural Burning,REAL,BHUVAN_AGRICULTURAL_CYCLE,UNVERIFIED,REAL,False,True,16.51,14.22,3.383784863137726,349.58,328.84,20.74000000000001,1246.1507779267574,883515.6,0.0,4200.0,1002935.3,984644.8,4,1.0,974.86,0.5,1.246,0.95
25f3da5a-20d4-4199-9f00-d4bff9e11bef,d37e09cc-2e55-43e6-9a64-4bfa1473aa5b,EVT-REAL-2025-00872,31.88416,76.57976,Punjab,Sangrur,,,2025-01-07,VALIDATION,Sangrur,NORTHERN_AGRICULTURE,Agricultural Burning,REAL,BHUVAN_AGRICULTURAL_CYCLE,UNVERIFIED,REAL,False,True,12.75,12.75,0.0,329.75,329.75,0.0,13434.144732299626,977235.7,9104.4,4200.0,1047901.1,1033615.5,0,0.3333,3.71,1.0,2.781,0.2
f0757f6c-7c26-4315-8f70-3d3171450fcf,e3065753-79f6-4181-871d-c5d034a21684,EVT-REAL-2025-00873,11.88945,76.93816,Tamil Nadu,Chennai,,,2025-01-07,VALIDATION,Chennai,GENERAL_INDIAN_TERRITORY,Uncertain,UNKNOWN,LOW_CONFIDENCE_HOTSPOT,UNVERIFIED,REAL,False,True,20.83,20.83,0.0,340.83,340.83,0.0,2840.2901252339257,1348502.0,1994224.2,4200.0,1471660.4,1295822.5,0,0.4,7.71,1.0,2.16,0.65
cac15302-978e-4937-b5cd-8e1c93ba5b93,4d90e169-e881-4cd8-9fe3-609f970a7c5c,EVT-REAL-2025-00874,21.59374,69.65302,Gujarat,Jamnagar,,,2025-01-07,VALIDATION,Jamnagar,WESTERN_PETROCHEMICAL,Other Thermal Source,REAL,BACKGROUND_THERMAL_SOURCE,UNVERIFIED,REAL,False,True,31.83,31.67,0.1414213562373095,367.0,353.49,13.509999999999991,4682.6559229743725,1165524.5,1026778.0,4200.0,1374519.8,1331061.4,0,0.5667,6.57,1.0,5.807,0.65
9bbf0a4b-320d-4be4-a020-2489930eb87b,e1d8709f-0fdf-45e7-a154-877a7cfbb85c,EVT-REAL-2025-00875,21.65636,84.14078,Chhattisgarh,Korba,,,2025-01-08,VALIDATION,Korba,EASTERN_COAL_BELT,Other Thermal Source,REAL,BACKGROUND_THERMAL_SOURCE,UNVERIFIED,REAL,False,True,55.39,44.8,10.594810050208546,333.69,326.5,7.189999999999998,10137.838679769917,202791.7,1172394.7,4200.0,275558.7,166852.0,0,1.0,26.29,1.0,7.759,0.2
3be614d2-9f63-4eb5-b966-855f7303e149,dccaea35-047f-473d-a66c-d0d92b3771b6,EVT-REAL-2025-00876,25.71187,78.31479,Madhya Pradesh,Singrauli,,,2025-01-08,VALIDATION,Singrauli,EASTERN_COAL_BELT,Uncertain,UNKNOWN,LOW_CONFIDENCE_HOTSPOT,UNVERIFIED,REAL,False,True,15.63,15.63,0.0,338.75,338.75,0.0,11999.695739261177,321573.5,487507.2,4200.0,482873.7,461273.5,0,1.0,17.43,1.0,2.559,0.2
70cabfba-0de8-4674-81b7-f5a5441822ff,41c5a170-0429-45cc-9ecb-79eda3be2c4d,EVT-REAL-2025-00877,21.6438,84.1059,Chhattisgarh,Korba,,,2025-01-08,VALIDATION,Korba,EASTERN_COAL_BELT,Uncertain,UNKNOWN,LOW_CONFIDENCE_HOTSPOT,UNVERIFIED,REAL,False,True,40.6,40.6,0.0,339.0,339.0,0.0,7073.832405914617,206419.6,1171316.0,4200.0,275480.6,164218.5,0,1.0,30.0,1.0,7.975,0.65
824824ff-14d4-42cc-b1f9-83dd02ae7caa,8de4fad4-285e-414f-b6bd-88270149a86d,EVT-REAL-2025-00878,20.96423,86.01683,Odisha,Angul,ccfecf36-122a-46ec-8e75-8ab9585c9ee8,TATA Steel,2025-01-08,VALIDATION,ccfecf36-122a-46ec-8e75-8ab9585c9ee8,EASTERN_COAL_BELT,Gas Flare,WEAKLY_LABELED,FACILITY_THERMAL_BASE,UNVERIFIED,REAL,False,True,48.8,34.93,7.165193647069143,328.5,314.77,13.730000000000018,1055.5657940712017,49015.1,1355094.5,4200.0,446564.0,375764.0,1,1.0,1819.43,0.5,14.93,0.95
00b84276-9027-4c02-9b05-2a0055257115,574bbc43-9d93-4c1f-bdcd-a5e0e6923908,EVT-REAL-2025-00879,24.45752,86.75538,Jharkhand,Dhanbad,4e91f187-8a77-4aae-a956-3878f33656e5,Tapovan,2025-01-09,VALIDATION,4e91f187-8a77-4aae-a956-3878f33656e5,EASTERN_COAL_BELT,Gas Flare,WEAKLY_LABELED,FACILITY_THERMAL_BASE,UNVERIFIED,REAL,False,True,50.9,37.35,10.502856754235964,339.0,330.35,8.649999999999977,449.24786914023935,266845.2,1155486.8,4200.0,372074.2,410354.4,0,0.8,17.71,1.0,2.273,0.95
3da78f55-9ff4-451a-94d1-0135cbb5e8c2,e2d92d75-fd1f-41ea-a2c8-a94c0697f94a,EVT-REAL-2025-00880,12.49571,76.53271,Tamil Nadu,Chennai,,,2025-01-09,VALIDATION,Chennai,GENERAL_INDIAN_TERRITORY,Uncertain,UNKNOWN,LOW_CONFIDENCE_HOTSPOT,UNVERIFIED,REAL,False,True,22.8,22.8,0.0,342.22,342.22,0.0,14614.632959554281,1298809.8,1927287.5,4200.0,1429980.7,1257330.9,0,0.1667,2.0,1.0,4.174,0.2
6eaccefa-ab0d-4298-9839-f5bbebeb238d,7110667f-05f7-4a49-9fa3-f393fd4ddfe3,EVT-REAL-2025-00881,27.96531,79.89829,Uttar Pradesh,Sonbhadra,,,2025-01-09,VALIDATION,Sonbhadra,GENERAL_INDIAN_TERRITORY,Uncertain,UNKNOWN,LOW_CONFIDENCE_HOTSPOT,UNVERIFIED,REAL,False,True,14.11,12.57,1.5362291495737217,331.2,328.69,2.509999999999991,5659.623894184299,459346.9,370427.9,4200.0,508176.7,494066.6,0,0.6333,5.71,1.0,4.128,0.65
a258f7c5-de24-48c9-b13d-3f0bf6f5747c,76edc30f-a815-4bbf-81e1-f287ef938d21,EVT-REAL-2025-00882,22.14395,72.7243,Gujarat,Jamnagar,,,2025-01-09,VALIDATION,Jamnagar,WESTERN_PETROCHEMICAL,Other Thermal Source,REAL,BACKGROUND_THERMAL_SOURCE,UNVERIFIED,REAL,False,True,43.6,39.4,4.2,336.4,333.8,2.599999999999966,4928.84342196936,842383.5,871859.3,4200.0,1051554.8,1009797.2,0,1.0,36.57,1.0,4.998,0.65
15df8219-79b8-4e20-bf91-3a5a1e0e9653,73ae21f2-f683-46ad-88dd-7c46d0baf8fb,EVT-REAL-2025-00883,27.91495,80.236,Uttar Pradesh,Sonbhadra,,,2025-01-09,VALIDATION,Sonbhadra,GENERAL_INDIAN_TERRITORY,Agricultural Burning,REAL,BHUVAN_AGRICULTURAL_CYCLE,UNVERIFIED,REAL,False,True,10.9,9.65,1.2489995996796797,304.0,303.4,0.6000000000000227,22045.061917266255,448376.6,400832.0,4200.0,484958.5,471754.0,0,1.0,15.71,1.0,2.22,0.2
c57b061e-445e-4cd7-8134-4c98791ba968,d6f50b3e-35f4-4af1-81fa-05ae59ac7196,EVT-REAL-2025-00884,27.9453,79.8813,Uttar Pradesh,Sonbhadra,,,2025-01-09,VALIDATION,Sonbhadra,GENERAL_INDIAN_TERRITORY,Uncertain,UNKNOWN,LOW_CONFIDENCE_HOTSPOT,UNVERIFIED,REAL,False,True,11.6,11.6,0.0,305.3,305.3,0.0,5101.1038319400395,457513.6,370394.2,4200.0,507348.6,493146.6,0,0.5667,5.14,1.0,3.563,0.65
97e309b0-da44-40fc-83e5-608fd461d09d,7fd67378-eb90-4c02-b659-c1d4d00c887e,EVT-REAL-2025-00885,21.1111,72.6395,Gujarat,Jamnagar,e9c4bee7-eae3-4bd8-a08a-39d2cf310cbd,ArcelorMittal Nippon Steel India,2025-01-09,VALIDATION,e9c4bee7-eae3-4bd8-a08a-39d2cf310cbd,WESTERN_PETROCHEMICAL,Gas Flare,WEAKLY_LABELED,FACILITY_THERMAL_BASE,UNVERIFIED,REAL,False,True,27.8,27.8,0.0,301.9,301.9,0.0,460.1981578966414,881298.2,986167.3,4200.0,1091152.2,1030615.8,0,1.0,4784.57,0.0,4.7,0.95
6ba0d230-4240-4e0f-8083-95a16db7b74d,373d6e3e-b1c6-4a54-983e-0d9ff16281e2,EVT-REAL-2025-00886,27.90437,80.57416,Uttar Pradesh,Sonbhadra,,,2025-01-10,VALIDATION,Sonbhadra,GENERAL_INDIAN_TERRITORY,Agricultural Burning,REAL,BHUVAN_AGRICULTURAL_CYCLE,UNVERIFIED,REAL,False,True,9.2,9.2,0.0,332.27,332.27,0.0,18246.758084852496,444207.6,429394.0,4200.0,466922.5,454839.9,0,0.4333,3.71,1.0,2.554,0.2
991c3957-b986-4899-9858-be823d11b29e,7dc8de8d-b57b-4ba0-ae07-dc61310fafad,EVT-REAL-2025-00887,27.17498,81.97986,Uttar Pradesh,Sonbhadra,4f1329f9-4a76-4026-a9bf-414311d5b8ef,Designated Industrial Park / Estate (Way #894359644),2025-01-10,VALIDATION,4f1329f9-4a76-4026-a9bf-414311d5b8ef,GENERAL_INDIAN_TERRITORY,Industrial Fire,REAL,OSM_FACILITY_GROUND_TRUTH,UNVERIFIED,REAL,False,True,8.63,8.63,0.0,346.12,346.12,0.0,390.9645433528869,370144.3,589980.3,4200.0,339701.3,332857.1,0,0.2333,2.29,1.0,2.707,0.95
620ed1ad-71c8-4ad0-8fb1-e992b443f7f5,baf17a70-9601-4649-8414-4f88fa819a09,EVT-REAL-2025-00888,27.78235,81.08536,Uttar Pradesh,Sonbhadra,,,2025-01-11,VALIDATION,Sonbhadra,GENERAL_INDIAN_TERRITORY,Agricultural Burning,REAL,BHUVAN_AGRICULTURAL_CYCLE,UNVERIFIED,REAL,False,True,8.08,8.08,0.0,343.93,343.93,0.0,20235.736620690743,430092.5,479498.7,4200.0,432402.3,422067.2,0,0.3,3.43,1.0,2.164,0.2
5fb1cd6b-b443-4023-90e2-1fbadac311fc,d6071f3a-2fa5-4f80-b593-63547076641d,EVT-REAL-2025-00889,27.88468,78.95669,Uttar Pradesh,Sonbhadra,,,2025-01-11,VALIDATION,Sonbhadra,GENERAL_INDIAN_TERRITORY,Agricultural Burning,REAL,BHUVAN_AGRICULTURAL_CYCLE,UNVERIFIED,REAL,False,True,10.26,9.31,0.9486832980505138,335.24,332.21,3.0300000000000296,18810.885048450105,478511.6,306814.3,4200.0,560801.9,544272.1,0,0.4667,4.86,1.0,2.69,0.2
78bdefa8-3b93-41d7-97ed-c3e3c9e30e54,0ead4013-b28e-45d0-af46-3c4122aed470,EVT-REAL-2025-00890,26.12685,80.60471,Madhya Pradesh,Singrauli,,,2025-01-11,VALIDATION,Singrauli,EASTERN_COAL_BELT,Uncertain,UNKNOWN,LOW_CONFIDENCE_HOTSPOT,UNVERIFIED,REAL,False,True,9.47,9.47,0.0,351.02,351.02,0.0,17630.810594343493,247461.5,561031.1,4200.0,307463.8,290281.0,0,0.2333,2.57,1.0,1.127,0.2
391344ba-caa5-4fe8-9693-ec975a942ab7,a157f77e-b21d-4f41-b3fc-995f943a8e20,EVT-REAL-2025-00891,27.82359,79.91061,Uttar Pradesh,Sonbhadra,3a52d106-fa9c-4825-9eb9-291a84e11996,Designated Industrial Park / Estate (Way #454495218),2025-01-11,VALIDATION,3a52d106-fa9c-4825-9eb9-291a84e11996,GENERAL_INDIAN_TERRITORY,Industrial Fire,REAL,OSM_FACILITY_GROUND_TRUTH,UNVERIFIED,REAL,False,True,9.56,9.56,0.0,338.82,338.82,0.0,486.3570716295132,443720.8,380852.0,4200.0,494750.5,480359.1,0,0.2667,2.57,1.0,3.188,0.95
0ee3b6da-2961-4553-93bc-660930dd1426,e48e9787-8a3e-4141-9643-746e68f9e8da,EVT-REAL-2025-00892,27.91989,80.17726,Uttar Pradesh,Sonbhadra,,,2025-01-11,VALIDATION,Sonbhadra,GENERAL_INDIAN_TERRITORY,Agricultural Burning,REAL,BHUVAN_AGRICULTURAL_CYCLE,UNVERIFIED,REAL,False,True,15.98,15.98,0.0,339.09,339.09,0.0,16278.980071805272,449697.7,395746.7,4200.0,488550.5,475171.2,0,0.9,9.43,1.0,4.567,0.2
d0587071-90bb-4761-8b34-8615432d3f03,a694dce5-cbe4-4cb4-b540-191ff218e7ca,EVT-REAL-2025-00893,25.9643,81.8107,Madhya Pradesh,Singrauli,,,2025-01-11,VALIDATION,Singrauli,EASTERN_COAL_BELT,Uncertain,UNKNOWN,LOW_CONFIDENCE_HOTSPOT,UNVERIFIED,REAL,False,True,9.1,9.1,0.0,310.5,310.5,0.0,27081.11635987244,235574.2,658203.8,4200.0,219444.1,208222.9,0,0.3333,3.71,1.0,1.992,0.2
e893cb9c-d12d-4400-a07c-971976f960aa,b2862e45-79b6-4f3a-81ed-752856540162,EVT-REAL-2025-00894,27.6924,80.6989,Uttar Pradesh,Sonbhadra,,,2025-01-11,VALIDATION,Sonbhadra,GENERAL_INDIAN_TERRITORY,Agricultural Burning,REAL,BHUVAN_AGRICULTURAL_CYCLE,UNVERIFIED,REAL,False,True,8.6,8.6,0.0,311.0,311.0,0.0,19537.460811075638,420263.8,452449.5,4200.0,440418.5,428332.7,0,0.3,2.86,1.0,2.166,0.2
64dd99da-feb5-4cb5-91ac-cca1c9862d98,e01339e6-c8e9-471a-832e-fba0854c949d,EVT-REAL-2025-00895,27.4754,80.2007,Uttar Pradesh,Sonbhadra,,,2025-01-11,VALIDATION,Sonbhadra,GENERAL_INDIAN_TERRITORY,Uncertain,UNKNOWN,LOW_CONFIDENCE_HOTSPOT,UNVERIFIED,REAL,False,True,12.7,12.7,0.0,315.8,315.8,0.0,4015.869172844454,400635.0,427351.6,4200.0,446707.5,432356.9,0,0.1667,1.43,1.0,4.735,0.65
263fd310-681f-4ab1-9b8f-7f9856d6c983,5decd14b-7752-408b-b726-2a3bd04d09aa,EVT-REAL-2025-00896,19.05755,82.34966,Chhattisgarh,Korba,,,2025-01-12,VALIDATION,Korba,EASTERN_COAL_BELT,Mining Activity,REAL,IBM_MINING_GROUND_TRUTH,UNVERIFIED,REAL,False,True,22.08,22.08,0.0,345.98,345.98,0.0,19031.125718621883,469886.0,1325630.6,4200.0,543716.6,359420.0,0,0.5667,9.14,1.0,2.656,0.2
eb02445f-418a-4e5a-8c44-7bee33dbb0f1,0baeb813-f623-4c1c-8671-cbb110d4c471,EVT-REAL-2025-00897,21.1029,72.8102,Gujarat,Jamnagar,4fff5f3b-b562-4369-a676-c80bfe9db146,"Warehousing, Logistics & Cold Storage (Way #1487278920)",2025-01-12,VALIDATION,4fff5f3b-b562-4369-a676-c80bfe9db146,WESTERN_PETROCHEMICAL,Gas Flare,WEAKLY_LABELED,FACILITY_THERMAL_BASE,UNVERIFIED,REAL,False,True,34.2,34.2,0.0,326.6,326.6,0.0,361.29913086373546,864845.0,984491.2,4200.0,1074654.6,1013255.5,0,0.9333,10.29,0.0,7.492,0.95
06a85250-e5f4-4bc6-bcc4-4231b8c232d5,7a136dc7-9940-4e15-b61d-9ce9e8370d1f,EVT-REAL-2025-00898,22.04265,81.2561,Madhya Pradesh,Singrauli,,,2025-01-13,VALIDATION,Singrauli,EASTERN_COAL_BELT,Forest Fire,REAL,FSI_FOREST_CANOPY,UNVERIFIED,REAL,False,True,40.8,36.25,4.54972526643093,304.2,303.3,0.8999999999999773,41216.75241915053,161389.4,977935.7,4200.0,263948.2,133433.7,0,0.2,2.0,1.0,12.581,0.2
fc8803dc-8949-488f-bb64-e8f49d4725f3,081cc212-12fe-488f-a6ba-07cb1ef3d2ac,EVT-REAL-2025-00899,22.0473,81.2186,Madhya Pradesh,Singrauli,,,2025-01-13,VALIDATION,Singrauli,EASTERN_COAL_BELT,Forest Fire,REAL,FSI_FOREST_CANOPY,UNVERIFIED,REAL,False,True,29.1,29.1,0.0,301.6,301.6,0.0,45055.91607323144,160877.8,975770.0,4200.0,265861.4,137106.4,0,0.2,1.71,1.0,9.809,0.2
48011b96-eb03-47be-8bec-092b23dbfefd,2a3be6ca-811f-4ce6-9a6c-40ea012bf000,EVT-REAL-2025-00900,27.89462,81.52565,Uttar Pradesh,Sonbhadra,,,2025-01-13,VALIDATION,Sonbhadra,GENERAL_INDIAN_TERRITORY,Agricultural Burning,REAL,BHUVAN_AGRICULTURAL_CYCLE,UNVERIFIED,REAL,False,True,13.0,11.61,1.8920887928424501,354.82,320.31,34.50999999999999,14969.560764387446,443411.3,511640.5,4200.0,428719.6,420549.8,0,0.1333,2.0,1.0,1.916,0.2
cbeb7b2e-2a78-4749-a61a-29a46484aeef,534f5464-a9f9-4646-962c-985cbaee9087,EVT-REAL-2025-00901,31.89443,75.61765,Punjab,Sangrur,,,2025-01-13,VALIDATION,Sangrur,NORTHERN_AGRICULTURE,Uncertain,UNKNOWN,LOW_CONFIDENCE_HOTSPOT,UNVERIFIED,REAL,False,True,11.26,11.26,0.0,338.73,338.73,0.0,4509.647146236622,1021956.0,9744.3,4200.0,1106452.6,1091056.4,0,1.0,26.0,1.0,1.396,0.65
84dcfe1e-caa3-4f3e-8535-9f47b7fc5bda,a6c9a400-4c2c-4766-a35d-fef2ff460bb5,EVT-REAL-2025-00902,27.9361,80.27564,Uttar Pradesh,Sonbhadra,,,2025-01-13,VALIDATION,Sonbhadra,GENERAL_INDIAN_TERRITORY,Agricultural Burning,REAL,BHUVAN_AGRICULTURAL_CYCLE,UNVERIFIED,REAL,False,True,10.57,10.57,0.0,353.43,353.43,0.0,25569.384173179267,450220.8,402768.7,4200.0,484860.0,471829.1,0,1.0,16.86,1.0,2.575,0.2
2fd39d10-d3c9-4236-a951-e9e2c86f3df7,0667ece8-6299-4e3c-96cd-fe0dcc4ec848,EVT-REAL-2025-00903,26.78515,81.72583,Madhya Pradesh,Singrauli,,,2025-01-14,VALIDATION,Singrauli,EASTERN_COAL_BELT,Uncertain,UNKNOWN,LOW_CONFIDENCE_HOTSPOT,UNVERIFIED,REAL,False,True,12.75,12.75,0.0,339.18,339.18,0.0,3671.018287690189,323180.0,593538.9,4200.0,306066.4,296857.2,0,0.1333,1.43,1.0,1.657,0.65
c153aff2-3a07-4699-b428-ccd1c5b6b77c,b66ffd4e-7d84-4d22-bae8-6f7f0d28d4d9,EVT-REAL-2025-00904,21.89608,84.25808,Chhattisgarh,Korba,,,2025-01-14,VALIDATION,Korba,EASTERN_COAL_BELT,Other Thermal Source,REAL,BACKGROUND_THERMAL_SOURCE,UNVERIFIED,REAL,False,True,31.1,30.77,0.33166247903553997,346.25,328.93,17.319999999999993,14336.431838916626,190334.3,1158921.1,4200.0,256606.8,168873.2,0,1.0,22.0,1.0,3.479,0.2
db19254e-9ddc-44bb-800a-017f01142b1b,365a9295-bed1-4cce-a8a9-ced8b64ac34e,EVT-REAL-2025-00905,22.16007,72.74492,Gujarat,Jamnagar,,,2025-01-14,VALIDATION,Jamnagar,WESTERN_PETROCHEMICAL,Other Thermal Source,REAL,BACKGROUND_THERMAL_SOURCE,UNVERIFIED,REAL,False,True,31.39,28.75,2.6457513110645907,351.55,338.58,12.970000000000027,5674.487333482438,839937.1,869751.4,4200.0,1049083.6,1007564.1,0,1.0,34.29,1.0,3.848,0.65
d186f1f1-8ebe-4cdb-99a5-68c0317be013,0b57fee5-0865-48dc-8752-6b21911d9c20,EVT-REAL-2025-00906,31.60528,76.69938,Punjab,Sangrur,4e22ffa9-a7db-49cc-b1b9-8596ff90f47f,Solar Photovoltaic / Solar Thermal Power Generation (Way #1265624488),2025-01-14,VALIDATION,4e22ffa9-a7db-49cc-b1b9-8596ff90f47f,NORTHERN_AGRICULTURE,Industrial Fire,REAL,OSM_FACILITY_GROUND_TRUTH,UNVERIFIED,REAL,False,True,12.56,12.56,0.0,329.82,329.82,0.0,417.83643054602027,944488.4,0.0,4200.0,1016457.3,1002010.5,4,0.1333,1.14,1.0,3.032,0.95
4b9e6d58-887c-4f0e-a1e1-ba2e9a9ff987,bf559eea-18e9-4846-9730-2778411fabc4,EVT-REAL-2025-00907,31.0843,75.4597,Punjab,Sangrur,a628fc45-95e8-4237-8744-5acd707190b1,Designated Industrial Park / Estate (Way #1534650171),2025-01-14,VALIDATION,a628fc45-95e8-4237-8744-5acd707190b1,NORTHERN_AGRICULTURE,Agricultural Burning,REAL,BHUVAN_AGRICULTURAL_CYCLE,UNVERIFIED,REAL,False,True,10.6,10.6,0.0,310.9,310.9,0.0,1692.4817418080306,954764.7,0.0,4200.0,1051380.9,1034913.8,4,1.0,31.71,1.0,2.252,0.95
aaa15df7-e474-453b-a973-c197a5d68cdb,11c185df-6e2a-49bc-847a-280c1d9e98dc,EVT-REAL-2025-00908,29.73039,75.30434,Punjab,Sangrur,5885b628-d128-4eeb-bc6e-cc916d0c2d59,Mirpur Kalan,2025-01-15,VALIDATION,5885b628-d128-4eeb-bc6e-cc916d0c2d59,NORTHERN_AGRICULTURE,Gas Flare,WEAKLY_LABELED,FACILITY_THERMAL_BASE,UNVERIFIED,REAL,False,True,11.57,11.57,0.0,339.58,339.58,0.0,425.71409115773525,845778.9,19491.7,4200.0,963550.2,945336.0,0,1.0,38.86,1.0,2.132,0.95
2965f362-ab03-4e9f-aeac-8e8eab10c847,cc1db1b5-988e-46ae-9c7b-c1ec1d7ecb84,EVT-REAL-2025-00909,22.94471,69.03556,Gujarat,Jamnagar,,,2025-01-16,VALIDATION,Jamnagar,WESTERN_PETROCHEMICAL,Uncertain,UNKNOWN,LOW_CONFIDENCE_HOTSPOT,UNVERIFIED,REAL,False,True,33.35,33.35,0.0,367.0,367.0,0.0,34589.72019479496,1205368.0,926640.3,4200.0,1410307.4,1386405.7,0,0.5667,13.14,1.0,5.858,0.2
6e1bb3a8-7f36-4aba-9bab-ff66b9ff1fd8,23aa49a3-3faf-46c8-9d54-6610eb19e93b,EVT-REAL-2025-00910,29.52118,76.69897,Punjab,Sangrur,,,2025-01-16,VALIDATION,Sangrur,NORTHERN_AGRICULTURE,Agricultural Burning,REAL,BHUVAN_AGRICULTURAL_CYCLE,UNVERIFIED,REAL,False,True,9.69,9.69,0.0,333.15,333.15,0.0,16120.742660548362,744441.5,42094.6,4200.0,845392.0,828271.1,0,1.0,17.43,1.0,1.65,0.2
eebcfe25-15ef-404c-9c7e-11609b74692b,d2e2193e-8f05-4af1-ab51-6d850cca31e9,EVT-REAL-2025-00911,12.3923,75.99738,Karnataka,Ballari,,,2025-01-16,VALIDATION,Ballari,GENERAL_INDIAN_TERRITORY,Uncertain,UNKNOWN,LOW_CONFIDENCE_HOTSPOT,UNVERIFIED,REAL,False,True,23.77,23.77,0.0,339.24,339.24,0.0,3638.9951023333274,1330139.2,1939130.6,4200.0,1467025.4,1296703.5,0,0.3333,4.57,1.0,5.688,0.65
471704cc-89cf-40f6-924f-e84eae7951e1,da0ab2b9-487b-44a3-8470-18a20b04a43b,EVT-REAL-2025-00912,18.44353,80.51074,Chhattisgarh,Korba,,,2025-01-16,VALIDATION,Korba,EASTERN_COAL_BELT,Uncertain,UNKNOWN,LOW_CONFIDENCE_HOTSPOT,UNVERIFIED,REAL,False,True,34.49,34.49,0.0,338.71,338.71,0.0,6863.114732254127,560645.0,1323503.4,4200.0,654327.9,475669.2,0,1.0,18.57,1.0,6.694,0.65
4aa132f8-d5a8-4e42-8860-d99c6236a119,ff0d7de8-9be6-4b1d-b912-b21303f03895,EVT-REAL-2025-00913,21.60158,69.84554,Gujarat,Jamnagar,8ecbe261-a425-480f-b1a8-f9264f9494a1,Moserbear,2025-01-16,VALIDATION,8ecbe261-a425-480f-b1a8-f9264f9494a1,WESTERN_PETROCHEMICAL,Gas Flare,WEAKLY_LABELED,FACILITY_THERMAL_BASE,UNVERIFIED,REAL,False,True,34.89,34.89,0.0,341.61,335.61,6.0,265.6455877121886,1145879.1,1017579.7,4200.0,1354931.5,1311139.2,0,0.7,29.71,1.0,2.941,0.95
c9fad3f3-a2c7-4f94-8a42-85a37165181a,b75ac73b-7b08-43b3-b651-a57770530515,EVT-REAL-2025-00914,26.56992,80.93874,Madhya Pradesh,Singrauli,,,2025-01-17,VALIDATION,Singrauli,EASTERN_COAL_BELT,Uncertain,UNKNOWN,LOW_CONFIDENCE_HOTSPOT,UNVERIFIED,REAL,False,True,14.38,14.38,0.0,338.01,338.01,0.0,14375.224825042866,295748.9,548726.4,4200.0,322489.8,308278.6,0,0.2667,2.57,1.0,3.74,0.2
d66d5cf5-169e-417b-be30-0293122b5a09,6869ed38-013f-42d6-8f70-6234abf1b6ad,EVT-REAL-2025-00915,21.8318,84.9329,Odisha,Angul,fbb04982-8e88-406b-a6b1-8d8d4f6ac347,Designated Industrial Park / Estate (Way #664709632),2025-01-17,VALIDATION,fbb04982-8e88-406b-a6b1-8d8d4f6ac347,EASTERN_COAL_BELT,Gas Flare,WEAKLY_LABELED,FACILITY_THERMAL_BASE,UNVERIFIED,REAL,False,True,39.1,39.1,0.0,308.7,308.7,0.0,418.17577894175963,120657.7,1208878.8,4200.0,300644.2,238238.1,0,1.0,28.29,1.0,13.065,0.95
189826bc-2228-41b2-86da-9c5616bbd392,7aacb3ed-8bc6-44e2-a954-64ad8888263f,EVT-REAL-2025-00916,26.30128,81.24075,Madhya Pradesh,Singrauli,,,2025-01-17,VALIDATION,Singrauli,EASTERN_COAL_BELT,Uncertain,UNKNOWN,LOW_CONFIDENCE_HOTSPOT,UNVERIFIED,REAL,False,True,9.1,9.1,0.0,348.7,348.7,0.0,5157.7467647631465,265998.8,591063.1,4200.0,280809.9,267122.2,0,0.9,10.0,1.0,2.415,0.65
f2e5145b-8fdd-4e98-9fd8-0ffab6664f5e,2cb70f05-8c41-4c53-8b4c-d65ebe2872ae,EVT-REAL-2025-00917,27.24102,80.47495,Uttar Pradesh,Sonbhadra,,,2025-01-17,VALIDATION,Sonbhadra,GENERAL_INDIAN_TERRITORY,Agricultural Burning,REAL,BHUVAN_AGRICULTURAL_CYCLE,UNVERIFIED,REAL,False,True,8.39,8.39,0.0,342.96,342.96,0.0,12815.841248234638,371561.3,464830.9,4200.0,409777.1,395741.6,0,0.2,2.29,1.0,1.463,0.2
168d8cf6-2f42-47fb-b84b-06250ddaf0c6,2ec7f9d3-afe9-4639-8626-40662b8d2843,EVT-REAL-2025-00918,27.97046,80.57771,Uttar Pradesh,Sonbhadra,,,2025-01-17,VALIDATION,Sonbhadra,GENERAL_INDIAN_TERRITORY,Agricultural Burning,REAL,BHUVAN_AGRICULTURAL_CYCLE,UNVERIFIED,REAL,False,True,9.66,9.66,0.0,354.62,354.62,0.0,15514.642454512308,451504.3,425867.9,4200.0,473175.5,461244.3,0,0.4333,4.0,1.0,3.103,0.2
687a7b8c-2665-4d0d-8e1b-b1067fda1bc1,a8f815ba-f557-4a42-b913-f46310d676ec,EVT-REAL-2025-00919,27.95205,78.78046,Uttar Pradesh,Sonbhadra,,,2025-01-17,VALIDATION,Sonbhadra,GENERAL_INDIAN_TERRITORY,Uncertain,UNKNOWN,LOW_CONFIDENCE_HOTSPOT,UNVERIFIED,REAL,False,True,10.48,10.48,0.0,331.77,331.77,0.0,5749.563389514339,492369.2,289649.9,4200.0,578293.0,561565.0,0,0.5333,6.57,1.0,1.396,0.65
3ae2129a-b80c-4209-a8b0-fae90da03f00,6f7045be-9931-40da-8b61-1e1791e3b076,EVT-REAL-2025-00920,30.79811,76.18629,Punjab,Sangrur,,,2025-01-17,VALIDATION,Sangrur,NORTHERN_AGRICULTURE,Agricultural Burning,REAL,BHUVAN_AGRICULTURAL_CYCLE,UNVERIFIED,REAL,False,True,38.02,38.02,0.0,338.46,338.46,0.0,2553.0775820708645,890055.5,0.0,4200.0,980159.7,964126.0,4,1.0,24.57,1.0,5.851,0.65
b473d3f7-01f1-450c-8137-9666cb33d598,5ff0e95a-f071-4746-be8c-e79188073c05,EVT-REAL-2025-00921,31.76619,75.4908,Punjab,Sangrur,,,2025-01-17,VALIDATION,Sangrur,NORTHERN_AGRICULTURE,Agricultural Burning,REAL,BHUVAN_AGRICULTURAL_CYCLE,UNVERIFIED,REAL,False,True,13.72,13.72,0.0,338.34,338.34,0.0,5288.090355382351,1016173.1,0.0,4200.0,1103884.4,1088214.6,4,1.0,46.0,1.0,2.441,0.65
5203a792-da84-4779-85c2-b70acdf8adaa,e7e0e24e-4f1d-4544-b9f0-20cd067b6587,EVT-REAL-2025-00922,12.421,76.80045,Tamil Nadu,Chennai,,,2025-01-17,VALIDATION,Chennai,GENERAL_INDIAN_TERRITORY,Other Thermal Source,REAL,BACKGROUND_THERMAL_SOURCE,UNVERIFIED,REAL,False,True,49.2,39.55,9.649870465451855,337.8,333.5,4.300000000000011,4510.885530259903,1297093.5,1935371.1,4200.0,1424585.9,1250498.1,0,0.7,15.43,1.0,8.285,0.65
4a21a0d3-fe19-46fd-866f-efd72ed81f10,64d5a5ca-e0fe-4b39-8fac-b048fe6886e2,EVT-REAL-2025-00923,12.432,76.8049,Tamil Nadu,Chennai,,,2025-01-17,VALIDATION,Chennai,GENERAL_INDIAN_TERRITORY,Uncertain,UNKNOWN,LOW_CONFIDENCE_HOTSPOT,UNVERIFIED,REAL,False,True,29.1,29.1,0.0,328.3,328.3,0.0,5556.730237835968,1295786.0,1934154.3,4200.0,1423279.3,1249197.2,0,0.6333,14.0,1.0,4.99,0.65
4107c657-e2d0-4c90-8603-3c31f2cdd2fd,d35f1055-f606-45c7-a1b3-a819618ac484,EVT-REAL-2025-00924,31.5249,75.7353,Punjab,Sangrur,,,2025-01-17,VALIDATION,Sangrur,NORTHERN_AGRICULTURE,Agricultural Burning,REAL,BHUVAN_AGRICULTURAL_CYCLE,UNVERIFIED,REAL,False,True,14.9,14.9,0.0,303.2,303.2,0.0,6297.473917078151,981191.8,0.0,4200.0,1068488.4,1052809.3,4,1.0,19.71,1.0,1.755,0.65
71644c60-a0b7-417c-b4c0-993f9b094fc2,28fc414e-bd07-4b76-90b1-7f1a3c717155,EVT-REAL-2025-00925,29.91349,74.94263,Punjab,Sangrur,278d9711-f5eb-4087-be4f-aba130395447,Guru Gobind Singh Refinery,2025-01-17,VALIDATION,278d9711-f5eb-4087-be4f-aba130395447,NORTHERN_AGRICULTURE,Agricultural Burning,REAL,BHUVAN_AGRICULTURAL_CYCLE,UNVERIFIED,REAL,False,True,47.0,20.47,13.479985163196583,367.0,332.34,34.660000000000025,1062.2541290703664,884256.6,0.0,4200.0,1003645.7,985358.2,4,1.0,977.14,0.0,3.621,0.95
ca9b544f-69f4-4444-8ff1-f17cb5f11b3e,8f8ceac3-33d7-48df-b90b-3ccd8efa2a62,EVT-REAL-2025-00926,22.5591,70.652,Gujarat,Jamnagar,,,2025-01-18,VALIDATION,Jamnagar,WESTERN_PETROCHEMICAL,Uncertain,UNKNOWN,LOW_CONFIDENCE_HOTSPOT,UNVERIFIED,REAL,False,True,26.0,26.0,0.0,321.2,321.2,0.0,10543.81836436883,1045152.7,887054.7,4200.0,1252195.1,1221040.5,0,0.6667,10.29,1.0,4.101,0.2
03928ea9-c440-4ba1-b2d8-8985a65a7218,9157968f-9f2c-45ae-b654-463f4736459c,EVT-REAL-2025-00927,21.79698,81.22506,Madhya Pradesh,Singrauli,,,2025-01-18,VALIDATION,Singrauli,EASTERN_COAL_BELT,Uncertain,UNKNOWN,LOW_CONFIDENCE_HOTSPOT,UNVERIFIED,REAL,False,True,22.5,22.5,0.0,367.0,367.0,0.0,28843.07927148563,188594.6,1001038.1,4200.0,288035.0,144812.3,0,0.4667,5.14,1.0,5.856,0.2
fe2cd779-48ae-4036-9c38-e9b7a1ae0326,5a9b557e-181b-4169-8389-1a7cfbf2f0ca,EVT-REAL-2025-00928,21.68977,81.92993,Madhya Pradesh,Singrauli,,,2025-01-18,VALIDATION,Singrauli,EASTERN_COAL_BELT,Uncertain,UNKNOWN,LOW_CONFIDENCE_HOTSPOT,UNVERIFIED,REAL,False,True,40.9,40.9,0.0,348.81,348.81,0.0,15688.233226171584,212302.7,1044617.3,4200.0,265757.9,90987.5,0,0.4667,6.57,1.0,7.78,0.2
1fcfddb3-f7ce-4de3-8ad6-b9d97ca082a6,ffa88ecd-6a95-48b9-8208-329844ee6fc0,EVT-REAL-2025-00929,24.2393,82.4277,Madhya Pradesh,Singrauli,36d83757-b5dd-43d6-9a69-6d3a12d0d492,Solar Photovoltaic / Solar Thermal Power Generation (Way #1499127735),2025-01-18,VALIDATION,36d83757-b5dd-43d6-9a69-6d3a12d0d492,EASTERN_COAL_BELT,Gas Flare,WEAKLY_LABELED,FACILITY_THERMAL_BASE,UNVERIFIED,REAL,False,True,19.4,19.4,0.0,320.9,320.9,0.0,775.9131853770149,125525.5,839370.4,4200.0,38067.3,15616.2,0,1.0,37.43,1.0,2.599,0.95
1bc99604-d0a0-410e-99d5-76219f9536b9,c27f0fce-967a-461a-8fd7-ef42facbd183,EVT-REAL-2025-00930,26.3563,81.2846,Madhya Pradesh,Singrauli,,,2025-01-18,VALIDATION,Singrauli,EASTERN_COAL_BELT,Uncertain,UNKNOWN,LOW_CONFIDENCE_HOTSPOT,UNVERIFIED,REAL,False,True,9.7,9.7,0.0,307.2,307.2,0.0,11436.5417188319,272118.8,590094.4,4200.0,283461.5,270226.5,0,0.1667,1.71,1.0,2.588,0.2
cf891ba3-a29d-49c7-944d-27f4461a3157,d849001a-2544-4748-ae4b-16df2e863696,EVT-REAL-2025-00931,18.98493,81.96455,Chhattisgarh,Korba,,,2025-01-18,VALIDATION,Korba,EASTERN_COAL_BELT,Uncertain,UNKNOWN,LOW_CONFIDENCE_HOTSPOT,UNVERIFIED,REAL,False,True,24.93,24.93,0.0,344.08,344.08,0.0,14656.420193567905,505379.7,1317051.4,4200.0,556521.9,371555.3,0,0.4667,6.0,1.0,3.678,0.2
cfaf4222-f24c-4dfa-82ba-1e72b7920e56,73f8894d-fb43-4a3c-a850-50e56a5227b7,EVT-REAL-2025-00932,26.03021,80.84113,Madhya Pradesh,Singrauli,,,2025-01-18,VALIDATION,Singrauli,EASTERN_COAL_BELT,Other Thermal Source,REAL,BACKGROUND_THERMAL_SOURCE,UNVERIFIED,REAL,False,True,18.63,17.73,0.9055385138137416,367.0,349.48,17.519999999999982,8133.7487289611445,235962.4,584710.8,4200.0,283070.7,266378.2,0,0.5333,10.0,1.0,2.945,0.2
a6392268-c2f0-4550-b7b6-5f6db72d0ef6,b4838057-0222-4e0e-9ce0-d3795beddd7f,EVT-REAL-2025-00933,26.02858,80.84223,Madhya Pradesh,Singrauli,,,2025-01-18,VALIDATION,Singrauli,EASTERN_COAL_BELT,Uncertain,UNKNOWN,LOW_CONFIDENCE_HOTSPOT,UNVERIFIED,REAL,False,True,26.24,26.24,0.0,367.0,367.0,0.0,7953.9239609781225,235781.6,584918.7,4200.0,282864.9,266170.0,0,0.6,10.57,1.0,4.201,0.65
362c6fd8-547d-499c-81bb-2dbfac67a5e6,b127fb78-82d7-40eb-bc65-ccb45d2e5b6d,EVT-REAL-2025-00934,23.6816,86.3961,Jharkhand,Dhanbad,0348bfff-a7d5-4948-844e-1899cbf51b57,Designated Industrial Park / Estate (Way #825940073),2025-01-19,VALIDATION,0348bfff-a7d5-4948-844e-1899cbf51b57,EASTERN_COAL_BELT,Uncertain,UNKNOWN,LOW_CONFIDENCE_HOTSPOT,UNVERIFIED,REAL,False,True,16.0,16.0,0.0,310.3,310.3,0.0,2225.6926241798305,180661.7,1176113.9,4200.0,337164.6,377460.0,0,1.0,4129.14,1.0,5.0,0.95
5151197a-36ff-43c8-a94b-917431930179,2473e2ac-dc54-4752-87d1-451ad74f7b7e,EVT-REAL-2025-00935,22.04331,84.28199,Chhattisgarh,Korba,28039fa9-7884-4293-bdcc-6b0e17c8e5d9,Solar Photovoltaic / Solar Thermal Power Generation (Way #1002379670),2025-01-19,VALIDATION,28039fa9-7884-4293-bdcc-6b0e17c8e5d9,EASTERN_COAL_BELT,Uncertain,UNKNOWN,LOW_CONFIDENCE_HOTSPOT,UNVERIFIED,REAL,False,True,26.47,26.47,0.0,367.0,367.0,0.0,1506.0337352569163,187670.5,1147772.7,4200.0,243453.4,167651.2,0,0.9333,12.57,1.0,5.264,0.95
88580f51-8942-4461-819d-802c7b51c5c4,5fc4c4c3-7dcc-4ea6-b771-cc78734d96e2,EVT-REAL-2025-00936,23.15722,87.26859,Jharkhand,Dhanbad,,,2025-01-19,VALIDATION,Dhanbad,EASTERN_COAL_BELT,Uncertain,UNKNOWN,LOW_CONFIDENCE_HOTSPOT,UNVERIFIED,REAL,False,True,31.47,31.47,0.0,367.0,367.0,0.0,7021.660648108032,138126.2,1282153.3,4200.0,434554.0,476174.8,0,0.1333,1.14,1.0,11.475,0.65
ad074bde-c18e-4a83-9b6d-0693214d110b,ce7b4d4c-603a-4efa-a6ba-0c02ce91e365,EVT-REAL-2025-00937,21.62576,84.33698,Chhattisgarh,Korba,,,2025-01-19,VALIDATION,Korba,EASTERN_COAL_BELT,Other Thermal Source,REAL,BACKGROUND_THERMAL_SOURCE,UNVERIFIED,REAL,False,True,43.85,32.96,7.714272486761146,367.0,351.73,15.269999999999982,23748.617874182473,182523.1,1187480.9,4200.0,287016.7,186720.8,0,1.0,15.71,1.0,6.071,0.2
bb8ce9b9-45b4-47f9-a604-5ca76880f88b,1a6291a2-a18b-4bd8-8df3-daf5301edb52,EVT-REAL-2025-00938,21.73787,85.77486,Odisha,Angul,,,2025-01-19,VALIDATION,Angul,EASTERN_COAL_BELT,Forest Fire,REAL,FSI_FOREST_CANOPY,UNVERIFIED,REAL,False,True,35.16,35.16,0.0,335.02,335.02,0.0,37039.205832723914,33636.0,1274705.6,4200.0,367930.8,325538.3,0,0.0667,0.57,1.0,16.278,0.2
ca7e2c25-1c19-4471-95df-877770220748,c22b56c7-cf26-4ca7-81f7-18439f5e5a32,EVT-REAL-2025-00939,18.99237,82.35315,Chhattisgarh,Korba,,,2025-01-19,VALIDATION,Korba,EASTERN_COAL_BELT,Mining Activity,REAL,IBM_MINING_GROUND_TRUTH,UNVERIFIED,REAL,False,True,21.3,21.3,0.0,340.31,340.31,0.0,21924.611266868727,473670.3,1332374.1,4200.0,550875.6,366609.0,0,1.0,30.29,1.0,3.42,0.2
0b434d04-307e-4953-9f53-4506b7979a3d,459eff69-a5b4-4e5b-9651-67e21c8881bc,EVT-REAL-2025-00940,27.98114,80.93865,Uttar Pradesh,Sonbhadra,,,2025-01-19,VALIDATION,Sonbhadra,GENERAL_INDIAN_TERRITORY,Agricultural Burning,REAL,BHUVAN_AGRICULTURAL_CYCLE,UNVERIFIED,REAL,False,True,14.26,14.26,0.0,344.25,344.25,0.0,11392.452284466019,452123.3,456064.2,4200.0,458409.0,447857.3,0,0.6,5.71,1.0,3.08,0.2
a3bce127-f39c-471b-96f5-829019e30170,909b6a1c-4611-4945-88d4-01896b69a39c,EVT-REAL-2025-00941,27.65721,80.97534,Uttar Pradesh,Sonbhadra,,,2025-01-19,VALIDATION,Sonbhadra,GENERAL_INDIAN_TERRITORY,Agricultural Burning,REAL,BHUVAN_AGRICULTURAL_CYCLE,UNVERIFIED,REAL,False,True,11.03,10.09,0.9433981132056604,354.02,343.81,10.20999999999998,14950.979269784779,416224.7,477445.5,4200.0,424375.6,413317.3,0,0.2667,3.14,1.0,3.588,0.2
cbdccaf5-4173-4d32-bedd-f70e3219d616,e6e9f114-53fa-4b1b-a768-098d5ec2c1e2,EVT-REAL-2025-00942,21.414,84.0144,Chhattisgarh,Korba,,,2025-01-19,VALIDATION,Korba,EASTERN_COAL_BELT,Uncertain,UNKNOWN,LOW_CONFIDENCE_HOTSPOT,UNVERIFIED,REAL,False,True,30.2,30.2,0.0,313.4,313.4,0.0,8403.331070920038,216230.7,1186076.3,4200.0,296135.1,169259.7,0,1.0,28.0,1.0,6.669,0.2
81bddc47-c4cf-4745-8fa4-377f4a71ca14,84bb945a-ce0f-40c2-b8ef-8627de0044fb,EVT-REAL-2025-00943,21.6521,84.2339,Chhattisgarh,Korba,,,2025-01-19,VALIDATION,Korba,EASTERN_COAL_BELT,Uncertain,UNKNOWN,LOW_CONFIDENCE_HOTSPOT,UNVERIFIED,REAL,False,True,25.9,25.9,0.0,311.3,311.3,0.0,16251.50692490024,193159.3,1178636.3,4200.0,279833.9,175789.7,0,1.0,29.71,1.0,3.307,0.2
89976ce8-8e00-4080-af8a-02813b2f51a4,088348e5-8bfa-4f7b-868f-bcc2c7e1f9a2,EVT-REAL-2025-00944,21.8205,84.156,Chhattisgarh,Korba,08da6f89-7424-4528-80f2-9a3b02ba132d,Designated Industrial Park / Estate (Way #704323613),2025-01-19,VALIDATION,08da6f89-7424-4528-80f2-9a3b02ba132d,EASTERN_COAL_BELT,Uncertain,UNKNOWN,LOW_CONFIDENCE_HOTSPOT,UNVERIFIED,REAL,False,True,55.8,55.8,0.0,320.8,320.8,0.0,2490.894269324375,200987.9,1158962.9,4200.0,259523.9,161336.4,0,1.0,26.29,1.0,10.652,0.95
6710b58a-1efb-4741-8f35-ce767f6ae4c9,208bf5da-a4d5-4afb-b023-959465832194,EVT-REAL-2025-00945,21.8356,84.2562,Chhattisgarh,Korba,,,2025-01-19,VALIDATION,Korba,EASTERN_COAL_BELT,Uncertain,UNKNOWN,LOW_CONFIDENCE_HOTSPOT,UNVERIFIED,REAL,False,True,48.2,48.2,0.0,319.1,319.1,0.0,12356.935992563034,190608.9,1164045.1,4200.0,262485.6,170616.9,0,1.0,22.57,1.0,7.585,0.2
4e1e12f3-458f-4e05-8bd1-74bb2c77b9a0,5c9a292d-3395-4232-8972-5511934e7ecd,EVT-REAL-2025-00946,21.833,84.229,Chhattisgarh,Korba,,,2025-01-19,VALIDATION,Korba,EASTERN_COAL_BELT,Uncertain,UNKNOWN,LOW_CONFIDENCE_HOTSPOT,UNVERIFIED,REAL,False,True,126.4,126.4,0.0,333.7,333.7,0.0,9547.99669007144,193424.1,1162528.7,4200.0,261495.0,168032.0,0,0.9333,16.0,1.0,29.13,0.2
916b4a83-097c-4571-bc52-b5d102b66f95,587b7cc3-9835-4cfb-a4d5-76153c6ca0bd,EVT-REAL-2025-00947,22.31475,84.0588,Chhattisgarh,Korba,,,2025-01-19,VALIDATION,Korba,EASTERN_COAL_BELT,Other Thermal Source,REAL,BACKGROUND_THERMAL_SOURCE,UNVERIFIED,REAL,False,True,60.7,44.8,15.9,322.0,318.8,3.1999999999999886,34421.821611653424,212537.9,1109932.1,4200.0,206007.0,142059.5,0,1.0,21.14,1.0,9.871,0.2
13e6bf35-0d49-481e-9d74-50a4f77437cf,b8c46232-2209-4f80-b2d9-4aa89c8e2fb0,EVT-REAL-2025-00948,19.1524,82.7124,Chhattisgarh,Korba,,,2025-01-19,VALIDATION,Korba,EASTERN_COAL_BELT,Uncertain,UNKNOWN,LOW_CONFIDENCE_HOTSPOT,UNVERIFIED,REAL,False,True,23.2,23.2,0.0,316.2,316.2,0.0,12515.385728554573,432572.5,1332086.3,4200.0,531290.5,348498.8,0,0.3333,4.57,1.0,5.213,0.2
d5406e4a-4a8d-4bf4-8252-4e28e615fdd4,8d8a1dcd-8bbd-45ad-8d1a-62fe028ec853,EVT-REAL-2025-00949,29.9121,74.962,Punjab,Sangrur,278d9711-f5eb-4087-be4f-aba130395447,Guru Gobind Singh Refinery,2025-01-19,VALIDATION,278d9711-f5eb-4087-be4f-aba130395447,NORTHERN_AGRICULTURE,Agricultural Burning,REAL,BHUVAN_AGRICULTURAL_CYCLE,UNVERIFIED,REAL,False,True,55.8,55.8,0.0,302.5,302.5,0.0,1157.8398092176076,882880.4,0.0,4200.0,1002063.8,983789.7,4,1.0,925.14,0.0,4.447,0.95
629718d1-e0e8-4faf-981c-4ca983a1d0ab,21f80a83-e543-4ef5-acaf-57f1b7daf37d,EVT-REAL-2025-00950,29.90798,74.95299,Punjab,Sangrur,278d9711-f5eb-4087-be4f-aba130395447,Guru Gobind Singh Refinery,2025-01-19,VALIDATION,278d9711-f5eb-4087-be4f-aba130395447,NORTHERN_AGRICULTURE,Agricultural Burning,REAL,BHUVAN_AGRICULTURAL_CYCLE,UNVERIFIED,REAL,False,True,20.11,17.01,4.063249930782009,367.0,367.0,0.0,1135.3433707133818,883130.5,0.0,4200.0,1002479.6,984193.7,4,1.0,989.71,0.6667,1.546,0.95
e56c8858-a4a6-4166-a50a-e63520e0c3ee,e8b2a247-e4b5-44e7-be0a-6369808a955d,EVT-REAL-2025-00951,21.1984,73.1155,Gujarat,Jamnagar,,,2025-01-20,VALIDATION,Jamnagar,WESTERN_PETROCHEMICAL,Uncertain,UNKNOWN,LOW_CONFIDENCE_HOTSPOT,UNVERIFIED,REAL,False,True,35.8,35.8,0.0,334.8,334.8,0.0,7010.649576997217,831422.3,970106.6,4200.0,1041228.9,980273.3,0,0.7,6.86,1.0,4.42,0.65
471856af-10ac-4754-9020-d7a3b2e5a139,1f147741-c5a7-4b9f-b1ae-962833dca242,EVT-REAL-2025-00952,19.21224,82.5272,Chhattisgarh,Korba,,,2025-01-20,VALIDATION,Korba,EASTERN_COAL_BELT,Uncertain,UNKNOWN,LOW_CONFIDENCE_HOTSPOT,UNVERIFIED,REAL,False,True,22.22,22.22,0.0,340.56,340.56,0.0,22341.91075994413,444834.5,1317786.0,4200.0,525348.7,341858.8,0,0.6333,7.14,1.0,3.306,0.2
4c0cc0df-d953-442f-a9ce-8a412aa9d0c6,e653ef1b-d31b-4ec8-bd4e-5524e77d2732,EVT-REAL-2025-00953,19.21343,82.53307,Chhattisgarh,Korba,,,2025-01-20,VALIDATION,Korba,EASTERN_COAL_BELT,Uncertain,UNKNOWN,LOW_CONFIDENCE_HOTSPOT,UNVERIFIED,REAL,False,True,22.22,22.22,0.0,335.92,335.92,0.0,21712.187742045484,444247.5,1317927.3,4200.0,525184.8,341727.4,0,0.5333,6.0,1.0,4.027,0.2
69ab53a7-e8a2-4dd2-b062-1f19a1614c0b,94bb21aa-ed47-412d-991f-fde76e60759b,EVT-REAL-2025-00954,27.22588,79.38178,Uttar Pradesh,Sonbhadra,,,2025-01-20,VALIDATION,Sonbhadra,GENERAL_INDIAN_TERRITORY,Agricultural Burning,REAL,BHUVAN_AGRICULTURAL_CYCLE,UNVERIFIED,REAL,False,True,9.2,9.2,0.0,367.0,367.0,0.0,14753.541671613133,395034.0,389391.3,4200.0,479586.3,462441.6,0,0.2,2.57,1.0,3.037,0.2
8376ed51-8248-4efc-a6bf-45e5558c89f2,de2996b1-9033-4f44-89d3-be29b833beec,EVT-REAL-2025-00955,31.83011,74.5929,Punjab,Sangrur,,,2025-01-20,VALIDATION,Sangrur,NORTHERN_AGRICULTURE,Agricultural Burning,REAL,BHUVAN_AGRICULTURAL_CYCLE,UNVERIFIED,REAL,False,True,8.2,8.2,0.0,353.04,353.04,0.0,13448.874710797478,1069954.6,2962.7,4200.0,1168102.5,1151640.6,0,1.0,52.0,1.0,1.225,0.2
87e30421-0916-4e72-8d01-d28ff385195b,f95edf95-dada-4843-a5e7-83d1b8b945bb,EVT-REAL-2025-00956,31.83178,74.58966,Punjab,Sangrur,,,2025-01-20,VALIDATION,Sangrur,NORTHERN_AGRICULTURE,Agricultural Burning,REAL,BHUVAN_AGRICULTURAL_CYCLE,UNVERIFIED,REAL,False,True,9.39,9.39,0.0,367.0,367.0,0.0,13799.876744682673,1070285.5,3150.5,4200.0,1168451.3,1151988.3,0,1.0,42.86,1.0,1.401,0.2
2ae8c386-b2dd-4eea-9d10-d7274d25cfb5,8379b32b-0291-43ec-927e-19d6d322203b,EVT-REAL-2025-00957,25.26274,81.45602,Madhya Pradesh,Singrauli,,,2025-01-20,VALIDATION,Singrauli,EASTERN_COAL_BELT,Other Thermal Source,REAL,BACKGROUND_THERMAL_SOURCE,UNVERIFIED,REAL,False,True,16.56,11.54,3.1128764832546763,367.0,359.06,7.939999999999998,10516.191304793607,152381.7,689333.5,4200.0,179844.5,162075.8,0,0.3,4.57,1.0,3.099,0.2
ce2ee567-6911-4c14-986f-bd260c6d84c2,4a3c2e55-d85e-46a6-bee0-13a3b44fa83c,EVT-REAL-2025-00958,25.60531,81.14666,Madhya Pradesh,Singrauli,afe3b536-fd11-47ad-ab47-74c5dd19d7fe,Brick Kiln,2025-01-20,VALIDATION,afe3b536-fd11-47ad-ab47-74c5dd19d7fe,EASTERN_COAL_BELT,Industrial Fire,REAL,OSM_FACILITY_GROUND_TRUTH,UNVERIFIED,REAL,False,True,11.63,11.63,0.0,343.76,343.76,0.0,680.9359547376206,188883.1,640273.7,4200.0,228322.2,210979.6,0,0.3,2.57,1.0,2.996,0.95
214e262a-9568-423d-bc59-b3c7d18a9ed2,9daecaf8-41a1-42a4-9a42-b2881c76e012,EVT-REAL-2025-00959,30.59798,76.30222,Punjab,Sangrur,359d6013-520d-4e38-9604-68a4148f1dae,Clay Building Materials (Brickyard / Brickworks / Kiln) (Way #631316747),2025-01-20,VALIDATION,359d6013-520d-4e38-9604-68a4148f1dae,NORTHERN_AGRICULTURE,Agricultural Burning,REAL,BHUVAN_AGRICULTURAL_CYCLE,UNVERIFIED,REAL,False,True,8.03,8.03,0.0,329.87,329.87,0.0,1966.3046434491837,865353.4,0.0,4200.0,956426.8,940277.7,4,1.0,29.71,1.0,1.358,0.95
8206bfd4-132f-4ccb-9933-bf8359faab18,eb712dca-0054-4c1b-a218-c1ce875da732,EVT-REAL-2025-00960,31.29537,75.10011,Punjab,Sangrur,,,2025-01-20,VALIDATION,Sangrur,NORTHERN_AGRICULTURE,Agricultural Burning,REAL,BHUVAN_AGRICULTURAL_CYCLE,UNVERIFIED,REAL,False,True,10.95,10.95,0.0,328.13,328.13,0.0,7484.563392833031,993676.9,0.0,4200.0,1092238.2,1075662.3,4,1.0,38.86,1.0,1.185,0.65
5440557a-da18-4af3-ba6e-a014a3e9385a,47ea6405-f6ca-44be-9927-dd083b596819,EVT-REAL-2025-00961,21.4429,84.1568,Chhattisgarh,Korba,5e1680e1-7150-466c-a269-d7c9c7ce27af,Designated Industrial Park / Estate (Way #1021813399),2025-01-20,VALIDATION,5e1680e1-7150-466c-a269-d7c9c7ce27af,EASTERN_COAL_BELT,Gas Flare,WEAKLY_LABELED,FACILITY_THERMAL_BASE,UNVERIFIED,REAL,False,True,25.2,25.2,0.0,315.8,315.8,0.0,1152.2382797413118,201428.1,1192263.9,4200.0,298110.5,179731.9,0,1.0,24.86,1.0,4.685,0.95
ce3a9cfc-8a6c-48b5-8fb4-5552311bd89b,1e46950e-955d-45c0-b4db-74346334bcfb,EVT-REAL-2025-00962,27.07838,81.54787,Uttar Pradesh,Sonbhadra,,,2025-01-20,VALIDATION,Sonbhadra,GENERAL_INDIAN_TERRITORY,Uncertain,UNKNOWN,LOW_CONFIDENCE_HOTSPOT,UNVERIFIED,REAL,False,True,8.27,8.27,0.0,367.0,367.0,0.0,4374.171968562704,353373.1,560174.6,4200.0,342762.3,333182.3,0,0.2333,2.29,1.0,2.265,0.65
b2fa58ef-e20a-4cd9-8f5f-c3fc28a862ff,d9d45527-3bc4-4cac-ad64-409f084215f9,EVT-REAL-2025-00963,27.0787,81.55257,Uttar Pradesh,Sonbhadra,,,2025-01-20,VALIDATION,Sonbhadra,GENERAL_INDIAN_TERRITORY,Uncertain,UNKNOWN,LOW_CONFIDENCE_HOTSPOT,UNVERIFIED,REAL,False,True,8.27,8.27,0.0,339.78,339.78,0.0,4117.494139849464,353448.8,560536.0,4200.0,342622.4,333069.5,0,0.2667,2.86,1.0,2.285,0.65
66241c16-008b-4f0a-8dcb-6597421ef4e4,4934f3bd-eb50-49de-bad9-18541565ab94,EVT-REAL-2025-00964,31.98131,74.90727,Punjab,Sangrur,,,2025-01-20,VALIDATION,Sangrur,NORTHERN_AGRICULTURE,Uncertain,UNKNOWN,LOW_CONFIDENCE_HOTSPOT,UNVERIFIED,REAL,False,True,8.47,8.47,0.0,354.17,354.17,0.0,4028.6579169956776,1066430.3,19524.0,4200.0,1159051.8,1143035.0,0,1.0,44.0,1.0,1.05,0.65
8da8cc88-7913-48f9-81d6-6b33c50c2921,58e3b743-001a-4f5f-95e2-c9173aefc3b9,EVT-REAL-2025-00965,15.44628,76.7272,Andhra Pradesh,East Godavari,,,2025-01-20,VALIDATION,East Godavari,GENERAL_INDIAN_TERRITORY,Uncertain,UNKNOWN,LOW_CONFIDENCE_HOTSPOT,UNVERIFIED,REAL,False,True,18.58,18.58,0.0,355.51,355.51,0.0,10620.36222219659,988569.8,1600674.7,4200.0,1136008.6,973396.3,0,1.0,11.71,1.0,4.409,0.2
80035b6e-c5f2-4966-8249-f01a8ba6f8e9,2ead0437-0af9-4a2b-8fa8-94ba352f63ac,EVT-REAL-2025-00966,31.48641,75.74825,Punjab,Sangrur,,,2025-01-20,VALIDATION,Sangrur,NORTHERN_AGRICULTURE,Agricultural Burning,REAL,BHUVAN_AGRICULTURAL_CYCLE,UNVERIFIED,REAL,False,True,8.36,8.36,0.0,367.0,367.0,0.0,8298.063917910871,976917.2,0.0,4200.0,1064506.0,1048797.4,4,1.0,16.86,1.0,1.468,0.2
0466d26c-1c6a-42dd-aec9-a20d7490b6f7,1c722c66-debd-4a3f-b3d3-51ec42749031,EVT-REAL-2025-00967,23.85794,86.90951,Jharkhand,Dhanbad,b30ef258-a986-4489-a9b0-7cf77fa6666a,Chittaranjan Locomotive Works,2025-01-21,VALIDATION,b30ef258-a986-4489-a9b0-7cf77fa6666a,EASTERN_COAL_BELT,Gas Flare,WEAKLY_LABELED,FACILITY_THERMAL_BASE,UNVERIFIED,REAL,False,True,16.62,16.62,0.0,367.0,367.0,0.0,137.2520981257734,201978.4,1206235.1,4200.0,388033.7,427297.1,0,1.0,17.43,1.0,1.889,0.95
3f24db45-d35a-46cb-b732-82eba62c685d,859d7ae9-e88e-4d9b-a7cf-45955c5506d6,EVT-REAL-2025-00968,18.38301,80.53829,Chhattisgarh,Korba,,,2025-01-21,VALIDATION,Korba,EASTERN_COAL_BELT,Other Thermal Source,REAL,BACKGROUND_THERMAL_SOURCE,UNVERIFIED,REAL,False,True,37.06,25.64,6.599242380758567,352.05,336.48,15.569999999999993,13849.734603446243,567189.8,1330742.1,4200.0,659567.2,480462.6,0,1.0,18.0,1.0,6.875,0.2
1f8b7ba1-38db-4384-9271-1bcc2bbe52f6,282be1d3-bfd0-49cf-80b7-522a9ac5532c,EVT-REAL-2025-00969,25.31674,79.81181,Madhya Pradesh,Singrauli,3f3f68ef-b418-4aae-aa62-d6554adf70fe,Mauja,2025-01-21,VALIDATION,3f3f68ef-b418-4aae-aa62-d6554adf70fe,EASTERN_COAL_BELT,Gas Flare,WEAKLY_LABELED,FACILITY_THERMAL_BASE,UNVERIFIED,REAL,False,True,10.49,10.49,0.0,345.86,345.86,0.0,164.25470292686663,186118.1,588432.8,4200.0,326566.5,305181.3,0,0.7333,8.86,1.0,1.534,0.95
c8a9e528-ea7f-4743-aff8-5a04b27e0038,71f24439-4ed6-46c3-a88d-1be949b672fb,EVT-REAL-2025-00970,26.63074,81.56098,Madhya Pradesh,Singrauli,,,2025-01-21,VALIDATION,Singrauli,EASTERN_COAL_BELT,Uncertain,UNKNOWN,LOW_CONFIDENCE_HOTSPOT,UNVERIFIED,REAL,False,True,11.42,11.42,0.0,344.43,344.43,0.0,14074.013246854314,304120.3,591064.6,4200.0,296722.5,286055.0,0,0.4667,6.29,1.0,2.115,0.2
fd12133d-3473-44d7-8231-0c03a1f44012,4f0a3edb-c860-46cd-8a1b-41ac0ced39ee,EVT-REAL-2025-00971,27.39845,81.41866,Uttar Pradesh,Sonbhadra,,,2025-01-21,VALIDATION,Sonbhadra,GENERAL_INDIAN_TERRITORY,Agricultural Burning,REAL,BHUVAN_AGRICULTURAL_CYCLE,UNVERIFIED,REAL,False,True,9.08,9.08,0.0,342.23,342.23,0.0,10920.885196485107,387938.0,529787.6,4200.0,380446.3,370875.6,0,0.6333,12.57,1.0,1.094,0.2
cf166458-4cb7-4172-953c-0fdd65acdb4c,ce4958f7-ba4f-489a-8034-81b5463113a0,EVT-REAL-2025-00972,26.2814,79.96767,Madhya Pradesh,Singrauli,,,2025-01-21,VALIDATION,Singrauli,EASTERN_COAL_BELT,Uncertain,UNKNOWN,LOW_CONFIDENCE_HOTSPOT,UNVERIFIED,REAL,False,True,11.19,11.19,0.0,344.89,344.89,0.0,5106.5843088336715,276834.4,507609.8,4200.0,366848.2,348416.0,0,1.0,23.14,1.0,2.143,0.65
8e13d82d-cd37-403e-afac-6b77612ebebe,c0a1b02f-f6ed-483f-8fcd-8228bf5ee3f7,EVT-REAL-2025-00973,31.2163,75.86444,Punjab,Sangrur,,,2025-01-21,VALIDATION,Sangrur,NORTHERN_AGRICULTURE,Agricultural Burning,REAL,BHUVAN_AGRICULTURAL_CYCLE,UNVERIFIED,REAL,False,True,8.4,8.4,0.0,342.29,342.29,0.0,5823.847559269304,945663.9,0.0,4200.0,1035000.4,1019107.7,4,1.0,23.71,1.0,1.26,0.65
d1289920-dbd4-4caa-8f7f-db590dbb8afd,68b522dd-35ed-411a-9911-b8cdf7ffc789,EVT-REAL-2025-00974,21.78134,84.17741,Chhattisgarh,Korba,,,2025-01-21,VALIDATION,Korba,EASTERN_COAL_BELT,Uncertain,UNKNOWN,LOW_CONFIDENCE_HOTSPOT,UNVERIFIED,REAL,False,True,188.26,188.26,0.0,367.0,367.0,0.0,7192.361185574758,198828.5,1163744.3,4200.0,264387.7,164904.4,0,1.0,42.57,1.0,29.692,0.65
5248b081-8c53-40e4-bdbe-ffcd9214a908,1e62f80e-655f-4535-9623-c235d076b1bb,EVT-REAL-2025-00975,30.4117,76.30805,Punjab,Sangrur,c856aff7-cc8a-4abc-ad38-4d282c56d30f,Designated Industrial Park / Estate (Way #637898168),2025-01-21,VALIDATION,c856aff7-cc8a-4abc-ad38-4d282c56d30f,NORTHERN_AGRICULTURE,Agricultural Burning,REAL,BHUVAN_AGRICULTURAL_CYCLE,UNVERIFIED,REAL,False,True,11.62,11.62,0.0,329.15,329.15,0.0,2175.7198088687696,847613.2,0.0,4200.0,941219.6,924841.5,4,1.0,45.14,1.0,1.659,0.95
fd4d2446-2702-46fc-af60-3fec8d5ff6b7,a80a3c7e-9009-49ce-82c2-77d37e0d865a,EVT-REAL-2025-00976,30.41088,76.31074,Punjab,Sangrur,c856aff7-cc8a-4abc-ad38-4d282c56d30f,Designated Industrial Park / Estate (Way #637898168),2025-01-21,VALIDATION,c856aff7-cc8a-4abc-ad38-4d282c56d30f,NORTHERN_AGRICULTURE,Agricultural Burning,REAL,BHUVAN_AGRICULTURAL_CYCLE,UNVERIFIED,REAL,False,True,8.18,8.18,0.0,339.28,339.28,0.0,1979.2505995772,847397.0,0.0,4200.0,940973.4,924597.4,4,1.0,45.71,1.0,1.178,0.95
4eaf6f15-7e40-42ae-a271-a17fe744ea68,3f72786c-77cc-4abb-9d37-6521377b42a3,EVT-REAL-2025-00977,31.90938,75.42368,Punjab,Sangrur,68315bd8-5fd3-4d0f-936e-bbc3b4d7abb0,Clay Building Materials (Brickyard / Brickworks / Kiln) (Way #1475288934),2025-01-21,VALIDATION,68315bd8-5fd3-4d0f-936e-bbc3b4d7abb0,NORTHERN_AGRICULTURE,Gas Flare,WEAKLY_LABELED,FACILITY_THERMAL_BASE,UNVERIFIED,REAL,False,True,12.55,12.55,0.0,339.23,339.23,0.0,308.1968955049216,1032995.4,11398.6,4200.0,1119908.1,1104324.4,0,1.0,32.57,1.0,1.818,0.95
4bcc41c2-136f-4983-a440-83ab43c2b2bd,f47ea254-d47e-40a9-b1db-ee4c96077b12,EVT-REAL-2025-00978,18.96875,82.00275,Chhattisgarh,Korba,,,2025-01-21,VALIDATION,Korba,EASTERN_COAL_BELT,Other Thermal Source,REAL,BACKGROUND_THERMAL_SOURCE,UNVERIFIED,REAL,False,True,22.7,21.65,1.0488088481701516,333.5,332.75,0.75,18975.27228027487,505773.5,1320242.9,4200.0,557692.0,372728.7,0,0.8667,14.86,1.0,2.938,0.2
5fb02896-7459-4c79-bd7a-103598fbcc43,4b931cde-64e4-49f5-a5ab-526d540779a3,EVT-REAL-2025-00979,21.775,84.1659,Chhattisgarh,Korba,,,2025-01-21,VALIDATION,Korba,EASTERN_COAL_BELT,Uncertain,UNKNOWN,LOW_CONFIDENCE_HOTSPOT,UNVERIFIED,REAL,False,True,114.4,114.4,0.0,361.0,361.0,0.0,7197.976605713571,200027.6,1163568.3,4200.0,264536.1,164041.7,0,1.0,38.57,1.0,17.452,0.65
c5e114ce-5bce-4ff6-b3b8-88c6d04af5b2,be1f4a6b-5438-416f-a839-ff2e06e4c1ac,EVT-REAL-2025-00980,27.9783,78.6774,Uttar Pradesh,Sonbhadra,,,2025-01-21,VALIDATION,Sonbhadra,GENERAL_INDIAN_TERRITORY,Uncertain,UNKNOWN,LOW_CONFIDENCE_HOTSPOT,UNVERIFIED,REAL,False,True,27.9,27.9,0.0,330.6,330.6,0.0,5370.575973062438,499317.9,280823.4,4200.0,587540.6,570677.6,0,0.2,2.29,1.0,5.137,0.65
c47260a5-aaa1-4016-81ff-874164ddd982,8f1765dc-0c3f-40bf-9723-a0c69a519c5d,EVT-REAL-2025-00981,31.8131,75.6846,Punjab,Sangrur,9e00209a-123d-4949-8151-4546a7f25d6b,Clay Building Materials (Brickyard / Brickworks / Kiln) (Way #1490833201),2025-01-21,VALIDATION,9e00209a-123d-4949-8151-4546a7f25d6b,NORTHERN_AGRICULTURE,Uncertain,UNKNOWN,LOW_CONFIDENCE_HOTSPOT,UNVERIFIED,REAL,False,True,19.3,19.3,0.0,320.4,320.4,0.0,2463.682582280729,1010960.4,734.9,4200.0,1095497.6,1080084.4,0,1.0,12.29,1.0,5.201,0.95
446dc113-d759-483e-8260-c752c5d18d10,11efaa93-3d7a-4f4d-8ff4-7e9656621a70,EVT-REAL-2025-00982,27.98099,79.9385,Uttar Pradesh,Sonbhadra,1e41dcf4-ebde-4fdf-8fad-40639c6822f4,Solar Photovoltaic / Solar Thermal Power Generation (Way #1463156551),2025-01-22,VALIDATION,1e41dcf4-ebde-4fdf-8fad-40639c6822f4,GENERAL_INDIAN_TERRITORY,Industrial Fire,REAL,OSM_FACILITY_GROUND_TRUTH,UNVERIFIED,REAL,False,True,10.6,10.6,0.0,339.62,339.62,0.0,1832.5056726784992,460278.0,372618.0,4200.0,507313.5,493352.3,0,0.5667,6.0,1.0,2.611,0.95
53fd27fb-71db-4e3b-8be8-3138d8e6f7cf,b24ebc2f-55cb-45a7-8bc6-c4f4bde262d2,EVT-REAL-2025-00983,31.38621,75.744,Punjab,Sangrur,,,2025-01-22,VALIDATION,Sangrur,NORTHERN_AGRICULTURE,Agricultural Burning,REAL,BHUVAN_AGRICULTURAL_CYCLE,UNVERIFIED,REAL,False,True,9.63,9.63,0.0,337.48,337.48,0.0,5655.0037973311355,967715.1,0.0,4200.0,1056604.3,1040777.3,4,1.0,27.71,1.0,1.283,0.65
981ae850-25e4-4a8b-8368-a7f049d1f5b1,7e175044-5869-4c16-a9ef-92b9c945e8fd,EVT-REAL-2025-00984,21.52033,72.95312,Gujarat,Jamnagar,,,2025-01-22,VALIDATION,Jamnagar,WESTERN_PETROCHEMICAL,Other Thermal Source,REAL,BACKGROUND_THERMAL_SOURCE,UNVERIFIED,REAL,False,True,27.31,26.43,0.8774964387392122,345.09,343.73,1.3599999999999568,3976.3234588142045,836441.3,936711.3,4200.0,1046368.7,992109.4,0,1.0,12.86,1.0,5.405,0.65
774e90f7-31b7-4a32-90bc-78ff71efc15d,65d863dd-9b75-4923-8f85-1f8d83994d01,EVT-REAL-2025-00985,27.38728,80.23539,Uttar Pradesh,Sonbhadra,,,2025-01-22,VALIDATION,Sonbhadra,GENERAL_INDIAN_TERRITORY,Uncertain,UNKNOWN,LOW_CONFIDENCE_HOTSPOT,UNVERIFIED,REAL,False,True,13.46,13.46,0.0,351.56,347.75,3.8100000000000023,4675.3307939250335,390466.6,436266.7,4200.0,436815.1,422351.7,0,0.6,7.43,1.0,2.858,0.65
6af86e78-8da4-4c6e-8b2f-5e1ad3f9ff8c,9e5ae6e2-6c52-4b92-acd6-74f224d2baa2,EVT-REAL-2025-00986,21.84317,84.42136,Odisha,Angul,,,2025-01-22,VALIDATION,Angul,EASTERN_COAL_BELT,Uncertain,UNKNOWN,LOW_CONFIDENCE_HOTSPOT,UNVERIFIED,REAL,False,True,78.65,78.65,0.0,367.0,367.0,0.0,26474.432695089985,173526.5,1174053.7,4200.0,269838.6,186707.7,0,0.6333,13.43,1.0,7.978,0.2
dd016a82-0d82-4003-a3de-8313789f86c5,3668faa6-c76d-4987-b8c0-7ac378cae815,EVT-REAL-2025-00987,30.15703,76.89846,Punjab,Sangrur,23923421-17ed-4dea-bfe7-048a7f7fce0c,Designated Industrial Park / Estate (Way #840942533),2025-01-22,VALIDATION,23923421-17ed-4dea-bfe7-048a7f7fce0c,NORTHERN_AGRICULTURE,Gas Flare,WEAKLY_LABELED,FACILITY_THERMAL_BASE,UNVERIFIED,REAL,False,True,11.22,11.22,0.0,330.13,330.13,0.0,730.8313862899523,793903.7,9485.0,4200.0,881541.7,865544.5,0,0.8333,11.43,1.0,2.202,0.95
cf0bc51c-7392-4abf-ac5d-f6c87bdd8e52,bb8b220f-d36d-435e-9947-3f092c953fa0,EVT-REAL-2025-00988,30.76937,76.41705,Punjab,Sangrur,,,2025-01-22,VALIDATION,Sangrur,NORTHERN_AGRICULTURE,Agricultural Burning,REAL,BHUVAN_AGRICULTURAL_CYCLE,UNVERIFIED,REAL,False,True,17.3,17.3,0.0,344.31,344.31,0.0,6462.74444904385,875849.9,0.0,4200.0,962789.3,946989.2,4,1.0,19.14,1.0,3.007,0.65
3a8b0503-af98-45a6-85ea-7b048e76f691,478e21dd-93c4-4bc4-b4f9-e79fcf4581bc,EVT-REAL-2025-00989,30.82563,76.33276,Punjab,Sangrur,6f71d3cb-e876-44e1-b3d7-e7c317ce30aa,Designated Industrial Park / Estate (Way #239448730),2025-01-22,VALIDATION,6f71d3cb-e876-44e1-b3d7-e7c317ce30aa,NORTHERN_AGRICULTURE,Agricultural Burning,REAL,BHUVAN_AGRICULTURAL_CYCLE,UNVERIFIED,REAL,False,True,11.16,11.16,0.0,330.27,330.27,0.0,1502.3633764780993,885341.6,0.0,4200.0,972838.0,957007.7,4,1.0,33.43,1.0,2.013,0.95
695aba02-c489-4084-83c9-9c830eec26da,041ae2a8-e243-4d97-9c6c-83ed4293a830,EVT-REAL-2025-00990,31.75029,75.26278,Punjab,Sangrur,,,2025-01-22,VALIDATION,Sangrur,NORTHERN_AGRICULTURE,Agricultural Burning,REAL,BHUVAN_AGRICULTURAL_CYCLE,UNVERIFIED,REAL,False,True,8.2,8.2,0.0,342.85,342.85,0.0,5724.651738617899,1026405.9,0.0,4200.0,1117295.5,1101376.5,4,1.0,48.86,1.0,1.024,0.65
06913a46-dce7-4c4a-978c-c6029953e186,dca2ccb2-c5cd-4c2f-a60c-daafb215d1cf,EVT-REAL-2025-00991,30.89007,75.33881,Punjab,Sangrur,,,2025-01-22,VALIDATION,Sangrur,NORTHERN_AGRICULTURE,Agricultural Burning,REAL,BHUVAN_AGRICULTURAL_CYCLE,UNVERIFIED,REAL,False,True,9.15,9.15,0.0,340.73,340.73,0.0,10749.332082349349,943937.6,0.0,4200.0,1044706.8,1027897.9,4,1.0,65.43,1.0,1.182,0.2
eb1b50c1-4f49-4c18-a953-59cb3bfb6614,17939ce6-33e3-468b-802d-895e2e53e50d,EVT-REAL-2025-00992,30.39651,75.96587,Punjab,Sangrur,,,2025-01-23,VALIDATION,Sangrur,NORTHERN_AGRICULTURE,Agricultural Burning,REAL,BHUVAN_AGRICULTURAL_CYCLE,UNVERIFIED,REAL,False,True,8.24,8.24,0.0,332.13,332.13,0.0,8672.822709062531,864487.0,0.0,4200.0,963443.6,946671.3,4,1.0,51.71,1.0,1.17,0.2
b6357734-1ea2-4e90-808b-2fa2a920d87c,df1f589e-a341-43a9-82d8-8d3084da3551,EVT-REAL-2025-00993,21.95193,84.16745,Chhattisgarh,Korba,,,2025-01-23,VALIDATION,Korba,EASTERN_COAL_BELT,Uncertain,UNKNOWN,LOW_CONFIDENCE_HOTSPOT,UNVERIFIED,REAL,False,True,27.7,27.7,0.0,341.82,341.82,0.0,9786.089409168677,199621.2,1148253.3,4200.0,246870.6,158226.4,0,1.0,30.0,1.0,2.849,0.2
d0589637-8ffb-4f0c-9333-5d077fc6f64e,241a1c8b-d125-48c8-90de-771868774eca,EVT-REAL-2025-00994,30.51603,76.17735,Punjab,Sangrur,,,2025-01-23,VALIDATION,Sangrur,NORTHERN_AGRICULTURE,Agricultural Burning,REAL,BHUVAN_AGRICULTURAL_CYCLE,UNVERIFIED,REAL,False,True,8.31,8.31,0.0,348.23,348.23,0.0,6237.4956005735185,864142.5,0.0,4200.0,958268.5,941874.9,4,1.0,25.71,1.0,1.167,0.65
f5a270ab-b373-42bf-ae2d-4b1553219653,108c1f3b-7fdb-4963-9241-7d9f090ed808,EVT-REAL-2025-00995,31.84119,75.52029,Punjab,Sangrur,,,2025-01-23,VALIDATION,Sangrur,NORTHERN_AGRICULTURE,Uncertain,UNKNOWN,LOW_CONFIDENCE_HOTSPOT,UNVERIFIED,REAL,False,True,13.15,13.15,0.0,339.46,339.46,0.0,5214.894685549265,1021740.3,3835.0,4200.0,1108170.6,1092613.5,0,1.0,43.43,1.0,2.189,0.65
e4b5f4eb-af84-4461-a63f-ea7ded611385,b4fe769a-1290-4245-8570-83f9a6f117e7,EVT-REAL-2025-00996,31.67945,75.40976,Punjab,Sangrur,,,2025-01-23,VALIDATION,Sangrur,NORTHERN_AGRICULTURE,Agricultural Burning,REAL,BHUVAN_AGRICULTURAL_CYCLE,UNVERIFIED,REAL,False,True,10.21,10.21,0.0,351.53,351.53,0.0,11208.722368358754,1012206.9,0.0,4200.0,1102030.9,1086182.6,4,1.0,42.57,1.0,1.801,0.2
4bbe231a-ac5f-432d-a94b-aaf100e8c1b8,d3a2ee2f-8381-4f0b-b0f8-1b17ff69bfa3,EVT-REAL-2025-00997,31.88342,75.32362,Punjab,Sangrur,9a109e7b-2ea5-4d38-a354-829cebc18ed0,Clay Building Materials (Brickyard / Brickworks / Kiln) (Way #1479899935),2025-01-23,VALIDATION,9a109e7b-2ea5-4d38-a354-829cebc18ed0,NORTHERN_AGRICULTURE,Uncertain,UNKNOWN,LOW_CONFIDENCE_HOTSPOT,UNVERIFIED,REAL,False,True,8.2,8.2,0.0,332.56,332.56,0.0,2131.001321968464,1035636.5,8530.9,4200.0,1124161.6,1108447.6,0,1.0,34.0,1.0,1.539,0.95
ff66c78a-6202-4e50-a63d-9cbd451bd99a,ac909686-ee67-448c-bfb1-e8c0696cae7c,EVT-REAL-2025-00998,21.65383,84.15267,Chhattisgarh,Korba,,,2025-01-23,VALIDATION,Korba,EASTERN_COAL_BELT,Other Thermal Source,REAL,BACKGROUND_THERMAL_SOURCE,UNVERIFIED,REAL,False,True,29.01,28.11,0.9055385138137416,351.94,342.32,9.620000000000005,11395.998423789339,201564.6,1173364.1,4200.0,276292.4,168083.3,0,1.0,25.43,1.0,3.886,0.2
e273a3f4-e05d-4ffe-a505-8381bf715be0,dfcaba14-d36a-42dd-9cd3-02bff704adde,EVT-REAL-2025-00999,25.2315,81.5582,Madhya Pradesh,Singrauli,694808a4-44c2-4c58-96bb-f7ccc3508e6b,Solar Photovoltaic / Solar Thermal Power Generation (Way #754330661),2025-01-23,VALIDATION,694808a4-44c2-4c58-96bb-f7ccc3508e6b,EASTERN_COAL_BELT,Gas Flare,WEAKLY_LABELED,FACILITY_THERMAL_BASE,UNVERIFIED,REAL,False,True,8.2,8.2,0.0,313.9,313.9,0.0,395.38827212774123,150753.8,698695.8,4200.0,169826.8,152447.3,0,0.7,16.0,1.0,1.046,0.95
815f303d-9a76-4675-9dca-7e2fb9547c03,9bb2713b-ae85-471c-919f-4288fe4162a6,EVT-REAL-2025-01000,31.69245,75.75622,Punjab,Sangrur,,,2025-01-23,VALIDATION,Sangrur,NORTHERN_AGRICULTURE,Agricultural Burning,REAL,BHUVAN_AGRICULTURAL_CYCLE,UNVERIFIED,REAL,False,True,18.1,17.2,0.8944271909999159,367.0,367.0,0.0,7554.257299799593,996000.7,0.0,4200.0,1080980.9,1065512.1,4,0.7333,6.57,1.0,3.74,0.65
42b0debf-8efb-457e-bf57-71ae18a37816,d0ee2c64-7fe6-446a-a815-47817b2ed227,EVT-REAL-2025-01001,31.31596,74.87601,Punjab,Sangrur,c6d521ee-5407-421d-9672-46640e39bcd8,Clay Building Materials (Brickyard / Brickworks / Kiln) (Way #640126778),2025-01-23,VALIDATION,c6d521ee-5407-421d-9672-46640e39bcd8,NORTHERN_AGRICULTURE,Agricultural Burning,REAL,BHUVAN_AGRICULTURAL_CYCLE,UNVERIFIED,REAL,False,True,8.48,8.48,0.0,367.0,367.0,0.0,2055.826725066324,1008160.3,0.0,4200.0,1109227.8,1092468.7,4,1.0,47.43,1.0,1.108,0.95
3161bb10-243c-44c7-a2c7-5a6d8f146c9c,f016a31c-ba65-4e7e-b0ca-f9b3d3131abe,EVT-REAL-2025-01002,21.5589,81.5052,Madhya Pradesh,Singrauli,,,2025-01-24,VALIDATION,Singrauli,EASTERN_COAL_BELT,Uncertain,UNKNOWN,LOW_CONFIDENCE_HOTSPOT,UNVERIFIED,REAL,False,True,27.8,27.8,0.0,331.7,331.7,0.0,11831.510149805157,216549.8,1037369.9,4200.0,296303.7,133137.9,0,1.0,12.0,1.0,8.544,0.2
3f92c2a7-32b4-4003-92ce-852d338756f8,f7163448-bff4-46fe-b2d9-d2945911df1b,EVT-REAL-2025-01003,26.11474,80.80307,Madhya Pradesh,Singrauli,,,2025-01-24,VALIDATION,Singrauli,EASTERN_COAL_BELT,Uncertain,UNKNOWN,LOW_CONFIDENCE_HOTSPOT,UNVERIFIED,REAL,False,True,13.53,13.53,0.0,343.58,343.58,0.0,12690.060427488668,245332.8,575208.1,4200.0,292432.5,275933.0,0,0.2,2.29,1.0,2.202,0.2
0d34c3d3-395e-4f2d-a07a-625e157cd061,912e3c26-21f9-44f0-bc7f-1be0fc491eff,EVT-REAL-2025-01004,27.7337,81.11005,Uttar Pradesh,Sonbhadra,,,2025-01-24,VALIDATION,Sonbhadra,GENERAL_INDIAN_TERRITORY,Agricultural Burning,REAL,BHUVAN_AGRICULTURAL_CYCLE,UNVERIFIED,REAL,False,True,34.08,34.08,0.0,331.9,331.9,0.0,22775.910636605473,424702.6,484334.1,4200.0,426487.4,416161.4,0,0.3333,3.71,1.0,10.349,0.2
908f91ed-e6da-48bb-af4c-1fea4a9a4125,43c1d2a5-f547-4139-b3b3-3dfa42735418,EVT-REAL-2025-01005,31.86537,75.69676,Punjab,Sangrur,345e5a51-f8f6-4394-aa0e-834be1e95a1b,Clay Building Materials (Brickyard / Brickworks / Kiln) (Way #1486711978),2025-01-24,VALIDATION,345e5a51-f8f6-4394-aa0e-834be1e95a1b,NORTHERN_AGRICULTURE,Gas Flare,WEAKLY_LABELED,FACILITY_THERMAL_BASE,UNVERIFIED,REAL,False,True,10.9,10.9,0.0,344.93,344.93,0.0,825.6137773810701,1015335.7,6532.8,4200.0,1099093.4,1083750.6,0,0.9,10.0,1.0,2.421,0.95
61f67910-b260-4bfd-b05c-8576e561530f,6752bf5c-10e7-4882-abc1-58713fc60a59,EVT-REAL-2025-01006,31.12628,75.19205,Punjab,Sangrur,,,2025-01-24,VALIDATION,Sangrur,NORTHERN_AGRICULTURE,Agricultural Burning,REAL,BHUVAN_AGRICULTURAL_CYCLE,UNVERIFIED,REAL,False,True,12.69,12.69,0.0,337.47,337.47,0.0,2619.357659664709,973355.2,0.0,4200.0,1072915.6,1056237.0,4,1.0,66.0,1.0,1.461,0.65
68aaeafe-e4f5-4a12-bfd2-778bd4d0bb12,56beb362-858a-4cd7-ab29-de85f0918495,EVT-REAL-2025-01007,31.12583,75.18777,Punjab,Sangrur,,,2025-01-24,VALIDATION,Sangrur,NORTHERN_AGRICULTURE,Agricultural Burning,REAL,BHUVAN_AGRICULTURAL_CYCLE,UNVERIFIED,REAL,False,True,12.69,12.69,0.0,327.61,327.61,0.0,2929.1766309248023,973554.9,0.0,4200.0,1073175.8,1056492.6,4,1.0,67.14,1.0,1.423,0.65
ea8e7d8e-2eb5-4079-b781-eccc24ddb60b,f5b6bfbe-47b9-45ed-8e24-5455ef6b3f7d,EVT-REAL-2025-01008,31.29086,75.83237,Punjab,Sangrur,,,2025-01-24,VALIDATION,Sangrur,NORTHERN_AGRICULTURE,Agricultural Burning,REAL,BHUVAN_AGRICULTURAL_CYCLE,UNVERIFIED,REAL,False,True,12.85,12.85,0.0,354.06,354.06,0.0,3461.919453984808,954288.7,0.0,4200.0,1043134.0,1027292.9,4,1.0,20.29,1.0,1.368,0.65
9af39380-c930-4d27-8601-e95c7afc573c,6d6a5a33-4c72-4aff-8c9a-c7c44bbd9b87,EVT-REAL-2025-01009,30.54448,76.16294,Punjab,Sangrur,,,2025-01-24,VALIDATION,Sangrur,NORTHERN_AGRICULTURE,Agricultural Burning,REAL,BHUVAN_AGRICULTURAL_CYCLE,UNVERIFIED,REAL,False,True,8.28,8.28,0.0,341.69,341.69,0.0,7452.255852402722,867540.2,0.0,4200.0,961484.1,945110.1,4,1.0,24.86,1.0,1.47,0.65
a35cda31-f32b-4b64-8cf8-912c12894866,adf54ed6-a1c2-45f8-a40a-aca033a2cee3,EVT-REAL-2025-01010,12.9518,76.2129,Tamil Nadu,Chennai,,,2025-01-24,VALIDATION,Chennai,GENERAL_INDIAN_TERRITORY,Uncertain,UNKNOWN,LOW_CONFIDENCE_HOTSPOT,UNVERIFIED,REAL,False,True,22.6,22.6,0.0,330.7,330.7,0.0,6511.732479423026,1263976.1,1877107.1,4200.0,1401469.4,1231737.0,0,0.4667,4.57,1.0,5.243,0.65
4639240f-1484-4af0-9198-3ab2812353eb,71a6a336-09f7-4a5b-b152-a27f409b4c3a,EVT-REAL-2025-01011,21.33373,72.99657,Gujarat,Jamnagar,fc2dbf17-d584-4f05-91f5-8868e363b006,Designated Industrial Park / Estate (Way #146883215),2025-01-24,VALIDATION,fc2dbf17-d584-4f05-91f5-8868e363b006,WESTERN_PETROCHEMICAL,Gas Flare,WEAKLY_LABELED,FACILITY_THERMAL_BASE,UNVERIFIED,REAL,False,True,69.8,42.13,19.661129163911212,350.5,338.23,12.269999999999982,518.7745512989925,838314.4,956643.7,4200.0,1048223.1,990290.1,0,1.0,42.29,1.0,9.888,0.95
1cc8e533-7a4a-4288-8efd-5502ec2fa37f,cdac1382-29b3-439f-b4e6-4193de003527,EVT-REAL-2025-01012,31.5317,75.6927,Punjab,Sangrur,,,2025-01-24,VALIDATION,Sangrur,NORTHERN_AGRICULTURE,Agricultural Burning,REAL,BHUVAN_AGRICULTURAL_CYCLE,UNVERIFIED,REAL,False,True,9.1,9.1,0.0,309.8,309.8,0.0,2656.3407028598485,983970.1,0.0,4200.0,1071772.8,1056055.7,4,1.0,28.0,1.0,1.289,0.65
3d0a8728-cdab-4520-b22d-bceef3381fbb,546c85c2-e19f-4fa2-99a9-dbe69229221c,EVT-REAL-2025-01013,31.8635,75.5462,Punjab,Sangrur,,,2025-01-24,VALIDATION,Sangrur,NORTHERN_AGRICULTURE,Uncertain,UNKNOWN,LOW_CONFIDENCE_HOTSPOT,UNVERIFIED,REAL,False,True,8.2,8.2,0.0,308.1,308.1,0.0,4231.545875740392,1022553.5,6309.6,4200.0,1108374.8,1092869.1,0,1.0,31.43,1.0,1.92,0.65
d38f6d58-e019-4a94-95d6-47d4d2066d04,039e9df9-ae38-47b1-8ef2-ca999137e284,EVT-REAL-2025-01014,26.09006,79.95085,Madhya Pradesh,Singrauli,,,2025-01-25,VALIDATION,Singrauli,EASTERN_COAL_BELT,Uncertain,UNKNOWN,LOW_CONFIDENCE_HOTSPOT,UNVERIFIED,REAL,False,True,8.88,8.88,0.0,339.41,339.41,0.0,17794.741661719407,257297.0,523695.6,4200.0,355461.3,336404.6,0,0.9,10.29,1.0,1.872,0.2
4c1a5b0e-1754-4f1d-88fe-b6aa9020ab53,dff43000-a51d-4cf6-85d9-8585cb7d5c3f,EVT-REAL-2025-01015,22.01797,84.19727,Chhattisgarh,Korba,,,2025-01-25,VALIDATION,Korba,EASTERN_COAL_BELT,Other Thermal Source,REAL,BACKGROUND_THERMAL_SOURCE,UNVERIFIED,REAL,False,True,64.89,48.04,12.547509713086498,367.0,330.57,36.43000000000001,7751.540021091897,196450.1,1144457.3,4200.0,241733.9,159586.0,0,0.6333,12.29,1.0,10.756,0.65
bb566f07-63e9-4a70-9ab9-c36df794eb81,16b7ef37-0dfc-46dc-83b5-1d39db48a138,EVT-REAL-2025-01016,22.01812,84.14144,Chhattisgarh,Korba,,,2025-01-25,VALIDATION,Korba,EASTERN_COAL_BELT,Uncertain,UNKNOWN,LOW_CONFIDENCE_HOTSPOT,UNVERIFIED,REAL,False,True,33.92,33.92,0.0,341.06,341.06,0.0,13397.490449052542,202213.9,1140844.3,4200.0,239108.8,153939.4,0,0.9667,14.86,1.0,6.998,0.2
f48ecf88-bece-4c8f-a1ee-8bda18ab21ff,08898336-9dfa-42e0-b606-a5eb47c89922,EVT-REAL-2025-01017,19.64568,82.51424,Chhattisgarh,Korba,,,2025-01-25,VALIDATION,Korba,EASTERN_COAL_BELT,Uncertain,UNKNOWN,LOW_CONFIDENCE_HOTSPOT,UNVERIFIED,REAL,False,True,25.78,25.78,0.0,341.36,341.36,0.0,32531.408146942973,421385.7,1273854.6,4200.0,477523.0,293878.5,0,1.0,40.57,1.0,4.188,0.2
eb3ac633-4b06-4604-aaf5-11a7c551e97d,e9bbc254-9197-4d99-b8e0-0b987344821a,EVT-REAL-2025-01018,25.01989,80.91512,Madhya Pradesh,Singrauli,,,2025-01-25,VALIDATION,Singrauli,EASTERN_COAL_BELT,Uncertain,UNKNOWN,LOW_CONFIDENCE_HOTSPOT,UNVERIFIED,REAL,False,True,9.04,9.04,0.0,344.88,344.88,0.0,21824.125315396806,124030.7,676534.9,4200.0,211375.1,190445.3,0,0.2667,8.29,1.0,0.613,0.2
9d88121e-7c61-467c-9426-a093c5e78b33,abf8d0a3-bd18-4d19-8356-96d7c26e140f,EVT-REAL-2025-01019,26.10196,81.90553,Madhya Pradesh,Singrauli,,,2025-01-25,VALIDATION,Singrauli,EASTERN_COAL_BELT,Other Thermal Source,REAL,BACKGROUND_THERMAL_SOURCE,UNVERIFIED,REAL,False,True,26.6,18.34,5.840376700179536,341.89,330.02,11.870000000000005,14702.132121348788,252733.3,655085.5,4200.0,229178.0,219282.6,0,0.2,3.14,1.0,3.036,0.2
bf8f0a38-b4a2-47c4-bd9e-0e90f746c2f3,8e2222cd-e1a1-4c93-9a68-6cb676ce2990,EVT-REAL-2025-01020,26.37509,79.85298,Madhya Pradesh,Singrauli,,,2025-01-25,VALIDATION,Singrauli,EASTERN_COAL_BELT,Uncertain,UNKNOWN,LOW_CONFIDENCE_HOTSPOT,UNVERIFIED,REAL,False,True,13.72,13.72,0.0,342.51,342.51,0.0,11404.576777911208,290328.5,492431.4,4200.0,382269.1,363863.5,0,1.0,13.71,1.0,2.37,0.2
1daa47c1-88ce-435e-8daa-baf75c33a1bd,d27aaa6d-7f33-4f32-b52e-83cf746cac23,EVT-REAL-2025-01021,31.66892,75.61211,Punjab,Sangrur,,,2025-01-25,VALIDATION,Sangrur,NORTHERN_AGRICULTURE,Agricultural Burning,REAL,BHUVAN_AGRICULTURAL_CYCLE,UNVERIFIED,REAL,False,True,10.91,10.91,0.0,335.93,335.93,0.0,2561.576884770109,1000926.5,0.0,4200.0,1088168.2,1072518.5,4,1.0,34.0,1.0,1.293,0.65
a666aafa-b579-4431-9dc0-91bbe7ec3edc,0d6272f9-cb07-489b-b9c8-82c3cb3db90b,EVT-REAL-2025-01022,21.6497,84.1539,Chhattisgarh,Korba,,,2025-01-25,VALIDATION,Korba,EASTERN_COAL_BELT,Uncertain,UNKNOWN,LOW_CONFIDENCE_HOTSPOT,UNVERIFIED,REAL,False,True,40.2,40.2,0.0,321.1,321.1,0.0,11605.530271468218,201443.0,1173804.8,4200.0,276763.3,168395.3,0,1.0,25.43,1.0,5.123,0.2
1676fb0b-5852-44b6-9957-f7df331608fb,272aa3dc-9694-4885-957b-0cf51813fe15,EVT-REAL-2025-01023,25.95358,81.79863,Madhya Pradesh,Singrauli,,,2025-01-25,VALIDATION,Singrauli,EASTERN_COAL_BELT,Other Thermal Source,REAL,BACKGROUND_THERMAL_SOURCE,UNVERIFIED,REAL,False,True,17.95,13.96,3.351119216023208,367.0,354.68,12.319999999999993,27771.604897711586,234130.6,658121.2,4200.0,218948.2,207581.9,0,0.3333,3.43,1.0,2.837,0.2
1a3aeb2d-1c68-4e1b-a03a-3ae10b58dba5,0818ae5c-71fb-46a7-a08b-93c8ac7765bd,EVT-REAL-2025-01024,12.6761,76.4636,Tamil Nadu,Chennai,,,2025-01-25,VALIDATION,Chennai,GENERAL_INDIAN_TERRITORY,Uncertain,UNKNOWN,LOW_CONFIDENCE_HOTSPOT,UNVERIFIED,REAL,False,True,27.9,27.9,0.0,315.0,315.0,0.0,10476.382986838094,1282632.4,1907400.2,4200.0,1415604.4,1243774.8,0,0.9,17.71,1.0,4.307,0.2
55ea0ae6-ae37-4317-9d19-cd629d5bea00,261db27b-e82c-44a5-9ce8-54589aacb886,EVT-REAL-2025-01025,30.14235,76.26147,Punjab,Sangrur,,,2025-01-25,VALIDATION,Sangrur,NORTHERN_AGRICULTURE,Agricultural Burning,REAL,BHUVAN_AGRICULTURAL_CYCLE,UNVERIFIED,REAL,False,True,27.1,14.99,6.816157275180789,367.0,327.6,39.39999999999998,4193.706893473637,825161.3,0.0,4200.0,923411.8,906634.9,4,1.0,34.57,0.0,4.285,0.65
942d70cd-5d08-4f94-bd0e-43a768d2d5a5,7d9d5981-dddf-4879-b4a2-0c2f8d094f05,EVT-REAL-2025-01026,25.36272,78.31094,Madhya Pradesh,Singrauli,247224fe-276e-46b0-a36c-61e5c77883d8,Badanpur,2025-01-26,VALIDATION,247224fe-276e-46b0-a36c-61e5c77883d8,EASTERN_COAL_BELT,Gas Flare,WEAKLY_LABELED,FACILITY_THERMAL_BASE,UNVERIFIED,REAL,False,True,20.0,16.55,2.4413111231467406,350.13,348.38,1.75,341.95435726480116,299592.1,524420.8,4200.0,471854.1,449833.9,0,0.6,25.14,1.0,1.904,0.95
c7b893ac-025f-4dbf-bddf-1c02eb88aee9,a5f3a583-7567-4548-a930-8a0e9a762549,EVT-REAL-2025-01027,25.36327,78.30589,Madhya Pradesh,Singrauli,247224fe-276e-46b0-a36c-61e5c77883d8,Badanpur,2025-01-26,VALIDATION,247224fe-276e-46b0-a36c-61e5c77883d8,EASTERN_COAL_BELT,Gas Flare,WEAKLY_LABELED,FACILITY_THERMAL_BASE,UNVERIFIED,REAL,False,True,20.0,14.21,3.712142238654117,355.85,348.03,7.82000000000005,283.12399709358067,300054.7,524220.9,4200.0,472361.0,450340.0,0,0.5667,25.14,1.0,1.902,0.95
1861436f-7c80-4afd-894c-f6ea6a047aa7,f42015a9-7aad-4802-aee4-0d3d5d0bd178,EVT-REAL-2025-01028,25.26512,81.44961,Madhya Pradesh,Singrauli,,,2025-01-26,VALIDATION,Singrauli,EASTERN_COAL_BELT,Uncertain,UNKNOWN,LOW_CONFIDENCE_HOTSPOT,UNVERIFIED,REAL,False,True,17.42,17.42,0.0,338.96,338.96,0.0,11210.674152610642,152555.5,688712.3,4200.0,180506.5,162718.0,0,0.3333,5.43,1.0,3.186,0.2
08ff5e85-b431-49f2-aca3-7d101bcbaf7f,bcc1d125-700f-4c5c-ac58-1effe96ac80b,EVT-REAL-2025-01029,31.09165,75.36722,Punjab,Sangrur,,,2025-01-26,VALIDATION,Sangrur,NORTHERN_AGRICULTURE,Agricultural Burning,REAL,BHUVAN_AGRICULTURAL_CYCLE,UNVERIFIED,REAL,False,True,10.07,9.18,0.8888194417315589,337.05,333.28,3.7700000000000387,3131.975780022703,960497.8,0.0,4200.0,1058241.5,1041691.8,4,1.0,29.43,1.0,1.783,0.65
6193f1c5-7776-4468-bf11-97f500190e18,60b98a16-0c03-402c-806d-ed967ab05614,EVT-REAL-2025-01030,31.32688,75.81363,Punjab,Sangrur,8cc6fe60-43b5-4488-b484-83620fe7e6b7,Designated Industrial Park / Estate (Way #1546160837),2025-01-26,VALIDATION,8cc6fe60-43b5-4488-b484-83620fe7e6b7,NORTHERN_AGRICULTURE,Agricultural Burning,REAL,BHUVAN_AGRICULTURAL_CYCLE,UNVERIFIED,REAL,False,True,15.25,15.25,0.0,339.75,339.75,0.0,774.2161789228969,958620.0,0.0,4200.0,1047276.3,1031456.3,4,1.0,19.43,1.0,2.148,0.95
46411bf4-7774-4705-b359-61d1a0348b3c,ec51529c-701c-4168-b962-674531f1f984,EVT-REAL-2025-01031,31.50217,75.55315,Punjab,Sangrur,1fc0a641-8539-45e8-b103-572b8fc24780,Clay Building Materials (Brickyard / Brickworks / Kiln) (Way #640272807),2025-01-26,VALIDATION,1fc0a641-8539-45e8-b103-572b8fc24780,NORTHERN_AGRICULTURE,Agricultural Burning,REAL,BHUVAN_AGRICULTURAL_CYCLE,UNVERIFIED,REAL,False,True,8.86,8.86,0.0,334.19,334.19,0.0,1932.8881177302706,988310.8,0.0,4200.0,1078380.4,1062483.1,4,1.0,38.86,1.0,0.875,0.95
c7cd16ba-9466-437a-92fd-f5d4a6916917,a0feffee-ee01-4f9c-b660-d361f167beeb,EVT-REAL-2025-01032,31.71569,75.63211,Punjab,Sangrur,,,2025-01-26,VALIDATION,Sangrur,NORTHERN_AGRICULTURE,Agricultural Burning,REAL,BHUVAN_AGRICULTURAL_CYCLE,UNVERIFIED,REAL,False,True,11.86,11.86,0.0,345.06,345.06,0.0,5714.994598909146,1004332.8,0.0,4200.0,1090741.9,1075165.2,4,1.0,46.57,1.0,1.074,0.65
f58f2cfb-46e7-4f6f-bd7a-08a403f3598b,e9e09a54-d7e4-4808-81cb-d0206f7896f2,EVT-REAL-2025-01033,31.99066,75.5784,Punjab,Sangrur,,,2025-01-26,VALIDATION,Sangrur,NORTHERN_AGRICULTURE,Uncertain,UNKNOWN,LOW_CONFIDENCE_HOTSPOT,UNVERIFIED,REAL,False,True,11.65,11.65,0.0,341.09,341.09,0.0,3636.603947529858,1033008.3,20411.5,4200.0,1116919.6,1101585.6,0,1.0,13.14,1.0,3.581,0.65
d71564c0-dbb7-4735-8bd3-92c8d8018972,37c50d4d-9115-40a0-a3ab-d47fd7bcf979,EVT-REAL-2025-01034,21.6449,84.1434,Chhattisgarh,Korba,,,2025-01-26,VALIDATION,Korba,EASTERN_COAL_BELT,Uncertain,UNKNOWN,LOW_CONFIDENCE_HOTSPOT,UNVERIFIED,REAL,False,True,32.2,32.2,0.0,330.6,330.6,0.0,10676.601267691487,202536.5,1173568.2,4200.0,276834.4,167647.2,0,1.0,33.71,1.0,3.809,0.2
cfcabc39-cbb9-4a78-a093-995d7fb04720,a3e90701-5cd6-4845-b7f7-03a8622973e7,EVT-REAL-2025-01035,12.62688,76.78091,Andhra Pradesh,East Godavari,,,2025-01-27,VALIDATION,East Godavari,GENERAL_INDIAN_TERRITORY,Other Thermal Source,REAL,BACKGROUND_THERMAL_SOURCE,UNVERIFIED,REAL,False,True,21.71,21.71,0.0,350.48,344.84,5.640000000000043,16624.754792096992,1276197.0,1912596.3,4200.0,1405003.7,1231507.6,0,0.3,3.14,1.0,8.575,0.2
94b1adcd-9539-4605-9afa-b64c7ce378d8,eccd3178-2f7c-40cf-9f22-4c5719b2477d,EVT-REAL-2025-01036,19.06982,82.30038,Chhattisgarh,Korba,,,2025-01-27,VALIDATION,Korba,EASTERN_COAL_BELT,Mining Activity,REAL,IBM_MINING_GROUND_TRUTH,UNVERIFIED,REAL,False,True,24.33,24.33,0.0,355.02,355.02,0.0,13692.296030656757,473434.0,1322286.6,4200.0,542826.0,358354.5,0,1.0,19.43,1.0,3.589,0.2
33695d1a-846d-4b75-9b39-19a0300c938b,73881e75-961e-4768-86c9-63cdb2f4f1c8,EVT-REAL-2025-01037,21.71289,71.3084,Gujarat,Jamnagar,,,2025-01-27,VALIDATION,Jamnagar,WESTERN_PETROCHEMICAL,Uncertain,UNKNOWN,LOW_CONFIDENCE_HOTSPOT,UNVERIFIED,REAL,False,True,39.57,39.57,0.0,347.04,347.04,0.0,6736.889864005284,995544.3,952114.0,4200.0,1204935.9,1159238.2,0,0.5333,9.71,1.0,5.539,0.65
da6653c6-0d40-4a52-9c16-ae6dfb08992a,c9013f07-e52c-4d80-8550-0d8d8158d86b,EVT-REAL-2025-01038,22.72224,71.43438,Gujarat,Jamnagar,0a2962cc-443d-40fa-95a4-9f4dabb09446,Surendranagar Solar,2025-01-27,VALIDATION,0a2962cc-443d-40fa-95a4-9f4dabb09446,WESTERN_PETROCHEMICAL,Gas Flare,WEAKLY_LABELED,FACILITY_THERMAL_BASE,UNVERIFIED,REAL,False,True,34.03,29.6,2.215851980616034,355.93,335.76,20.170000000000016,552.9514510412106,963082.5,841729.5,4200.0,1169921.0,1140311.2,0,0.9,36.0,1.0,1.844,0.95
ecd8ca44-dab8-48d1-ac79-e40543c559d4,2458e8de-3bda-4cf1-9d01-f4169f6f8604,EVT-REAL-2025-01039,22.7235,71.42942,Gujarat,Jamnagar,0a2962cc-443d-40fa-95a4-9f4dabb09446,Surendranagar Solar,2025-01-27,VALIDATION,0a2962cc-443d-40fa-95a4-9f4dabb09446,WESTERN_PETROCHEMICAL,Gas Flare,WEAKLY_LABELED,FACILITY_THERMAL_BASE,UNVERIFIED,REAL,False,True,34.03,34.03,0.0,298.47,298.47,0.0,904.3913522831181,963571.3,841759.4,4200.0,1170402.8,1140819.6,0,0.9,37.71,1.0,1.911,0.95
7640dc2c-3c1f-49b3-af67-06c17ebf798c,27af43b8-7de4-482b-a9c0-c56c46ae729c,EVT-REAL-2025-01040,22.81907,69.71729,Gujarat,Jamnagar,71e3065e-de66-4f00-8e77-56dae45aa2ea,Designated Industrial Park / Estate (Way #1263682830),2025-01-27,VALIDATION,71e3065e-de66-4f00-8e77-56dae45aa2ea,WESTERN_PETROCHEMICAL,Industrial Fire,REAL,OSM_FACILITY_GROUND_TRUTH,UNVERIFIED,REAL,False,True,28.35,28.35,0.0,341.41,341.41,0.0,1237.2693105966832,1137106.3,902889.0,4200.0,1342803.7,1316547.2,0,0.3,3.14,1.0,7.345,0.95
c934be76-4bb0-446b-bf99-278c74fa0d12,aa346f2e-2e2c-4f5d-b11a-d3d130624e85,EVT-REAL-2025-01041,11.6597,76.634,Tamil Nadu,Chennai,,,2025-01-27,VALIDATION,Chennai,GENERAL_INDIAN_TERRITORY,Uncertain,UNKNOWN,LOW_CONFIDENCE_HOTSPOT,UNVERIFIED,REAL,False,True,33.1,33.1,0.0,331.2,331.2,0.0,8133.472984790144,1382748.4,2019661.1,4200.0,1508515.7,1333474.7,0,0.1667,5.43,1.0,2.271,0.2
a98d7811-e026-4bb9-8a4e-353dacd6e93d,b35833b3-436a-4395-96e6-661da382e3b0,EVT-REAL-2025-01042,12.8124,76.6946,Tamil Nadu,Chennai,,,2025-01-27,VALIDATION,Chennai,GENERAL_INDIAN_TERRITORY,Uncertain,UNKNOWN,LOW_CONFIDENCE_HOTSPOT,UNVERIFIED,REAL,False,True,20.6,20.6,0.0,325.1,325.1,0.0,12738.527074742857,1259902.0,1892102.8,4200.0,1390779.7,1218181.7,0,1.0,22.86,1.0,4.362,0.2
52b9261a-917e-4965-a811-f3e126ae6f4b,d0c3817e-f5c5-4115-8b4b-605098c57632,EVT-REAL-2025-01043,22.46272,73.44639,Gujarat,Jamnagar,ee33573c-2763-4287-8fcb-1709382d706e,Designated Industrial Park / Estate (Way #925538106),2025-01-27,VALIDATION,ee33573c-2763-4287-8fcb-1709382d706e,WESTERN_PETROCHEMICAL,Gas Flare,WEAKLY_LABELED,FACILITY_THERMAL_BASE,UNVERIFIED,REAL,False,True,55.13,55.13,0.0,336.73,336.73,0.0,317.1189487198442,762620.5,827417.4,4200.0,971351.7,933902.9,0,0.4,7.43,0.0,1.907,0.95
50946df2-9181-4568-b89b-88a84be9f818,03459d0d-4db8-41a4-b6d5-69291a54b40a,EVT-REAL-2025-01044,20.9614,84.129,Chhattisgarh,Korba,,,2025-01-28,VALIDATION,Korba,EASTERN_COAL_BELT,Uncertain,UNKNOWN,LOW_CONFIDENCE_HOTSPOT,UNVERIFIED,REAL,False,True,27.2,27.2,0.0,333.5,333.5,0.0,29737.18587700695,210358.0,1233740.2,4200.0,347476.9,210879.0,0,1.0,26.57,1.0,4.703,0.2
4da348d0-2617-4982-a530-1ce2aa935e93,1ddd5da0-e77b-472e-a32b-1afe9d8ec2d1,EVT-REAL-2025-01045,21.5695,84.1683,Chhattisgarh,Korba,,,2025-01-28,VALIDATION,Korba,EASTERN_COAL_BELT,Uncertain,UNKNOWN,LOW_CONFIDENCE_HOTSPOT,UNVERIFIED,REAL,False,True,33.7,33.7,0.0,336.6,336.6,0.0,5245.7462195220905,200062.8,1181775.2,4200.0,285534.5,173732.2,0,1.0,32.86,1.0,6.157,0.65
97a7d599-99da-449b-bcb7-091a173d34bf,6a6adc43-2620-4542-8a6e-63c9404b3641,EVT-REAL-2025-01046,21.8812,84.149,Chhattisgarh,Korba,,,2025-01-28,VALIDATION,Korba,EASTERN_COAL_BELT,Uncertain,UNKNOWN,LOW_CONFIDENCE_HOTSPOT,UNVERIFIED,REAL,False,True,42.0,42.0,0.0,342.1,342.1,0.0,5437.377740192068,201626.4,1153222.3,4200.0,253115.8,158529.1,0,1.0,25.43,1.0,7.337,0.65
c61bcce3-8bf9-48b0-8db8-a8495f313cc6,05681a3b-2a72-4949-b519-3e23ca1275e3,EVT-REAL-2025-01047,22.0137,84.2314,Chhattisgarh,Korba,,,2025-01-28,VALIDATION,Korba,EASTERN_COAL_BELT,Uncertain,UNKNOWN,LOW_CONFIDENCE_HOTSPOT,UNVERIFIED,REAL,False,True,27.0,27.0,0.0,332.9,332.9,0.0,4663.765650798925,192932.3,1147034.0,4200.0,243798.7,163133.3,0,0.5667,12.57,1.0,3.651,0.65
7471a9d6-d7ae-4187-b17c-21b362552591,ba325af7-7a27-43d1-83b9-2ddfac99d857,EVT-REAL-2025-01048,22.1405,84.094,Chhattisgarh,Korba,,,2025-01-28,VALIDATION,Korba,EASTERN_COAL_BELT,Uncertain,UNKNOWN,LOW_CONFIDENCE_HOTSPOT,UNVERIFIED,REAL,False,True,82.4,82.4,0.0,358.8,358.8,0.0,21572.465856674866,207246.2,1127204.9,4200.0,224797.7,146851.5,0,0.4333,7.71,1.0,12.189,0.2
b0967a48-98c6-4e69-b78c-7468cf59c4ee,701594ba-5c41-4f3e-8696-0837a767a8c5,EVT-REAL-2025-01049,22.1389,84.084,Chhattisgarh,Korba,,,2025-01-28,VALIDATION,Korba,EASTERN_COAL_BELT,Uncertain,UNKNOWN,LOW_CONFIDENCE_HOTSPOT,UNVERIFIED,REAL,False,True,29.9,29.9,0.0,334.5,334.5,0.0,22353.83908476286,208269.6,1126697.0,4200.0,224493.7,145850.4,0,0.5667,8.57,1.0,4.648,0.2
f532f8e8-6a73-4708-a763-ce2d8a2b672a,96fd6470-5500-4d77-af1c-a256225444ef,EVT-REAL-2025-01050,24.2388,82.4353,Madhya Pradesh,Singrauli,36d83757-b5dd-43d6-9a69-6d3a12d0d492,Solar Photovoltaic / Solar Thermal Power Generation (Way #1499127735),2025-01-28,VALIDATION,36d83757-b5dd-43d6-9a69-6d3a12d0d492,EASTERN_COAL_BELT,Gas Flare,WEAKLY_LABELED,FACILITY_THERMAL_BASE,UNVERIFIED,REAL,False,True,31.8,31.8,0.0,330.4,330.4,0.0,435.70777722303166,126246.9,839913.2,4200.0,37294.1,14844.0,0,1.0,41.71,1.0,4.533,0.95
e3865944-7897-4f3b-a652-44646bf6785d,af5e61c5-05a7-40a2-a62c-e3448a1a6b50,EVT-REAL-2025-01051,21.74258,84.21992,Chhattisgarh,Korba,,,2025-01-29,VALIDATION,Korba,EASTERN_COAL_BELT,Other Thermal Source,REAL,BACKGROUND_THERMAL_SOURCE,UNVERIFIED,REAL,False,True,65.05,43.65,11.857065404222075,367.0,355.53,11.470000000000027,13298.043082035367,194484.7,1169831.8,4200.0,270125.8,170551.0,0,1.0,44.57,1.0,6.46,0.2
cd248457-94fe-4e4d-9971-9dc39271dd68,82db75e9-064c-409e-ac74-ebfcf5cd21a1,EVT-REAL-2025-01052,19.57665,82.50381,Chhattisgarh,Korba,,,2025-01-29,VALIDATION,Korba,EASTERN_COAL_BELT,Uncertain,UNKNOWN,LOW_CONFIDENCE_HOTSPOT,UNVERIFIED,REAL,False,True,21.1,21.1,0.0,353.51,353.51,0.0,32996.036090128895,425992.0,1280264.4,4200.0,485217.5,301524.2,0,1.0,38.57,1.0,3.0,0.2
4b0cf943-3e13-4973-8fa7-7e6a8c522d65,dd9bd10c-aa2e-4be5-9d16-abaad5f8578d,EVT-REAL-2025-01053,12.6462,76.445,Tamil Nadu,Chennai,,,2025-01-29,VALIDATION,Chennai,GENERAL_INDIAN_TERRITORY,Uncertain,UNKNOWN,LOW_CONFIDENCE_HOTSPOT,UNVERIFIED,REAL,False,True,48.8,48.8,0.0,346.8,346.8,0.0,11450.927021066738,1286436.2,1910725.3,4200.0,1419470.5,1247650.1,0,0.8667,24.0,1.0,6.016,0.2
f3501139-4e42-44f4-80b5-a09990250974,f8ad8b12-eca5-4043-9abd-86aab9a2064d,EVT-REAL-2025-01054,21.57435,84.154,Chhattisgarh,Korba,,,2025-01-29,VALIDATION,Korba,EASTERN_COAL_BELT,Other Thermal Source,REAL,BACKGROUND_THERMAL_SOURCE,UNVERIFIED,REAL,False,True,37.3,35.1,2.2,315.3,314.85,0.44999999999998863,4306.544327725929,201537.0,1180453.0,4200.0,284476.1,172172.6,0,1.0,33.14,1.0,6.652,0.65
9a030091-5e3d-438c-92a4-7b228fc2ab4e,5afa9238-0531-41a7-b94d-4549c8f4cc97,EVT-REAL-2025-01055,21.7478,84.235,Chhattisgarh,Korba,,,2025-01-29,VALIDATION,Korba,EASTERN_COAL_BELT,Uncertain,UNKNOWN,LOW_CONFIDENCE_HOTSPOT,UNVERIFIED,REAL,False,True,45.5,45.5,0.0,318.5,318.5,0.0,13951.909588663491,192917.9,1170335.0,4200.0,270265.3,171794.0,0,1.0,45.14,1.0,4.228,0.2
f0aa7058-c5fa-4ef6-86f3-50e4d8167d33,0878415c-fc6e-4e54-a01d-f91bab8bdc9d,EVT-REAL-2025-01056,22.3084,84.1068,Chhattisgarh,Korba,,,2025-01-29,VALIDATION,Korba,EASTERN_COAL_BELT,Uncertain,UNKNOWN,LOW_CONFIDENCE_HOTSPOT,UNVERIFIED,REAL,False,True,29.9,29.9,0.0,314.5,314.5,0.0,34690.76245465527,207542.7,1113612.3,4200.0,209007.7,147011.6,0,0.5333,6.86,1.0,7.426,0.2
140cbc27-35df-4c31-967d-fa1118231ab4,8df6466e-e034-49b4-bb52-b48e808ad995,EVT-REAL-2025-01057,22.3103,84.1017,Chhattisgarh,Korba,,,2025-01-29,VALIDATION,Korba,EASTERN_COAL_BELT,Uncertain,UNKNOWN,LOW_CONFIDENCE_HOTSPOT,UNVERIFIED,REAL,False,True,25.5,25.5,0.0,313.3,313.3,0.0,35131.81193666093,208091.3,1113116.0,4200.0,208566.9,146484.1,0,0.4667,8.0,1.0,4.561,0.2
42adec23-dfb3-41cd-9abf-bbf648535630,da4e2b6b-88cb-484b-b596-778b7e2c4941,EVT-REAL-2025-01058,20.96393,86.00543,Odisha,Angul,ccfecf36-122a-46ec-8e75-8ab9585c9ee8,TATA Steel,2025-01-29,VALIDATION,ccfecf36-122a-46ec-8e75-8ab9585c9ee8,EASTERN_COAL_BELT,Gas Flare,WEAKLY_LABELED,FACILITY_THERMAL_BASE,UNVERIFIED,REAL,False,True,54.1,39.83,10.276672613253767,319.7,315.67,4.029999999999973,910.149498306204,49270.0,1354338.4,4200.0,445801.1,374692.9,1,1.0,1916.57,0.6667,16.443,0.95
8a2afdc3-ad45-4669-9846-a82babd8b656,d09c0ed6-e026-412d-bce9-266a833890ae,EVT-REAL-2025-01059,21.9843,73.0405,Gujarat,Jamnagar,ecedcc6c-c2e6-4f77-ad76-937dd7e53b00,Solar Photovoltaic / Solar Thermal Power Generation (Way #1266712133),2025-01-30,VALIDATION,ecedcc6c-c2e6-4f77-ad76-937dd7e53b00,WESTERN_PETROCHEMICAL,Gas Flare,WEAKLY_LABELED,FACILITY_THERMAL_BASE,UNVERIFIED,REAL,False,True,28.7,28.7,0.0,326.6,326.6,0.0,658.0973763120121,814385.1,884602.9,4200.0,1023957.9,978359.1,0,1.0,17.43,1.0,6.058,0.95
26460361-1424-417f-b6c0-9145067b02fb,37308bfd-6589-4bfb-9aa5-f0ac8c839815,EVT-REAL-2025-01060,21.25305,86.10529,Odisha,Angul,,,2025-01-30,VALIDATION,Angul,EASTERN_COAL_BELT,Uncertain,UNKNOWN,LOW_CONFIDENCE_HOTSPOT,UNVERIFIED,REAL,False,True,35.13,35.13,0.0,367.0,367.0,0.0,24075.304174787932,16271.4,1337381.5,4200.0,429710.4,372725.9,0,0.3333,4.57,1.0,6.725,0.2
cce9a17d-bba0-4e0f-afcd-be0c827804c3,24f94776-8e10-4900-b5ee-5ca738c3ccf5,EVT-REAL-2025-01061,21.68448,84.33689,Chhattisgarh,Korba,,,2025-01-30,VALIDATION,Korba,EASTERN_COAL_BELT,Uncertain,UNKNOWN,LOW_CONFIDENCE_HOTSPOT,UNVERIFIED,REAL,False,True,31.89,31.89,0.0,367.0,367.0,0.0,26524.858181877546,182458.6,1182354.0,4200.0,281184.7,184176.5,0,1.0,22.0,1.0,4.52,0.2
91b158b5-568d-4b68-891c-f611381350aa,4c94d387-a08d-46ea-addf-c728cf44325b,EVT-REAL-2025-01062,21.73594,84.26068,Chhattisgarh,Korba,,,2025-01-30,VALIDATION,Korba,EASTERN_COAL_BELT,Uncertain,UNKNOWN,LOW_CONFIDENCE_HOTSPOT,UNVERIFIED,REAL,False,True,40.74,40.74,0.0,367.0,367.0,0.0,16809.554844345745,190277.3,1173005.4,4200.0,272594.3,174745.6,0,1.0,32.86,1.0,5.521,0.2
7d9d5637-16ff-4ebd-b6e0-7511a6e78030,872fb8a9-1348-48c6-96d9-3ea0b56c2b1e,EVT-REAL-2025-01063,19.95656,82.13531,Chhattisgarh,Korba,,,2025-01-30,VALIDATION,Korba,EASTERN_COAL_BELT,Uncertain,UNKNOWN,LOW_CONFIDENCE_HOTSPOT,UNVERIFIED,REAL,False,True,28.84,28.84,0.0,349.16,349.16,0.0,32727.69771522046,402898.1,1225734.8,4200.0,447489.0,262521.7,0,1.0,27.14,1.0,4.42,0.2
8c1975b3-cb80-4a50-ad1c-2f72fe6360c5,25f7ac05-552e-445f-80b0-b7f16b9862b0,EVT-REAL-2025-01064,12.09841,76.82182,Tamil Nadu,Chennai,b98547de-0620-4a07-b294-cd996fe145e6,Solar Photovoltaic / Solar Thermal Power Generation (Way #985793439),2025-01-31,VALIDATION,b98547de-0620-4a07-b294-cd996fe145e6,GENERAL_INDIAN_TERRITORY,Industrial Fire,REAL,OSM_FACILITY_GROUND_TRUTH,UNVERIFIED,REAL,False,True,20.86,20.86,0.0,342.6,341.25,1.3500000000000227,2336.610921605689,1330271.1,1971058.7,4200.0,1455878.5,1280965.8,0,0.2,2.0,1.0,16.315,0.95
12f106bf-d29e-40e0-a2c6-0faf552d9362,14eede56-0bf8-46bd-b6f8-4363ce9b3d01,EVT-REAL-2025-01065,20.86043,84.09,Chhattisgarh,Korba,,,2025-01-31,VALIDATION,Korba,EASTERN_COAL_BELT,Uncertain,UNKNOWN,LOW_CONFIDENCE_HOTSPOT,UNVERIFIED,REAL,False,True,36.73,36.73,0.0,340.7,340.7,0.0,22338.477736614983,217174.6,1240580.9,4200.0,356984.3,216167.4,0,1.0,24.57,1.0,6.13,0.2
60adef6a-5804-4a5b-8c43-28d9e422fe04,1d1f9d08-5fcd-4594-a907-dda54a7109e1,EVT-REAL-2025-01066,11.5039,76.4602,Tamil Nadu,Chennai,e7a59971-4768-4988-bb47-a852329a23c2,Chambala Tea Factory,2025-01-31,VALIDATION,e7a59971-4768-4988-bb47-a852329a23c2,GENERAL_INDIAN_TERRITORY,Industrial Fire,REAL,OSM_FACILITY_GROUND_TRUTH,UNVERIFIED,REAL,False,True,26.0,26.0,0.0,313.1,313.1,0.0,1794.3648068008808,1405061.3,2037070.8,4200.0,1532137.8,1357497.3,0,0.3667,6.29,1.0,3.55,0.95
d6fc6a93-faba-46cc-8442-63b13e82629c,742cd74f-7f1a-41c8-9396-cef579e58a4c,EVT-REAL-2025-01067,11.5017,76.4461,Tamil Nadu,Chennai,,,2025-01-31,VALIDATION,Chennai,GENERAL_INDIAN_TERRITORY,Uncertain,UNKNOWN,LOW_CONFIDENCE_HOTSPOT,UNVERIFIED,REAL,False,True,22.9,22.9,0.0,312.7,312.7,0.0,3012.9463576305566,1405781.5,2037327.5,4200.0,1533011.5,1358425.3,0,0.6333,11.43,1.0,4.214,0.65
d2883a3f-bfd0-4ab3-9f98-da5e1864fa02,1a7c9b53-a2ce-450b-a219-8d25394ceea2,EVT-REAL-2025-01068,15.40195,76.99194,Andhra Pradesh,East Godavari,,,2025-02-01,VALIDATION,East Godavari,GENERAL_INDIAN_TERRITORY,Uncertain,UNKNOWN,LOW_CONFIDENCE_HOTSPOT,UNVERIFIED,REAL,False,True,26.62,26.62,0.0,367.0,367.0,0.0,15040.520134773293,981394.9,1605682.8,4200.0,1124894.4,960120.6,0,1.0,17.14,1.0,5.77,0.2
292cee11-3acc-4caf-a609-74f442960ecc,67a221b0-c0e3-4671-870f-34d37c8b3375,EVT-REAL-2025-01069,15.47621,76.96783,Andhra Pradesh,East Godavari,,,2025-02-01,VALIDATION,East Godavari,GENERAL_INDIAN_TERRITORY,Other Thermal Source,REAL,BACKGROUND_THERMAL_SOURCE,UNVERIFIED,REAL,False,True,23.39,21.77,1.307669683062202,351.79,348.65,3.140000000000043,7140.0951322119245,974900.1,1597437.9,4200.0,1119296.3,955077.5,0,0.6,6.0,1.0,4.705,0.65
ab16680f-889c-4a50-9122-f1605d82dfb9,0ab08e67-81a2-4e68-88af-477f78945f0d,EVT-REAL-2025-01070,21.77747,70.06693,Gujarat,Jamnagar,50fbdc6d-c728-49b2-9bd9-6861ac2e54f5,"APCA, Khageshri",2025-02-01,VALIDATION,50fbdc6d-c728-49b2-9bd9-6861ac2e54f5,WESTERN_PETROCHEMICAL,Gas Flare,WEAKLY_LABELED,FACILITY_THERMAL_BASE,UNVERIFIED,REAL,False,True,26.56,26.56,0.0,333.98,333.98,0.0,103.87154297714004,1119358.0,990429.4,4200.0,1328178.1,1286518.7,0,0.7,8.86,1.0,3.724,0.95
80b5bf50-0f14-4eb3-9a26-9fb41c3a681e,2503ffe5-4eee-4df1-8a0f-c762287c3d6b,EVT-REAL-2025-01071,21.113,72.6377,Gujarat,Jamnagar,e9c4bee7-eae3-4bd8-a08a-39d2cf310cbd,ArcelorMittal Nippon Steel India,2025-02-02,VALIDATION,e9c4bee7-eae3-4bd8-a08a-39d2cf310cbd,WESTERN_PETROCHEMICAL,Gas Flare,WEAKLY_LABELED,FACILITY_THERMAL_BASE,UNVERIFIED,REAL,False,True,25.3,25.3,0.0,310.5,310.5,0.0,716.5300056329626,881406.7,985988.2,4200.0,1091262.1,1030767.0,0,1.0,4949.43,1.0,4.249,0.95
cf9c4a9a-8bbc-404f-a95b-2a1d93964abf,3c91844b-50e1-4111-b5ca-ac0000bfa214,EVT-REAL-2025-01072,24.46191,86.75285,Jharkhand,Dhanbad,4e91f187-8a77-4aae-a956-3878f33656e5,Tapovan,2025-02-02,VALIDATION,4e91f187-8a77-4aae-a956-3878f33656e5,EASTERN_COAL_BELT,Gas Flare,WEAKLY_LABELED,FACILITY_THERMAL_BASE,UNVERIFIED,REAL,False,True,50.72,50.72,0.0,346.25,285.81,60.44,231.81280285951422,267320.7,1155003.8,4200.0,371849.4,410122.7,0,1.0,23.43,1.0,2.471,0.95
4b103967-3d5b-432b-b78c-3abdb74d4efe,e2a70e73-9e81-42e9-a9fc-1a9158d36b91,EVT-REAL-2025-01073,15.43541,76.80959,Andhra Pradesh,East Godavari,,,2025-02-02,VALIDATION,East Godavari,GENERAL_INDIAN_TERRITORY,Uncertain,UNKNOWN,LOW_CONFIDENCE_HOTSPOT,UNVERIFIED,REAL,False,True,33.06,33.06,0.0,343.43,343.43,0.0,10082.186258912074,985962.1,1601860.5,4200.0,1132214.9,968939.7,0,0.5333,5.71,1.0,5.449,0.2
99efd182-91fe-48b4-b77e-fa301ff2a7dc,551016e9-768c-4898-b71b-8be239b2d432,EVT-REAL-2025-01074,19.64774,82.44764,Chhattisgarh,Korba,,,2025-02-02,VALIDATION,Korba,EASTERN_COAL_BELT,Uncertain,UNKNOWN,LOW_CONFIDENCE_HOTSPOT,UNVERIFIED,REAL,False,True,22.59,22.59,0.0,355.03,355.03,0.0,25564.08931619253,427455.6,1270621.6,4200.0,477770.9,293746.2,0,0.5333,8.0,1.0,4.61,0.2
a0b6a06c-a551-42d0-92e2-1d1a72a7a27d,0ff569e2-78d4-4852-aadd-cb173c675121,EVT-REAL-2025-01075,23.6816,86.39605,Jharkhand,Dhanbad,0348bfff-a7d5-4948-844e-1899cbf51b57,Designated Industrial Park / Estate (Way #825940073),2025-02-03,VALIDATION,0348bfff-a7d5-4948-844e-1899cbf51b57,EASTERN_COAL_BELT,Other Thermal Source,REAL,BACKGROUND_THERMAL_SOURCE,UNVERIFIED,REAL,False,True,16.9,15.95,0.9486832980505138,316.7,312.95,3.75,2226.0378506695893,180661.7,1176109.9,4200.0,337159.6,377454.9,0,1.0,4258.29,1.0,5.292,0.95
2e7c93bf-3588-4940-84b7-f0bc4b49aa1b,630befa8-1b74-4247-b5f7-ac8ab5479bc0,EVT-REAL-2025-01076,23.76235,86.40255,Jharkhand,Dhanbad,78ced2c8-7ae2-4a97-8583-28b5fa469a7c,Mining and Quarrying n.e.c. (Way #1010056601),2025-02-03,VALIDATION,78ced2c8-7ae2-4a97-8583-28b5fa469a7c,EASTERN_COAL_BELT,Mining Activity,REAL,IBM_MINING_GROUND_TRUTH,UNVERIFIED,REAL,False,True,19.9,17.95,1.9493588689617927,312.5,311.65,0.8500000000000227,1544.5579410145185,189605.2,1171159.2,4200.0,337046.3,376951.7,0,1.0,10000.29,1.0,6.48,0.95
9604249a-211a-4bc4-b061-96a24c70aabe,fd314be4-580f-4466-a5ba-43b4f4a28853,EVT-REAL-2025-01077,15.47326,76.97164,Andhra Pradesh,East Godavari,,,2025-02-03,VALIDATION,East Godavari,GENERAL_INDIAN_TERRITORY,Other Thermal Source,REAL,BACKGROUND_THERMAL_SOURCE,UNVERIFIED,REAL,False,True,23.39,22.55,0.8366600265340756,367.0,367.0,0.0,7663.58760252643,975034.3,1597768.5,4200.0,1119355.2,955093.3,0,0.5667,9.14,1.0,3.834,0.65
4387d489-ddeb-408f-9c6c-37a78b22c71c,741dc09e-872a-41c7-974b-27f9c0807d7b,EVT-REAL-2025-01078,19.91892,81.86162,Chhattisgarh,Korba,,,2025-02-03,VALIDATION,Korba,EASTERN_COAL_BELT,Forest Fire,REAL,FSI_FOREST_CANOPY,UNVERIFIED,REAL,False,True,34.03,26.91,5.034878350069642,367.0,336.87,30.129999999999995,45350.29268549422,401537.0,1217698.3,4200.0,456760.2,272357.3,0,0.1667,1.43,1.0,8.328,0.2
2fae49ae-2fc5-476e-9122-2691d5e452e8,ca820f4e-164a-4fd4-b200-4ec22b0fb4b3,EVT-REAL-2025-01079,19.6652,82.5404,Chhattisgarh,Korba,,,2025-02-03,VALIDATION,Korba,EASTERN_COAL_BELT,Uncertain,UNKNOWN,LOW_CONFIDENCE_HOTSPOT,UNVERIFIED,REAL,False,True,20.8,20.8,0.0,319.0,319.0,0.0,35163.50951130211,417948.7,1273108.2,4200.0,475205.8,291718.0,0,1.0,32.29,1.0,3.333,0.2
3cb375d9-7293-4898-9a96-c4258555004e,fd0699f4-54fa-4ef5-8337-7de3a54dfe58,EVT-REAL-2025-01080,21.33807,72.99862,Gujarat,Jamnagar,65cd7d45-ae38-4737-9f0a-1f5714250bf4,GENSU Solar Power Plant,2025-02-03,VALIDATION,65cd7d45-ae38-4737-9f0a-1f5714250bf4,WESTERN_PETROCHEMICAL,Gas Flare,WEAKLY_LABELED,FACILITY_THERMAL_BASE,UNVERIFIED,REAL,False,True,61.85,52.08,9.77496803063826,355.9,347.45,8.449999999999989,468.1231141019967,837963.2,956140.8,4200.0,1047873.2,990013.1,0,1.0,49.71,1.0,8.008,0.95
a4f9dc9a-5222-43aa-9a34-a68e7223b058,034b9679-ed9a-4fae-8c08-87557cabc071,EVT-REAL-2025-01081,21.69494,84.22099,Chhattisgarh,Korba,,,2025-02-04,VALIDATION,Korba,EASTERN_COAL_BELT,Other Thermal Source,REAL,BACKGROUND_THERMAL_SOURCE,UNVERIFIED,REAL,False,True,45.5,31.87,9.635351576356724,367.0,363.15,3.8500000000000227,17057.1881746254,194438.1,1174066.2,4200.0,274962.7,172656.3,0,1.0,26.57,1.0,4.183,0.2
59f8bfd2-1c0f-45fb-b9b4-f77914c574ae,ca00dadf-7642-4599-be7d-dd7f50289abe,EVT-REAL-2025-01082,21.99566,84.02393,Chhattisgarh,Korba,,,2025-02-04,VALIDATION,Korba,EASTERN_COAL_BELT,Other Thermal Source,REAL,BACKGROUND_THERMAL_SOURCE,UNVERIFIED,REAL,False,True,29.19,27.63,1.5556349186104046,353.21,351.28,1.9300000000000068,9973.450825578742,214379.4,1135277.2,4200.0,236256.4,142669.4,0,0.7333,12.57,1.0,4.389,0.2
2acea5f7-df37-4353-86a4-e2ac0aaae89d,d656e756-0ad7-4eae-9376-2d92811fed13,EVT-REAL-2025-01083,21.6041,84.3001,Chhattisgarh,Korba,,,2025-02-04,VALIDATION,Korba,EASTERN_COAL_BELT,Uncertain,UNKNOWN,LOW_CONFIDENCE_HOTSPOT,UNVERIFIED,REAL,False,True,25.8,25.8,0.0,319.2,319.2,0.0,19344.485635957797,186368.8,1187032.6,4200.0,287530.6,184237.3,0,1.0,13.43,1.0,5.892,0.2
03aee5f8-b62f-4cee-8175-0c95fc6f752a,6f8e0a8b-e83d-4649-a19d-29fdb32942cf,EVT-REAL-2025-01084,18.9998,82.2619,Chhattisgarh,Korba,,,2025-02-04,VALIDATION,Korba,EASTERN_COAL_BELT,Mining Activity,REAL,IBM_MINING_GROUND_TRUTH,UNVERIFIED,REAL,False,True,35.5,35.5,0.0,315.1,315.1,0.0,13777.688834617895,481120.3,1327756.4,4200.0,550932.0,366362.5,0,1.0,14.29,1.0,7.975,0.2
a7a37079-88e9-4624-8912-4483f5e5d7f1,154792d2-5945-4beb-bf83-24554a55d389,EVT-REAL-2025-01085,18.98903,82.25285,Chhattisgarh,Korba,,,2025-02-04,VALIDATION,Korba,EASTERN_COAL_BELT,Mining Activity,REAL,IBM_MINING_GROUND_TRUTH,UNVERIFIED,REAL,False,True,27.48,27.48,0.0,337.21,337.21,0.0,14075.677990432874,482578.6,1328469.1,4200.0,552213.7,367621.7,0,0.9,13.71,1.0,5.612,0.2
6b6e7999-63ea-4338-9e46-811ef6944a28,e59c290f-6a46-4ac2-adee-bf5de37c5a66,EVT-REAL-2025-01086,12.8222,76.5957,Tamil Nadu,Chennai,,,2025-02-04,VALIDATION,Chennai,GENERAL_INDIAN_TERRITORY,Uncertain,UNKNOWN,LOW_CONFIDENCE_HOTSPOT,UNVERIFIED,REAL,False,True,28.3,28.3,0.0,316.3,316.3,0.0,3400.3747533127835,1262515.2,1891104.4,4200.0,1394672.3,1222591.1,0,0.6,10.57,1.0,3.675,0.65
79e4c37a-86bd-4c60-8562-c4eb981e9fea,a44c1322-0aeb-4168-97a0-f24dab69bbe6,EVT-REAL-2025-01087,12.4742,76.7485,Tamil Nadu,Chennai,,,2025-02-05,VALIDATION,Chennai,GENERAL_INDIAN_TERRITORY,Uncertain,UNKNOWN,LOW_CONFIDENCE_HOTSPOT,UNVERIFIED,REAL,False,True,48.0,48.0,0.0,328.6,328.6,0.0,7172.158330582291,1293320.4,1929493.1,4200.0,1421733.2,1248012.3,0,0.5,12.29,1.0,6.522,0.65
5a8934f6-17e4-4a55-9214-2878bb932eb4,9f818113-e476-412e-a7ca-7f6de1480968,EVT-REAL-2025-01088,22.06272,81.39545,Madhya Pradesh,Singrauli,,,2025-02-05,VALIDATION,Singrauli,EASTERN_COAL_BELT,Forest Fire,REAL,FSI_FOREST_CANOPY,UNVERIFIED,REAL,False,True,29.49,29.49,0.0,367.0,367.0,0.0,29032.26502203008,159865.0,982381.6,4200.0,253798.4,118913.9,0,0.1667,1.71,1.0,5.952,0.2
aa6a79c9-ce2a-48aa-a8e1-775d743e614d,3ea035d3-ee03-40e5-a054-abe929538b70,EVT-REAL-2025-01089,21.75339,84.3745,Chhattisgarh,Korba,,,2025-02-05,VALIDATION,Korba,EASTERN_COAL_BELT,Uncertain,UNKNOWN,LOW_CONFIDENCE_HOTSPOT,UNVERIFIED,REAL,False,True,34.6,34.6,0.0,351.27,351.27,0.0,26145.06123722241,178481.6,1178778.8,4200.0,276190.6,185117.6,0,1.0,22.57,1.0,6.181,0.2
ce9b011c-38ad-422e-bcbd-70182353c9bb,0d1a75ba-6459-450b-9cfa-106ff158146e,EVT-REAL-2025-01090,23.68061,86.09925,Jharkhand,Dhanbad,f559117b-bf21-4e7e-bb54-a2e0b288aa74,Industrial Manufacturing (cooling) (Way #669690353),2025-02-05,VALIDATION,f559117b-bf21-4e7e-bb54-a2e0b288aa74,EASTERN_COAL_BELT,Gas Flare,WEAKLY_LABELED,FACILITY_THERMAL_BASE,UNVERIFIED,REAL,False,True,30.6,25.51,5.090186637049765,334.22,324.11,10.110000000000014,412.01538568952026,180577.2,1152426.7,4200.0,307059.9,347523.8,0,1.0,3196.86,0.0,11.227,0.95
3f3a749e-3db6-4d13-accb-07cb62a3d43a,dcd12a58-e776-4d50-959a-62d3e1a0b28d,EVT-REAL-2025-01091,11.51233,76.60128,Tamil Nadu,Chennai,1e207fd1-3159-46b4-9868-1373972f1264,PUSHEP,2025-02-06,VALIDATION,1e207fd1-3159-46b4-9868-1373972f1264,GENERAL_INDIAN_TERRITORY,Industrial Fire,REAL,OSM_FACILITY_GROUND_TRUTH,UNVERIFIED,REAL,False,True,20.56,20.56,0.0,367.0,357.29,9.70999999999998,1160.815200453618,1399354.7,2035994.0,4200.0,1524816.5,1349610.7,0,0.2,6.0,1.0,4.469,0.95
6b910d03-c69a-4247-927d-59ddbe776fe2,094833ba-02e6-475d-ae6d-7aefe9d53cfb,EVT-REAL-2025-01092,12.44715,76.7377,Tamil Nadu,Chennai,,,2025-02-06,VALIDATION,Chennai,GENERAL_INDIAN_TERRITORY,Other Thermal Source,REAL,BACKGROUND_THERMAL_SOURCE,UNVERIFIED,REAL,False,True,111.56,61.25,35.57695883574087,353.04,351.33,1.7100000000000364,5635.981103705873,1296531.5,1932488.9,4200.0,1424938.1,1251201.7,0,0.2333,4.86,1.0,20.086,0.65
639b3b74-bb55-4bbe-aa4a-fedec39980cc,d979ea27-d83f-45fc-a4d7-d0e84ddf04ee,EVT-REAL-2025-01093,12.45074,76.74223,Tamil Nadu,Chennai,,,2025-02-06,VALIDATION,Chennai,GENERAL_INDIAN_TERRITORY,Uncertain,UNKNOWN,LOW_CONFIDENCE_HOTSPOT,UNVERIFIED,REAL,False,True,36.09,36.09,0.0,349.54,349.54,0.0,5775.604895580613,1295997.0,1932090.3,4200.0,1424366.0,1250617.3,0,0.2,4.29,1.0,6.191,0.65
f9940ff8-d356-452b-8ca5-98e1cf5c24ef,aa01712e-cb7b-4980-bfef-dea8ed592cbc,EVT-REAL-2025-01094,11.82561,76.45077,Tamil Nadu,Chennai,,,2025-02-06,VALIDATION,Chennai,GENERAL_INDIAN_TERRITORY,Uncertain,UNKNOWN,LOW_CONFIDENCE_HOTSPOT,UNVERIFIED,REAL,False,True,30.4,30.4,0.0,353.9,353.9,0.0,24799.12354538349,1371698.8,2001493.6,4200.0,1500434.8,1326534.6,0,0.0667,0.86,1.0,4.887,0.2
4ca0adf5-3eaa-4e00-9dff-727708191cf6,13dc115a-dd90-486c-9c19-aa03433be7f4,EVT-REAL-2025-01095,21.96084,84.01497,Chhattisgarh,Korba,,,2025-02-06,VALIDATION,Korba,EASTERN_COAL_BELT,Other Thermal Source,REAL,BACKGROUND_THERMAL_SOURCE,UNVERIFIED,REAL,False,True,53.44,38.89,10.295144486601439,348.86,345.44,3.420000000000016,6281.759702325375,215357.1,1137747.7,4200.0,239436.6,142753.4,0,1.0,37.71,1.0,7.155,0.65
1609e316-e51e-4a1d-9159-5ab4928a8f2c,d59ff253-1ef1-48a7-82b9-53a4cc9d353a,EVT-REAL-2025-01096,21.96316,84.00528,Chhattisgarh,Korba,,,2025-02-06,VALIDATION,Korba,EASTERN_COAL_BELT,Other Thermal Source,REAL,BACKGROUND_THERMAL_SOURCE,UNVERIFIED,REAL,False,True,29.64,29.64,0.0,334.97,332.9,2.07000000000005,6839.345252567858,216354.4,1136930.5,4200.0,238812.0,141720.3,0,1.0,31.14,1.0,4.106,0.65
3cd89fe0-3c8c-4bd9-9f18-cafe8325d4a2,e6abc19e-ceeb-4c41-b84d-d25c293f20b2,EVT-REAL-2025-01097,21.52268,84.73854,Odisha,Angul,,,2025-02-06,VALIDATION,Angul,EASTERN_COAL_BELT,Uncertain,UNKNOWN,LOW_CONFIDENCE_HOTSPOT,UNVERIFIED,REAL,False,True,28.02,28.02,0.0,367.0,367.0,0.0,11718.133790022415,141051.1,1222287.7,4200.0,317138.6,229452.5,0,0.7,8.29,1.0,7.578,0.2
9e5e3df4-ef47-4d17-bdee-9b0fba33172f,f56d15f8-66c4-46c1-920c-bf5ba73a95c3,EVT-REAL-2025-01098,12.7976,76.6901,Tamil Nadu,Chennai,,,2025-02-06,VALIDATION,Chennai,GENERAL_INDIAN_TERRITORY,Uncertain,UNKNOWN,LOW_CONFIDENCE_HOTSPOT,UNVERIFIED,REAL,False,True,33.8,33.8,0.0,334.2,334.2,0.0,12132.865040225686,1261608.4,1893742.8,4200.0,1392461.9,1219846.3,0,1.0,21.14,1.0,6.455,0.2
76645b04-4655-456e-ae56-b5398ae79b07,21d35eb7-d00c-45c4-b821-e67ae79a6fcb,EVT-REAL-2025-01099,21.5854,72.7841,Gujarat,Jamnagar,,,2025-02-06,VALIDATION,Jamnagar,WESTERN_PETROCHEMICAL,Uncertain,UNKNOWN,LOW_CONFIDENCE_HOTSPOT,UNVERIFIED,REAL,False,True,71.9,71.9,0.0,355.1,355.1,0.0,10381.8119943109,851222.6,931993.7,4200.0,1061113.8,1008682.7,0,0.4667,5.43,1.0,10.017,0.2
ceecae66-e504-478d-a233-87bf1f383e8a,b115ac9c-d505-43e0-93a0-b3ee75d8cbf2,EVT-REAL-2025-01100,23.60431,86.08619,Jharkhand,Dhanbad,,,2025-02-07,VALIDATION,Dhanbad,EASTERN_COAL_BELT,Other Thermal Source,REAL,BACKGROUND_THERMAL_SOURCE,UNVERIFIED,REAL,False,True,22.2,19.12,3.0805843601498726,344.68,337.74,6.939999999999998,7249.2384138858915,172132.7,1156696.6,4200.0,306763.4,347594.4,0,0.5,5.43,1.0,6.142,0.65
27061e9b-cb36-4837-a4ce-79975737731a,5da5ce15-eb5f-4ccc-a2cd-8678870ee013,EVT-REAL-2025-01101,21.68787,81.90561,Madhya Pradesh,Singrauli,,,2025-02-07,VALIDATION,Singrauli,EASTERN_COAL_BELT,Other Thermal Source,REAL,BACKGROUND_THERMAL_SOURCE,UNVERIFIED,REAL,False,True,27.12,27.12,0.0,347.71,322.22,25.489999999999952,15863.722955731202,211692.0,1043607.2,4200.0,266804.9,92841.9,0,1.0,13.14,1.0,6.104,0.2
8029d2bc-07e8-40b6-b657-e2bc480d4c31,7a855095-2a2b-42bc-855f-4409df3fd0df,EVT-REAL-2025-01102,15.12204,76.53989,Karnataka,Ballari,,,2025-02-07,VALIDATION,Ballari,GENERAL_INDIAN_TERRITORY,Other Thermal Source,REAL,BACKGROUND_THERMAL_SOURCE,UNVERIFIED,REAL,False,True,34.3,25.61,6.291263784010332,347.29,341.26,6.03000000000003,4834.235188560319,1029590.1,1636721.7,4200.0,1177055.2,1014084.2,0,0.7667,21.71,1.0,5.51,0.65
c759d146-e3f4-41c2-bf6d-cdeb5cf511aa,0f7fbfd5-bf8c-40fb-859f-48c1a0939ae8,EVT-REAL-2025-01103,22.3442,87.0133,Odisha,Angul,,,2025-02-07,VALIDATION,Angul,EASTERN_COAL_BELT,Uncertain,UNKNOWN,LOW_CONFIDENCE_HOTSPOT,UNVERIFIED,REAL,False,True,56.9,56.9,0.0,349.9,349.9,0.0,5332.321899162824,49646.5,1319479.0,4200.0,438420.7,446316.4,0,1.0,428.0,1.0,29.159,0.65
1d9c1811-3dfc-4cc2-89e6-4eeef31e59dd,bf9f32ff-0c1f-4120-bf81-7840ce456cf5,EVT-REAL-2025-01104,23.5992,87.2271,Jharkhand,Dhanbad,81447d53-12e4-4693-90f8-e0b3e87337a0,Industrial Works (works) (Way #1069823610),2025-02-07,VALIDATION,81447d53-12e4-4693-90f8-e0b3e87337a0,EASTERN_COAL_BELT,Uncertain,UNKNOWN,LOW_CONFIDENCE_HOTSPOT,UNVERIFIED,REAL,False,True,26.8,26.8,0.0,331.7,331.7,0.0,1591.5586304111457,181500.5,1249281.1,4200.0,422442.6,462689.3,0,0.6333,14.0,1.0,3.858,0.95
693f69bc-2cce-4927-8a81-2982f775fd7b,124ed981-22a7-4a45-92e9-adbf1fba1bf3,EVT-REAL-2025-01105,15.12616,76.52686,Karnataka,Ballari,,,2025-02-07,VALIDATION,Ballari,GENERAL_INDIAN_TERRITORY,Uncertain,UNKNOWN,LOW_CONFIDENCE_HOTSPOT,UNVERIFIED,REAL,False,True,21.15,21.15,0.0,349.89,349.89,0.0,6266.099978262341,1029772.2,1636278.8,4200.0,1177434.4,1014576.7,0,0.8667,19.14,1.0,2.592,0.65
f5512bc6-38ff-4438-a655-5d5ab8321502,95c2adee-8a80-4f4e-b1a2-0cbbdfb6c55d,EVT-REAL-2025-01106,19.2609,82.7284,Chhattisgarh,Korba,dd2bf40f-24d6-4ef3-a21a-7b8cec52c921,Solar Photovoltaic / Solar Thermal Power Generation (Relation #13441175),2025-02-08,VALIDATION,dd2bf40f-24d6-4ef3-a21a-7b8cec52c921,EASTERN_COAL_BELT,Gas Flare,WEAKLY_LABELED,FACILITY_THERMAL_BASE,UNVERIFIED,REAL,False,True,28.6,28.6,0.0,322.9,322.9,0.0,552.5327719391985,424290.1,1321990.7,4200.0,519255.6,336509.8,0,0.8667,20.0,1.0,4.999,0.95
51915a63-bde1-490e-8465-892dfcb7f76f,7268596c-34bc-4dc8-8053-08aa38f595d0,EVT-REAL-2025-01107,15.11997,76.58173,Karnataka,Ballari,cefedc4a-3090-4a11-8f2d-2cc16cde4506,Designated Industrial Park / Estate (Way #1375816450),2025-02-08,VALIDATION,cefedc4a-3090-4a11-8f2d-2cc16cde4506,GENERAL_INDIAN_TERRITORY,Other Thermal Source,REAL,BACKGROUND_THERMAL_SOURCE,UNVERIFIED,REAL,False,True,52.3,29.93,15.815814869933195,349.6,335.4,14.200000000000045,2473.90870760795,1027898.2,1636908.1,4200.0,1174809.7,1011532.8,0,0.8667,24.57,1.0,4.265,0.95
31f9bd0c-81f3-41c5-82ba-f77459fb75f2,d6708c29-97e9-482a-b98a-cc82be89bd27,EVT-REAL-2025-01108,21.70539,85.76641,Odisha,Angul,,,2025-02-08,VALIDATION,Angul,EASTERN_COAL_BELT,Forest Fire,REAL,FSI_FOREST_CANOPY,UNVERIFIED,REAL,False,True,29.66,29.66,0.0,347.9,347.9,0.0,37501.64709602142,34517.9,1276744.1,4200.0,369716.2,325426.0,0,0.1333,2.57,1.0,4.751,0.2
7681badc-27fb-41ea-8844-d9f0a487217d,285a7a11-b2bd-4c39-8821-90b593a378cd,EVT-REAL-2025-01109,21.80043,84.37163,Chhattisgarh,Korba,,,2025-02-08,VALIDATION,Korba,EASTERN_COAL_BELT,Other Thermal Source,REAL,BACKGROUND_THERMAL_SOURCE,UNVERIFIED,REAL,False,True,52.13,41.98,10.154801819828883,355.19,348.22,6.96999999999997,24552.794408472717,178720.1,1174521.0,4200.0,271462.0,183170.8,0,0.8667,18.0,1.0,9.333,0.2
84b04d0a-ef2b-4a05-b06d-1ec6024461b9,c6c15ea5-18cd-4dfc-a398-8c5f1b74bbea,EVT-REAL-2025-01110,21.80307,84.36791,Chhattisgarh,Korba,,,2025-02-08,VALIDATION,Korba,EASTERN_COAL_BELT,Other Thermal Source,REAL,BACKGROUND_THERMAL_SOURCE,UNVERIFIED,REAL,False,True,31.82,30.16,2.3430749027719964,353.78,348.65,5.1299999999999955,24129.834218657314,179101.5,1174052.5,4200.0,271021.7,182715.0,0,1.0,22.57,1.0,5.833,0.2
b60a5e47-7b07-4bf1-a861-7161d682c994,828bd5e4-001b-44b1-9c47-e275e0906408,EVT-REAL-2025-01111,23.77658,86.38901,Jharkhand,Dhanbad,78ced2c8-7ae2-4a97-8583-28b5fa469a7c,Mining and Quarrying n.e.c. (Way #1010056601),2025-02-08,VALIDATION,78ced2c8-7ae2-4a97-8583-28b5fa469a7c,EASTERN_COAL_BELT,Mining Activity,REAL,IBM_MINING_GROUND_TRUTH,UNVERIFIED,REAL,False,True,15.17,15.09,0.1,341.28,331.49,9.789999999999964,1346.0049733587612,191181.0,1169104.4,4200.0,335557.6,375397.8,0,1.0,10477.43,1.0,5.046,0.95
7f17c599-554a-4c58-8631-41639e6ecb32,23db54d0-c8c5-4dc2-a260-ea58fb3fb89c,EVT-REAL-2025-01112,22.33754,84.05991,Chhattisgarh,Korba,,,2025-02-08,VALIDATION,Korba,EASTERN_COAL_BELT,Other Thermal Source,REAL,BACKGROUND_THERMAL_SOURCE,UNVERIFIED,REAL,False,True,30.9,30.3,0.5916079783099616,352.44,335.22,17.21999999999997,32154.58279680901,212770.6,1108052.4,4200.0,203843.0,142150.8,0,0.9333,17.43,1.0,5.311,0.2
591901a6-20af-426e-95d3-a8f678443608,c3de7614-12f7-4031-a1aa-1b7de66a0891,EVT-REAL-2025-01113,12.34328,76.60018,Tamil Nadu,Chennai,92ca3c2f-0bdf-4df2-925a-47d2d5423fce,Designated Industrial Park / Estate (Way #1448581642),2025-02-08,VALIDATION,92ca3c2f-0bdf-4df2-925a-47d2d5423fce,GENERAL_INDIAN_TERRITORY,Gas Flare,WEAKLY_LABELED,FACILITY_THERMAL_BASE,UNVERIFIED,REAL,False,True,31.33,25.86,5.465345368775884,354.01,342.61,11.399999999999977,904.8919748563712,1312263.6,1944078.5,4200.0,1441820.2,1268467.5,0,0.7333,7.14,1.0,9.647,0.95
be53245c-2364-44fe-baf1-7e4abb5d7052,ed56a235-43c3-4946-8ef0-d59538203807,EVT-REAL-2025-01114,20.93605,84.09801,Chhattisgarh,Korba,,,2025-02-08,VALIDATION,Korba,EASTERN_COAL_BELT,Other Thermal Source,REAL,BACKGROUND_THERMAL_SOURCE,UNVERIFIED,REAL,False,True,25.69,25.69,0.0,351.55,348.26,3.2900000000000205,27327.26826992916,214163.4,1234186.0,4200.0,349202.4,210621.3,0,1.0,27.43,1.0,4.552,0.2
f5c59df1-2374-405d-af30-1066a3498ecf,a03618d4-2a7c-40bd-af1c-69e69225cbf8,EVT-REAL-2025-01115,21.97786,84.2142,Chhattisgarh,Korba,,,2025-02-08,VALIDATION,Korba,EASTERN_COAL_BELT,Other Thermal Source,REAL,BACKGROUND_THERMAL_SOURCE,UNVERIFIED,REAL,False,True,41.88,30.75,7.872737770305829,352.23,347.91,4.319999999999993,8615.761279546103,194757.0,1149016.3,4200.0,246481.0,162239.1,0,1.0,22.0,1.0,5.006,0.2
6d7d5147-7dd4-4e75-91d2-be4d5f2682da,61ea6ea9-5d87-4320-b84b-042469b3cfe5,EVT-REAL-2025-01116,22.07833,84.31622,Chhattisgarh,Korba,,,2025-02-08,VALIDATION,Korba,EASTERN_COAL_BELT,Uncertain,UNKNOWN,LOW_CONFIDENCE_HOTSPOT,UNVERIFIED,REAL,False,True,33.56,33.56,0.0,343.53,343.53,0.0,6509.429873500374,184139.7,1147006.2,4200.0,241879.7,170509.7,0,1.0,18.86,1.0,5.378,0.65
46d0095a-91c0-458c-b25a-c2173c386049,29bb75d9-4d4d-491c-857d-32ed03dc592d,EVT-REAL-2025-01117,22.029,84.1986,Chhattisgarh,Korba,,,2025-02-08,VALIDATION,Korba,EASTERN_COAL_BELT,Uncertain,UNKNOWN,LOW_CONFIDENCE_HOTSPOT,UNVERIFIED,REAL,False,True,35.6,35.6,0.0,318.6,318.6,0.0,7400.512041794152,196297.6,1143591.0,4200.0,240715.2,159480.2,0,0.6,12.57,1.0,4.076,0.65
e8eb6574-b030-4c29-a4e4-b78ee8b6f527,a4145241-14eb-4571-b691-75ecb423d920,EVT-REAL-2025-01118,20.8707,85.145,Odisha,Angul,,,2025-02-08,VALIDATION,Angul,EASTERN_COAL_BELT,Uncertain,UNKNOWN,LOW_CONFIDENCE_HOTSPOT,UNVERIFIED,REAL,False,True,29.4,29.4,0.0,314.5,314.5,0.0,2968.9601519642865,115218.3,1305025.6,4200.0,400739.1,300340.9,1,0.6667,6.0,1.0,6.754,0.65
40bef0ab-283f-4531-bc86-98c6c1deab43,48333ff5-dcbd-4c76-8986-dc5dc773dc84,EVT-REAL-2025-01119,21.5792,84.35905,Chhattisgarh,Korba,,,2025-02-08,VALIDATION,Korba,EASTERN_COAL_BELT,Other Thermal Source,REAL,BACKGROUND_THERMAL_SOURCE,UNVERIFIED,REAL,False,True,71.7,65.65,6.04979338490167,323.8,322.55,1.25,24670.75026058781,180296.0,1192952.7,4200.0,292652.1,190935.1,0,0.3,5.43,1.0,29.745,0.2
1529e82d-b515-42e5-bf90-5cddce12c033,082ff77c-42c1-4b45-872e-5e420d66fee1,EVT-REAL-2025-01120,21.5757,84.3338,Chhattisgarh,Korba,,,2025-02-08,VALIDATION,Korba,EASTERN_COAL_BELT,Uncertain,UNKNOWN,LOW_CONFIDENCE_HOTSPOT,UNVERIFIED,REAL,False,True,28.9,28.9,0.0,314.3,314.3,0.0,22031.169845145174,182915.2,1191655.6,4200.0,291865.7,188734.9,0,0.3333,5.14,1.0,9.027,0.2
94e1f28d-e55a-4608-9e75-5b797ebc1873,f9b99969-8d4d-4363-96b4-143712b8f9b7,EVT-REAL-2025-01121,21.1021,72.63958,Gujarat,Jamnagar,e9c4bee7-eae3-4bd8-a08a-39d2cf310cbd,ArcelorMittal Nippon Steel India,2025-02-09,VALIDATION,e9c4bee7-eae3-4bd8-a08a-39d2cf310cbd,WESTERN_PETROCHEMICAL,Gas Flare,WEAKLY_LABELED,FACILITY_THERMAL_BASE,UNVERIFIED,REAL,False,True,39.18,32.43,5.084289527554465,367.0,347.78,19.220000000000027,964.6999120069227,881615.1,987150.7,4200.0,1091463.3,1030766.5,0,1.0,5024.0,1.0,6.589,0.95
61efa361-87c6-469e-a92f-59fcd02f1e5e,015da1ce-8b4d-4217-a3fc-ec3b56150653,EVT-REAL-2025-01122,12.9401,75.6938,Karnataka,Ballari,,,2025-02-09,VALIDATION,Ballari,GENERAL_INDIAN_TERRITORY,Uncertain,UNKNOWN,LOW_CONFIDENCE_HOTSPOT,UNVERIFIED,REAL,False,True,29.6,29.6,0.0,306.8,306.8,0.0,10452.296331771016,1287148.5,1878632.3,4200.0,1430480.5,1263500.4,0,0.3333,8.29,1.0,3.585,0.2
fbe925a8-96f2-4729-95f2-a9f471c8337f,7bc69fa2-86c2-40ae-8c05-c9653308ea6f,EVT-REAL-2025-01123,12.94414,75.66184,Karnataka,Ballari,,,2025-02-09,VALIDATION,Ballari,GENERAL_INDIAN_TERRITORY,Other Thermal Source,REAL,BACKGROUND_THERMAL_SOURCE,UNVERIFIED,REAL,False,True,52.7,34.8,10.413932974625869,367.0,335.31,31.689999999999998,10635.558052151722,1288157.4,1878191.0,4200.0,1431863.0,1265072.2,0,0.7,30.57,1.0,8.428,0.2
1a9b8cc7-8bea-416a-a3b1-5703e7775191,06abf30d-b82d-4f0d-87d5-230579f3f9fa,EVT-REAL-2025-01124,12.9439,75.6884,Karnataka,Ballari,,,2025-02-09,VALIDATION,Ballari,GENERAL_INDIAN_TERRITORY,Uncertain,UNKNOWN,LOW_CONFIDENCE_HOTSPOT,UNVERIFIED,REAL,False,True,39.4,39.4,0.0,309.0,309.0,0.0,11041.234844818604,1287003.5,1878213.0,4200.0,1430416.8,1263479.6,0,0.4333,12.0,1.0,4.159,0.2
34d85a35-d760-48af-94f5-1074ab36c8ba,3ed8b636-c5bc-4e57-afbe-952b4eca6008,EVT-REAL-2025-01125,22.36651,84.03718,Chhattisgarh,Korba,,,2025-02-09,VALIDATION,Korba,EASTERN_COAL_BELT,Other Thermal Source,REAL,BACKGROUND_THERMAL_SOURCE,UNVERIFIED,REAL,False,True,31.04,28.21,2.824889378365107,367.0,360.9,6.100000000000023,28256.286627825713,215565.0,1104087.3,4200.0,199905.8,139780.5,0,0.7333,18.0,1.0,4.597,0.2
30e11ed6-b4b5-4364-8c0c-0eb71542ec70,30224e22-ec3e-48e0-a467-97eba49baa76,EVT-REAL-2025-01126,21.50745,81.98278,Madhya Pradesh,Singrauli,,,2025-02-09,VALIDATION,Singrauli,EASTERN_COAL_BELT,Other Thermal Source,REAL,BACKGROUND_THERMAL_SOURCE,UNVERIFIED,REAL,False,True,32.47,25.61,5.113707070218238,367.0,367.0,0.0,4963.816914111172,233174.2,1064988.5,4200.0,283214.0,103841.2,0,1.0,20.86,1.0,4.372,0.65
f04b0abc-6203-455f-96a9-519f3871e8fa,cbbb876e-1801-459c-8899-d0bb5f2cf2ea,EVT-REAL-2025-01127,12.26729,76.65554,Tamil Nadu,Chennai,d2966b3d-5f1f-4ab6-b489-3767863178e8,Sri Jalaram Wood Industries,2025-02-09,VALIDATION,d2966b3d-5f1f-4ab6-b489-3767863178e8,GENERAL_INDIAN_TERRITORY,Industrial Fire,REAL,OSM_FACILITY_GROUND_TRUTH,UNVERIFIED,REAL,False,True,73.33,49.17,21.09004504499694,367.0,343.9,23.100000000000023,1613.0216192567534,1318247.3,1952432.3,4200.0,1446740.6,1272950.1,0,0.4333,6.86,1.0,13.763,0.95
8e5858f2-572d-45cc-98c0-3ae131937783,7e27e72c-388a-4f0d-add2-860e85da8700,EVT-REAL-2025-01128,12.27046,76.65741,Tamil Nadu,Chennai,d2966b3d-5f1f-4ab6-b489-3767863178e8,Sri Jalaram Wood Industries,2025-02-09,VALIDATION,d2966b3d-5f1f-4ab6-b489-3767863178e8,GENERAL_INDIAN_TERRITORY,Industrial Fire,REAL,OSM_FACILITY_GROUND_TRUTH,UNVERIFIED,REAL,False,True,36.59,36.59,0.0,367.0,367.0,0.0,1575.9304292995607,1317849.7,1952080.2,4200.0,1446336.3,1272544.8,0,0.3667,6.29,1.0,6.811,0.95
de8f70cb-36f3-49c0-8a9b-fbf8ed5ff6aa,92bf7d77-b93c-4923-aa2b-d35227185dc7,EVT-REAL-2025-01129,19.08345,82.67307,Chhattisgarh,Korba,,,2025-02-09,VALIDATION,Korba,EASTERN_COAL_BELT,Uncertain,UNKNOWN,LOW_CONFIDENCE_HOTSPOT,UNVERIFIED,REAL,False,True,37.75,37.75,0.0,355.99,355.99,0.0,20961.768352100265,440402.9,1337206.7,4200.0,539005.7,356115.1,0,0.5667,8.57,1.0,7.166,0.2
7cb2d733-9873-402f-ad22-11a70bd8c0aa,70f32fc0-13ae-4d11-acef-1dbc0703b5af,EVT-REAL-2025-01130,21.70299,84.24613,Chhattisgarh,Korba,,,2025-02-09,VALIDATION,Korba,EASTERN_COAL_BELT,Uncertain,UNKNOWN,LOW_CONFIDENCE_HOTSPOT,UNVERIFIED,REAL,False,True,31.91,31.91,0.0,345.84,345.84,0.0,18422.764360718626,191826.1,1174956.8,4200.0,275245.0,174708.4,0,1.0,30.29,1.0,4.911,0.2
cf41c799-06ae-4941-ac58-d69c074632b8,fb8cfebb-3207-496d-8570-72cf05143d1e,EVT-REAL-2025-01131,19.6075,82.48345,Chhattisgarh,Korba,,,2025-02-09,VALIDATION,Korba,EASTERN_COAL_BELT,Other Thermal Source,REAL,BACKGROUND_THERMAL_SOURCE,UNVERIFIED,REAL,False,True,43.9,40.55,3.3496268448888453,317.4,316.75,0.6499999999999773,30006.189691105217,426230.0,1276261.4,4200.0,481947.4,298128.6,0,1.0,51.71,1.0,6.26,0.2
1133b677-4704-470a-9416-91f05f52b2d5,d3f775ca-7ddd-4461-b2f4-74574b179573,EVT-REAL-2025-01132,22.28765,84.3147,Chhattisgarh,Korba,,,2025-02-09,VALIDATION,Korba,EASTERN_COAL_BELT,Forest Fire,REAL,FSI_FOREST_CANOPY,UNVERIFIED,REAL,False,True,46.1,39.1,7.0,326.9,323.95,2.9499999999999886,21862.29093162895,186004.6,1129084.9,4200.0,222197.9,168457.4,0,0.1333,2.29,1.0,17.604,0.2
7aed778b-8b50-46f1-ae4c-b88ac8c0fbd5,469a7a22-c554-4cfd-8fdd-7babebd5ac6f,EVT-REAL-2025-01133,22.0869,86.8909,Odisha,Angul,,,2025-02-09,VALIDATION,Angul,EASTERN_COAL_BELT,Uncertain,UNKNOWN,LOW_CONFIDENCE_HOTSPOT,UNVERIFIED,REAL,False,True,32.2,32.2,0.0,331.2,331.2,0.0,29648.163463157853,25197.4,1329220.7,4200.0,439945.5,434860.8,0,0.5667,13.43,1.0,5.084,0.2
0f1881b3-a793-43a9-9e86-dcb7f568cdd1,6c0344a9-240c-470a-a25a-901d7533b23a,EVT-REAL-2025-01134,21.72,84.0442,Chhattisgarh,Korba,85d9ecbf-c1a0-487a-8e65-5b08c087f81f,Solar Photovoltaic / Solar Thermal Power Generation (Way #966795642),2025-02-09,VALIDATION,85d9ecbf-c1a0-487a-8e65-5b08c087f81f,EASTERN_COAL_BELT,Gas Flare,WEAKLY_LABELED,FACILITY_THERMAL_BASE,UNVERIFIED,REAL,False,True,40.9,40.9,0.0,323.0,323.0,0.0,432.5897894779362,212694.3,1160734.8,4200.0,265288.2,154809.3,0,1.0,109.43,1.0,11.502,0.95
c3bec611-c9c4-4bf6-a717-1e682c3c69e2,b66f80a1-9020-4098-826b-95fe96932b02,EVT-REAL-2025-01135,21.8155,84.3512,Chhattisgarh,Korba,,,2025-02-09,VALIDATION,Korba,EASTERN_COAL_BELT,Uncertain,UNKNOWN,LOW_CONFIDENCE_HOTSPOT,UNVERIFIED,REAL,False,True,196.7,196.7,0.0,356.7,356.7,0.0,22254.55289485248,180813.6,1171898.7,4200.0,268989.8,180650.3,0,1.0,32.0,1.0,21.72,0.2
7d33c449-482e-4336-bde1-61e52ad19740,72319886-0a1c-4fb1-8261-deb93a6905d9,EVT-REAL-2025-01136,21.81525,84.3389,Chhattisgarh,Korba,,,2025-02-09,VALIDATION,Korba,EASTERN_COAL_BELT,Other Thermal Source,REAL,BACKGROUND_THERMAL_SOURCE,UNVERIFIED,REAL,False,True,214.0,158.2,55.8,359.4,350.15,9.25,20993.17557799452,182085.6,1171127.1,4200.0,268414.3,179446.8,0,1.0,23.43,1.0,34.386,0.2
b284bbca-bf62-44fe-8ae9-772a14df85d4,7ed61cc7-fdf5-4604-9784-14ed24d7451f,EVT-REAL-2025-01137,21.8064,84.3484,Chhattisgarh,Korba,,,2025-02-09,VALIDATION,Korba,EASTERN_COAL_BELT,Uncertain,UNKNOWN,LOW_CONFIDENCE_HOTSPOT,UNVERIFIED,REAL,False,True,42.3,42.3,0.0,326.7,326.7,0.0,22083.625953788553,181114.6,1172505.7,4200.0,269741.2,180681.8,0,1.0,31.14,1.0,7.146,0.2
cb5d404c-d0a4-40cc-aa89-13d7b3ee18bb,6187f1ef-94bd-4e65-b062-2ee2ec199aa0,EVT-REAL-2025-01138,21.8148,84.3267,Chhattisgarh,Korba,,,2025-02-09,VALIDATION,Korba,EASTERN_COAL_BELT,Uncertain,UNKNOWN,LOW_CONFIDENCE_HOTSPOT,UNVERIFIED,REAL,False,True,25.6,25.6,0.0,321.7,321.7,0.0,19745.529355775572,183347.5,1170380.0,4200.0,267867.9,178260.9,0,0.9667,15.71,1.0,4.316,0.2
95344a91-7d63-44ee-bbc1-5067b7e1bec0,b416e8fe-2e7e-4fe4-932c-a45eedf6fce9,EVT-REAL-2025-01139,23.7562,86.6481,Jharkhand,Dhanbad,,,2025-02-09,VALIDATION,Dhanbad,EASTERN_COAL_BELT,Uncertain,UNKNOWN,LOW_CONFIDENCE_HOTSPOT,UNVERIFIED,REAL,False,True,24.4,24.4,0.0,324.8,324.8,0.0,7555.464863632428,188948.6,1191492.9,4200.0,362061.2,401893.1,0,0.5333,11.14,1.0,3.568,0.65
1be5637c-531b-4616-8645-d0b8fdb8302e,cbbdcc03-7d94-4e8e-abd0-e177fb4bef09,EVT-REAL-2025-01140,22.00607,84.19559,Chhattisgarh,Korba,,,2025-02-09,VALIDATION,Korba,EASTERN_COAL_BELT,Uncertain,UNKNOWN,LOW_CONFIDENCE_HOTSPOT,UNVERIFIED,REAL,False,True,52.74,52.74,0.0,347.75,347.75,0.0,8344.35440846952,196640.0,1145376.8,4200.0,242823.4,159685.9,0,1.0,19.71,1.0,6.442,0.2
095b054b-34f2-43c1-8757-fc978525d201,741b3aaa-bfff-4227-966c-894652d616e4,EVT-REAL-2025-01141,22.29165,84.3236,Chhattisgarh,Korba,,,2025-02-09,VALIDATION,Korba,EASTERN_COAL_BELT,Forest Fire,REAL,FSI_FOREST_CANOPY,UNVERIFIED,REAL,False,True,30.84,29.66,1.174734012447073,367.0,367.0,0.0,22050.233632892076,185156.9,1129337.5,4200.0,222342.6,169369.1,0,0.1667,1.71,1.0,8.32,0.2
0a117d86-b117-4331-92ff-bd44782a41da,6743d655-d646-4972-a895-b415a1a74d04,EVT-REAL-2025-01142,21.13199,72.76691,Gujarat,Jamnagar,,,2025-02-09,VALIDATION,Jamnagar,WESTERN_PETROCHEMICAL,Other Thermal Source,REAL,BACKGROUND_THERMAL_SOURCE,UNVERIFIED,REAL,False,True,55.43,55.43,0.0,344.04,321.31,22.730000000000018,3799.8412156425798,868031.4,981927.7,4200.0,1077872.5,1017180.4,0,0.8,8.86,1.0,11.724,0.65
f9595e7c-222f-40d2-9663-28d4bcd1f16f,58a3118c-c843-4b1f-a1b6-45d0ab35759a,EVT-REAL-2025-01143,23.44479,70.45471,Gujarat,Jamnagar,,,2025-02-09,VALIDATION,Jamnagar,WESTERN_PETROCHEMICAL,Uncertain,UNKNOWN,LOW_CONFIDENCE_HOTSPOT,UNVERIFIED,REAL,False,True,26.04,26.04,0.0,350.5,350.5,0.0,12625.751557531816,1056199.2,806396.1,4200.0,1259916.7,1237709.0,0,0.0,0.0,1.0,1.0,0.2
d6084607-0bd6-42bd-9647-03ea23a74cef,dd7095b5-7e80-4f67-b77d-6a440acf8926,EVT-REAL-2025-01144,23.55995,87.23874,Jharkhand,Dhanbad,fff8d3e1-d566-46e1-b279-5c87a209b974,Industrial Works (works) (Way #974481211),2025-02-09,VALIDATION,fff8d3e1-d566-46e1-b279-5c87a209b974,EASTERN_COAL_BELT,Gas Flare,WEAKLY_LABELED,FACILITY_THERMAL_BASE,UNVERIFIED,REAL,False,True,29.45,29.45,0.0,325.11,325.11,0.0,772.1775041447984,177802.7,1252811.2,4200.0,424107.4,464494.5,0,1.0,2280.29,0.0,10.57,0.95
bed62d6d-3603-407d-83ca-cf0fc333042b,6f17ce1d-d5ff-4851-bfd2-6124b23f8048,EVT-REAL-2025-01145,20.96312,86.0145,Odisha,Angul,ccfecf36-122a-46ec-8e75-8ab9585c9ee8,TATA Steel,2025-02-10,VALIDATION,ccfecf36-122a-46ec-8e75-8ab9585c9ee8,EASTERN_COAL_BELT,Gas Flare,WEAKLY_LABELED,FACILITY_THERMAL_BASE,UNVERIFIED,REAL,False,True,33.6,33.6,0.0,338.85,338.85,0.0,1009.8455124510551,49179.2,1355027.2,4200.0,446494.7,375591.9,1,1.0,1984.0,1.0,10.038,0.95
1567c531-afed-46f2-b983-e590cc275914,061bdddf-21ab-42ac-8e5d-9caa2fe67811,EVT-REAL-2025-01146,18.98495,82.2989,Chhattisgarh,Korba,,,2025-02-10,VALIDATION,Korba,EASTERN_COAL_BELT,Mining Activity,REAL,IBM_MINING_GROUND_TRUTH,UNVERIFIED,REAL,False,True,51.36,38.25,9.496315074806649,352.16,346.78,5.380000000000052,17731.153069264034,478833.0,1330822.9,4200.0,552194.1,367740.3,0,1.0,29.14,1.0,9.391,0.2
bed77f1c-8b9d-490f-8cde-8804930342ea,d476b70e-0624-4435-9427-2ee8744b16d7,EVT-REAL-2025-01147,21.84626,84.97227,Odisha,Angul,,,2025-02-10,VALIDATION,Angul,EASTERN_COAL_BELT,Uncertain,UNKNOWN,LOW_CONFIDENCE_HOTSPOT,UNVERIFIED,REAL,False,True,32.78,32.78,0.0,351.7,351.7,0.0,4449.571354031794,116575.9,1210322.1,4200.0,301943.5,241856.3,0,0.2667,2.57,1.0,7.131,0.65
fab3bcce-5954-4035-9bea-764f7bb3c6f9,ad353711-d508-455c-a48a-6a7bd771aed3,EVT-REAL-2025-01148,21.81757,84.03992,Chhattisgarh,Korba,1dac484a-47e0-4930-a0be-d2b663366b62,Jharsuguda Sterlite power station,2025-02-10,VALIDATION,1dac484a-47e0-4930-a0be-d2b663366b62,EASTERN_COAL_BELT,Gas Flare,WEAKLY_LABELED,FACILITY_THERMAL_BASE,UNVERIFIED,REAL,False,True,35.11,35.11,0.0,339.99,339.99,0.0,101.41563167003342,212993.0,1151877.5,4200.0,255082.6,150190.6,0,1.0,12.29,1.0,7.812,0.95
d305e92c-1f7d-43c2-9d85-1ce8a74cd080,e64694d5-7539-4b8b-9795-4e08382b237e,EVT-REAL-2025-01149,21.75139,84.93846,Odisha,Angul,,,2025-02-10,VALIDATION,Angul,EASTERN_COAL_BELT,Uncertain,UNKNOWN,LOW_CONFIDENCE_HOTSPOT,UNVERIFIED,REAL,False,True,31.49,31.49,0.0,367.0,367.0,0.0,5127.12350218538,120149.9,1216019.9,4200.0,308023.8,240951.5,0,0.7667,12.29,1.0,4.687,0.65
b0096e9b-53b3-4fc6-a712-8f11e2de63f2,912ed73a-17a8-44d1-bb1a-5aa0c27a5584,EVT-REAL-2025-01150,21.82845,84.4553,Odisha,Angul,,,2025-02-10,VALIDATION,Angul,EASTERN_COAL_BELT,Uncertain,UNKNOWN,LOW_CONFIDENCE_HOTSPOT,UNVERIFIED,REAL,False,True,32.78,32.78,0.0,351.48,351.48,0.0,29918.831358913958,170035.5,1177528.1,4200.0,273009.6,190531.3,0,0.5,10.57,1.0,5.635,0.2
6daa0636-7f92-44fa-9041-2134daa4be4c,774d10df-9255-4405-9a67-49a97c9be9db,EVT-REAL-2025-01151,21.91265,84.17039,Chhattisgarh,Korba,,,2025-02-10,VALIDATION,Korba,EASTERN_COAL_BELT,Other Thermal Source,REAL,BACKGROUND_THERMAL_SOURCE,UNVERIFIED,REAL,False,True,26.68,26.68,0.0,353.31,348.54,4.769999999999982,7837.455142740554,199372.2,1151852.6,4200.0,250915.0,159654.3,0,1.0,31.14,1.0,4.07,0.65
f57611bc-0673-4e5c-9426-9cb585b2b5ec,0281ded4-6345-4205-b49f-2218c88a21bd,EVT-REAL-2025-01152,21.95687,84.19743,Chhattisgarh,Korba,,,2025-02-10,VALIDATION,Korba,EASTERN_COAL_BELT,Other Thermal Source,REAL,BACKGROUND_THERMAL_SOURCE,UNVERIFIED,REAL,False,True,38.81,33.34,5.469917732470938,349.63,348.05,1.579999999999984,11511.00199436463,196517.8,1149751.9,4200.0,247760.9,161095.5,0,1.0,28.57,1.0,6.32,0.2
a408d27c-a341-419b-bbbe-1e60fb6ece4c,bd39a89a-237a-43ae-b214-ab03a3cce659,EVT-REAL-2025-01153,21.96047,84.18576,Chhattisgarh,Korba,,,2025-02-10,VALIDATION,Korba,EASTERN_COAL_BELT,Other Thermal Source,REAL,BACKGROUND_THERMAL_SOURCE,UNVERIFIED,REAL,False,True,36.99,32.09,4.894895300208167,356.08,353.39,2.6899999999999977,11832.921104591644,197718.1,1148689.2,4200.0,246863.1,159829.6,0,1.0,26.57,1.0,4.911,0.2
39eb1df2-ddc8-48db-93a7-bba263bcea55,3baff886-234c-487c-aa93-8c859233db52,EVT-REAL-2025-01154,18.89946,82.23698,Chhattisgarh,Korba,,,2025-02-10,VALIDATION,Korba,EASTERN_COAL_BELT,Uncertain,UNKNOWN,LOW_CONFIDENCE_HOTSPOT,UNVERIFIED,REAL,False,True,20.74,20.74,0.0,367.0,367.0,0.0,20077.914614268087,489591.6,1336905.9,4200.0,562246.8,377634.8,0,1.0,18.86,1.0,4.526,0.2
484e6fc6-cc52-44cb-9f9f-b6081c2b23a4,18ae4588-5520-41d6-8ba7-d6854d8c22c0,EVT-REAL-2025-01155,11.5284,76.3109,Tamil Nadu,Chennai,,,2025-02-10,VALIDATION,Chennai,GENERAL_INDIAN_TERRITORY,Uncertain,UNKNOWN,LOW_CONFIDENCE_HOTSPOT,UNVERIFIED,REAL,False,True,42.2,42.2,0.0,318.2,318.2,0.0,12004.047921326894,1407755.7,2034492.2,4200.0,1536673.3,1362714.6,0,0.2,1.71,1.0,6.704,0.2
44c524f0-308f-4bd8-b37d-80f97e348c8f,408c0c17-08f3-4d1c-8340-376fd5388ee3,EVT-REAL-2025-01156,11.5246,76.2889,Tamil Nadu,Chennai,,,2025-02-10,VALIDATION,Chennai,GENERAL_INDIAN_TERRITORY,Uncertain,UNKNOWN,LOW_CONFIDENCE_HOTSPOT,UNVERIFIED,REAL,False,True,21.5,21.5,0.0,311.1,311.1,0.0,11638.703433574234,1408941.6,2034930.0,4200.0,1538092.8,1364219.6,0,0.2333,2.0,1.0,4.357,0.2
8ab4235d-196d-4bc9-8704-9da9b7967840,23e8f506-0509-4376-ab3b-5b1bdeea3708,EVT-REAL-2025-01157,19.99395,81.94255,Chhattisgarh,Korba,,,2025-02-10,VALIDATION,Korba,EASTERN_COAL_BELT,Other Thermal Source,REAL,BACKGROUND_THERMAL_SOURCE,UNVERIFIED,REAL,False,True,30.0,25.6,4.4,339.3,336.45,2.8500000000000227,45305.46696189534,394766.7,1213562.8,4200.0,446911.3,262272.6,0,0.4667,9.14,1.0,2.287,0.2
f3e4f3b5-8125-4969-baa6-341009ddba2b,3469983e-8f98-4741-ad15-cd811496966b,EVT-REAL-2025-01158,19.62989,82.47303,Chhattisgarh,Korba,,,2025-02-11,VALIDATION,Korba,EASTERN_COAL_BELT,Uncertain,UNKNOWN,LOW_CONFIDENCE_HOTSPOT,UNVERIFIED,REAL,False,True,20.05,20.05,0.0,353.2,353.2,0.0,28452.83797614572,426022.4,1273553.9,4200.0,479549.2,295666.2,0,1.0,51.14,1.0,2.513,0.2
81e75f76-6420-4919-9ec0-d2bb05d93b8e,64d3f7c9-f319-4edd-94b3-cc35514f6356,EVT-REAL-2025-01159,19.94828,82.21239,Chhattisgarh,Korba,,,2025-02-11,VALIDATION,Korba,EASTERN_COAL_BELT,Uncertain,UNKNOWN,LOW_CONFIDENCE_HOTSPOT,UNVERIFIED,REAL,False,True,24.57,24.57,0.0,354.44,354.44,0.0,31004.709879303136,405673.8,1229991.4,4200.0,447245.8,262332.7,0,1.0,29.71,1.0,5.079,0.2
3dc5072e-26ef-422c-8bf8-2b8c6a48571b,37cd780e-df25-4c2a-a5b1-024a19511d55,EVT-REAL-2025-01160,12.05441,76.77758,Tamil Nadu,Chennai,f5c2423f-f02d-4af3-9f91-9f78e718dde7,Solar Photovoltaic / Solar Thermal Power Generation (Way #1002431057),2025-02-11,VALIDATION,f5c2423f-f02d-4af3-9f91-9f78e718dde7,GENERAL_INDIAN_TERRITORY,Industrial Fire,REAL,OSM_FACILITY_GROUND_TRUTH,UNVERIFIED,REAL,False,True,45.08,45.08,0.0,349.05,349.05,0.0,1614.7875646495036,1336386.8,1975926.2,4200.0,1462322.6,1287506.4,0,0.5333,5.71,1.0,7.696,0.95
2cebf23b-257a-4fbe-bdc8-fb7ddffcbb7a,761727d0-535c-4434-8c39-b98b30dc9fec,EVT-REAL-2025-01161,11.79941,76.80365,Tamil Nadu,Chennai,,,2025-02-11,VALIDATION,Chennai,GENERAL_INDIAN_TERRITORY,Uncertain,UNKNOWN,LOW_CONFIDENCE_HOTSPOT,UNVERIFIED,REAL,False,True,22.32,22.32,0.0,342.18,342.18,0.0,12984.56827462763,1362378.6,2004133.4,4200.0,1486764.1,1311302.8,0,0.4333,9.43,1.0,3.008,0.2
aa8be6fc-19c7-4ae2-9e64-51eaa52d1bec,19825bd0-7267-4cd5-b5cc-5706dc43353b,EVT-REAL-2025-01162,15.0603,76.8443,Andhra Pradesh,East Godavari,e6b5f8a8-12ec-47be-886a-43493496587a,Designated Industrial Park / Estate (Way #883407960),2025-02-11,VALIDATION,e6b5f8a8-12ec-47be-886a-43493496587a,GENERAL_INDIAN_TERRITORY,Gas Flare,WEAKLY_LABELED,FACILITY_THERMAL_BASE,UNVERIFIED,REAL,False,True,15.6,15.6,0.0,327.9,327.9,0.0,1270.4409890315517,1022389.0,1643372.8,4200.0,1165398.4,999996.9,0,1.0,43.43,1.0,7.173,0.95
910b9341-614e-4fa8-8204-bd0dee7f7637,77e6ae0d-71db-43aa-bf6c-62c6835a7972,EVT-REAL-2025-01163,12.6482,76.7451,Andhra Pradesh,East Godavari,,,2025-02-11,VALIDATION,East Godavari,GENERAL_INDIAN_TERRITORY,Uncertain,UNKNOWN,LOW_CONFIDENCE_HOTSPOT,UNVERIFIED,REAL,False,True,21.2,21.2,0.0,327.7,327.7,0.0,21150.860786773872,1275231.5,1910245.1,4200.0,1404598.5,1231326.3,0,0.6,6.57,1.0,3.412,0.2
9cd35257-fbc4-44be-8473-0237c4b397af,8494b1ab-1113-4b2d-9b1a-89401997e50c,EVT-REAL-2025-01164,12.44051,76.80819,Tamil Nadu,Chennai,,,2025-02-12,VALIDATION,Chennai,GENERAL_INDIAN_TERRITORY,Uncertain,UNKNOWN,LOW_CONFIDENCE_HOTSPOT,UNVERIFIED,REAL,False,True,47.79,47.79,0.0,354.57,354.57,0.0,6421.355223382142,1294779.7,1933213.0,4200.0,1422275.7,1248198.7,0,0.6333,14.86,1.0,6.963,0.65
5767f002-3892-42a7-a71b-1254dc78ea79,082f556a-a47c-43c7-b96f-4b094da40224,EVT-REAL-2025-01165,12.44034,76.81049,Tamil Nadu,Chennai,,,2025-02-12,VALIDATION,Chennai,GENERAL_INDIAN_TERRITORY,Uncertain,UNKNOWN,LOW_CONFIDENCE_HOTSPOT,UNVERIFIED,REAL,False,True,45.6,45.6,0.0,355.46,355.46,0.0,6601.3947327854285,1294718.3,1933231.9,4200.0,1422184.8,1248096.8,0,0.6,14.86,1.0,6.654,0.65
5f9780f3-91a9-4085-8f8b-1e7eeea5a46b,7333b79b-97af-4c46-9d42-3e156f95567e,EVT-REAL-2025-01166,15.16305,76.56549,Karnataka,Ballari,,,2025-02-12,VALIDATION,Ballari,GENERAL_INDIAN_TERRITORY,Other Thermal Source,REAL,BACKGROUND_THERMAL_SOURCE,UNVERIFIED,REAL,False,True,34.88,34.88,0.0,348.54,347.98,0.5600000000000023,6764.336965574079,1024313.8,1632158.2,4200.0,1171750.8,1008809.7,0,0.8667,24.29,1.0,5.213,0.65
98012182-0295-4cb9-9bd5-8ec33ff6865b,9206f856-9b31-4031-b37a-41c4e46f1924,EVT-REAL-2025-01167,15.49418,76.97283,Andhra Pradesh,East Godavari,,,2025-02-12,VALIDATION,East Godavari,GENERAL_INDIAN_TERRITORY,Other Thermal Source,REAL,BACKGROUND_THERMAL_SOURCE,UNVERIFIED,REAL,False,True,30.52,27.12,3.395585369269929,349.73,342.6,7.1299999999999955,6650.04964191484,972864.0,1595455.1,4200.0,1117327.5,953165.5,0,0.9,13.14,1.0,5.104,0.65
c56c2a28-7ba6-491e-a2b0-56981aba5e29,08ac5233-325b-4add-9333-5b33024c33c1,EVT-REAL-2025-01168,15.1408,76.58414,Karnataka,Ballari,,,2025-02-12,VALIDATION,Ballari,GENERAL_INDIAN_TERRITORY,Uncertain,UNKNOWN,LOW_CONFIDENCE_HOTSPOT,UNVERIFIED,REAL,False,True,17.66,17.66,0.0,352.37,352.37,0.0,4570.667738168826,1025698.5,1634600.8,4200.0,1172731.4,1009543.7,0,0.9333,23.71,1.0,1.718,0.65
cd76cb61-6e81-406f-af9a-7900d3708cca,9752f331-4413-45d4-8b75-47ec0973acc3,EVT-REAL-2025-01169,12.8604,76.76566,Andhra Pradesh,East Godavari,,,2025-02-12,VALIDATION,East Godavari,GENERAL_INDIAN_TERRITORY,Other Thermal Source,REAL,BACKGROUND_THERMAL_SOURCE,UNVERIFIED,REAL,False,True,22.9,22.9,0.0,344.6,341.75,2.8500000000000227,10886.054679065424,1252327.2,1886764.7,4200.0,1382575.0,1209755.9,0,0.6,9.71,1.0,3.651,0.2
a1f4916c-9083-456c-9c6c-37982bd7348d,eaac0400-76f2-4986-a3fa-31b6696939b1,EVT-REAL-2025-01170,12.72122,76.03765,Karnataka,Ballari,,,2025-02-12,VALIDATION,Ballari,GENERAL_INDIAN_TERRITORY,Uncertain,UNKNOWN,LOW_CONFIDENCE_HOTSPOT,UNVERIFIED,REAL,False,True,20.2,20.2,0.0,350.96,350.96,0.0,16210.250052604444,1294760.3,1902723.2,4200.0,1432990.7,1263452.8,0,0.9,10.0,1.0,5.217,0.2
a9815507-4d37-4b5e-98ea-e0019660113c,b3162265-6c88-4e84-9a13-4257b3cedb3a,EVT-REAL-2025-01171,18.97285,82.80628,Chhattisgarh,Korba,,,2025-02-12,VALIDATION,Korba,EASTERN_COAL_BELT,Uncertain,UNKNOWN,LOW_CONFIDENCE_HOTSPOT,UNVERIFIED,REAL,False,True,27.66,27.66,0.0,342.54,342.54,0.0,24865.953712905753,436685.5,1354279.1,4200.0,551088.3,368592.3,0,1.0,14.29,1.0,2.548,0.2
9c8e423d-18f3-478a-a7a7-21ffbca68346,c739bc7d-8073-48f3-bc8a-a50557ffb0f5,EVT-REAL-2025-01172,19.91114,82.20531,Chhattisgarh,Korba,,,2025-02-13,VALIDATION,Korba,EASTERN_COAL_BELT,Uncertain,UNKNOWN,LOW_CONFIDENCE_HOTSPOT,UNVERIFIED,REAL,False,True,30.98,30.98,0.0,352.92,352.92,0.0,26864.338955868563,409486.5,1233395.1,4200.0,451419.5,266503.8,0,1.0,36.86,1.0,6.552,0.2
7c0f7d64-8c40-4b94-9205-4d8590e9ed72,29580343-1fcd-44ce-9410-8f191ae94563,EVT-REAL-2025-01173,12.1106,76.9059,Tamil Nadu,Chennai,,,2025-02-13,VALIDATION,Chennai,GENERAL_INDIAN_TERRITORY,Uncertain,UNKNOWN,LOW_CONFIDENCE_HOTSPOT,UNVERIFIED,REAL,False,True,38.5,38.5,0.0,344.4,344.4,0.0,6854.540242952693,1326198.1,1969739.3,4200.0,1450822.0,1275572.6,0,0.3,6.0,1.0,4.42,0.65
1610cd19-0ea1-4182-9d7b-77c550e259c7,f63fde27-71af-43ff-9526-f4a0cb910828,EVT-REAL-2025-01174,11.8576,76.8884,Tamil Nadu,Chennai,,,2025-02-13,VALIDATION,Chennai,GENERAL_INDIAN_TERRITORY,Uncertain,UNKNOWN,LOW_CONFIDENCE_HOTSPOT,UNVERIFIED,REAL,False,True,39.7,39.7,0.0,345.6,345.6,0.0,8557.262319791731,1353471.5,1997717.2,4200.0,1477094.2,1301398.6,0,0.4667,11.43,1.0,7.866,0.2
476de012-2ab4-42c4-88dc-695a2878b3c1,cc222a1e-8d2f-4e88-b0a7-d235aa8aad70,EVT-REAL-2025-01175,22.383,81.0823,Madhya Pradesh,Singrauli,,,2025-02-13,VALIDATION,Singrauli,EASTERN_COAL_BELT,Forest Fire,REAL,FSI_FOREST_CANOPY,UNVERIFIED,REAL,False,True,38.7,38.7,0.0,324.3,324.3,0.0,47419.413963807405,123716.9,936208.4,4200.0,247080.2,148055.8,0,0.1333,7.14,1.0,8.516,0.2
cdf6f2c6-d879-4d68-b6fe-33d1274c6bb2,71721ffb-1741-4b7e-a94f-c7dc1bb486ff,EVT-REAL-2025-01176,23.72422,86.08041,Jharkhand,Dhanbad,,,2025-02-14,VALIDATION,Dhanbad,EASTERN_COAL_BELT,Uncertain,UNKNOWN,LOW_CONFIDENCE_HOTSPOT,UNVERIFIED,REAL,False,True,28.09,28.09,0.0,340.01,340.01,0.0,3484.2303766749974,185418.2,1147909.2,4200.0,304664.6,344920.8,0,1.0,127.43,1.0,10.548,0.65
d9219455-b88e-4a34-bf4c-2b9919e08308,ac091e50-95f1-4b44-b6f3-0626fc3880aa,EVT-REAL-2025-01177,19.96796,82.13579,Chhattisgarh,Korba,,,2025-02-14,VALIDATION,Korba,EASTERN_COAL_BELT,Uncertain,UNKNOWN,LOW_CONFIDENCE_HOTSPOT,UNVERIFIED,REAL,False,True,20.25,20.25,0.0,352.4,352.4,0.0,33954.25467381222,401679.7,1224612.2,4200.0,446233.9,261266.6,0,1.0,24.86,1.0,3.224,0.2
7ebd4834-5a0c-4e21-ab13-f20f381820fb,4903fef6-aca2-4160-b8a4-abc9403c052b,EVT-REAL-2025-01178,19.82383,82.29881,Chhattisgarh,Korba,,,2025-02-14,VALIDATION,Korba,EASTERN_COAL_BELT,Other Thermal Source,REAL,BACKGROUND_THERMAL_SOURCE,UNVERIFIED,REAL,False,True,23.07,22.5,0.565685424949238,367.0,351.78,15.220000000000027,19786.84641510931,421267.7,1246315.2,4200.0,459811.7,275118.3,0,1.0,45.71,1.0,6.042,0.2
2c6db4e7-8ba7-4038-8ffe-13b6f29ee9a1,11506d01-3293-46c1-9026-434d06df4e00,EVT-REAL-2025-01179,12.65651,76.45253,Tamil Nadu,Chennai,,,2025-02-14,VALIDATION,Chennai,GENERAL_INDIAN_TERRITORY,Uncertain,UNKNOWN,LOW_CONFIDENCE_HOTSPOT,UNVERIFIED,REAL,False,True,23.03,23.03,0.0,348.59,348.59,0.0,11049.69876352553,1285082.4,1909577.8,4200.0,1418081.8,1246252.7,0,1.0,28.0,1.0,3.084,0.2
21e8778f-4f60-413f-91fa-d042805806c3,ecc8274f-c5df-411d-aa1e-46cc36364250,EVT-REAL-2025-01180,12.65586,76.44769,Tamil Nadu,Chennai,,,2025-02-14,VALIDATION,Chennai,GENERAL_INDIAN_TERRITORY,Uncertain,UNKNOWN,LOW_CONFIDENCE_HOTSPOT,UNVERIFIED,REAL,False,True,23.03,23.03,0.0,346.42,346.42,0.0,10765.44692682908,1285332.6,1909654.2,4200.0,1418386.8,1246579.8,0,1.0,29.14,1.0,2.926,0.2
21a5130a-76ed-410d-9b3f-83d1d8722e07,f0baf7b8-b192-466d-9456-48db906b75be,EVT-REAL-2025-01181,18.58981,80.59022,Chhattisgarh,Korba,,,2025-02-14,VALIDATION,Korba,EASTERN_COAL_BELT,Uncertain,UNKNOWN,LOW_CONFIDENCE_HOTSPOT,UNVERIFIED,REAL,False,True,32.7,32.7,0.0,367.0,367.0,0.0,17535.133967976733,544083.7,1310268.6,4200.0,636211.2,457439.3,0,0.9667,73.14,1.0,6.194,0.2
9583ceb5-af42-4619-b9c7-57f0629a36f2,1f708715-c3ae-4536-87b7-876027bbfefa,EVT-REAL-2025-01182,18.5906,80.58994,Chhattisgarh,Korba,,,2025-02-14,VALIDATION,Korba,EASTERN_COAL_BELT,Uncertain,UNKNOWN,LOW_CONFIDENCE_HOTSPOT,UNVERIFIED,REAL,False,True,31.35,31.35,0.0,367.0,367.0,0.0,17570.370765856962,543997.5,1310176.4,4200.0,636139.9,457373.4,0,0.9667,72.86,1.0,6.304,0.2
c65a46f5-900a-4a60-b8b8-1eb84f67c966,57b3e5d9-6c97-4f52-809f-12e557e95024,EVT-REAL-2025-01183,22.19231,80.75743,Madhya Pradesh,Singrauli,,,2025-02-14,VALIDATION,Singrauli,EASTERN_COAL_BELT,Other Thermal Source,REAL,BACKGROUND_THERMAL_SOURCE,UNVERIFIED,REAL,False,True,50.39,34.61,11.157956802210698,367.0,360.02,6.980000000000018,9724.059118269586,144882.0,941085.6,4200.0,285816.5,182080.8,0,0.1,2.57,1.0,4.843,0.2
ef682b3d-6858-4b89-9825-3eff750f7873,988159e1-9276-487e-8b53-2ee73234b395,EVT-REAL-2025-01184,12.64805,76.434,Tamil Nadu,Chennai,,,2025-02-14,VALIDATION,Chennai,GENERAL_INDIAN_TERRITORY,Other Thermal Source,REAL,BACKGROUND_THERMAL_SOURCE,UNVERIFIED,REAL,False,True,132.1,100.15,31.949960876345372,335.0,333.15,1.8500000000000227,10639.822802224566,1286660.5,1910530.8,4200.0,1419837.0,1248076.1,0,0.9333,21.14,1.0,18.812,0.2
7a393b6d-547c-4b1b-994f-9b2cc9bf8c57,8f9d7b6f-e6e4-47a6-b0ef-167b1c4e40fb,EVT-REAL-2025-01185,18.63355,80.5197,Chhattisgarh,Korba,,,2025-02-15,VALIDATION,Korba,EASTERN_COAL_BELT,Other Thermal Source,REAL,BACKGROUND_THERMAL_SOURCE,UNVERIFIED,REAL,False,True,42.9,34.05,8.849858755935035,342.8,327.8,15.0,17334.10352393158,539591.7,1303541.5,4200.0,634375.7,456400.3,0,1.0,64.57,1.0,8.182,0.2
4aa53d7b-39e2-4e63-be60-59f5d4b31eb0,4c29f7ed-c855-4d6c-8a00-e21db6aebed6,EVT-REAL-2025-01186,18.5665,80.5792,Chhattisgarh,Korba,,,2025-02-15,VALIDATION,Korba,EASTERN_COAL_BELT,Uncertain,UNKNOWN,LOW_CONFIDENCE_HOTSPOT,UNVERIFIED,REAL,False,True,20.6,20.6,0.0,328.9,328.9,0.0,15011.0276364953,546708.7,1312418.8,4200.0,639036.0,460268.5,0,1.0,62.0,1.0,2.61,0.2
d7b22f1b-ed6f-414d-a972-05983e449d48,34622d87-c65e-4416-aa5b-4f0f3c2620b8,EVT-REAL-2025-01187,23.6489,86.04783,Jharkhand,Dhanbad,,,2025-02-15,VALIDATION,Dhanbad,EASTERN_COAL_BELT,Uncertain,UNKNOWN,LOW_CONFIDENCE_HOTSPOT,UNVERIFIED,REAL,False,True,15.41,15.41,0.0,367.0,367.0,0.0,4729.575168873635,177146.3,1150545.7,4200.0,302249.4,342898.0,0,0.7667,11.71,1.0,3.277,0.65
510f9b9e-b46b-4e5d-b9e7-3948e31e2501,532375d1-faa7-4ee4-9bdf-d7dbe973cf55,EVT-REAL-2025-01188,18.64045,80.56944,Chhattisgarh,Korba,,,2025-02-15,VALIDATION,Korba,EASTERN_COAL_BELT,Uncertain,UNKNOWN,LOW_CONFIDENCE_HOTSPOT,UNVERIFIED,REAL,False,True,20.45,20.45,0.0,344.05,344.05,0.0,20367.14462329238,538574.6,1304273.0,4200.0,631758.1,453367.3,0,1.0,60.57,1.0,3.333,0.2
6c0c5a90-d8c8-4d97-9cf1-8a89bc19daac,abe5aaea-527a-4107-a16f-b5e3b7360875,EVT-REAL-2025-01189,18.57669,80.57767,Chhattisgarh,Korba,,,2025-02-15,VALIDATION,Korba,EASTERN_COAL_BELT,Other Thermal Source,REAL,BACKGROUND_THERMAL_SOURCE,UNVERIFIED,REAL,False,True,26.14,24.4,1.740689518552921,344.59,344.48,0.1099999999999568,15582.511044618495,545588.4,1311290.8,4200.0,638038.7,459323.5,0,0.9,68.57,1.0,3.225,0.2
ffd07c2c-bdd5-4547-bb5d-69ccd54b6cb4,7bb5864f-85d8-4576-a558-065cb2952bf9,EVT-REAL-2025-01190,12.6473,76.427,Tamil Nadu,Chennai,,,2025-02-15,VALIDATION,Chennai,GENERAL_INDIAN_TERRITORY,Uncertain,UNKNOWN,LOW_CONFIDENCE_HOTSPOT,UNVERIFIED,REAL,False,True,65.3,65.3,0.0,330.4,330.4,0.0,10357.308162349806,1287003.5,1910620.2,4200.0,1420260.1,1248531.7,0,0.7,16.86,1.0,6.847,0.2
c965c3fb-1012-4dc8-b6ea-26dfc2efa9eb,fc9d113f-b28d-42e0-93c8-31b4bcc99a94,EVT-REAL-2025-01191,18.6359,80.5779,Chhattisgarh,Korba,,,2025-02-15,VALIDATION,Korba,EASTERN_COAL_BELT,Uncertain,UNKNOWN,LOW_CONFIDENCE_HOTSPOT,UNVERIFIED,REAL,False,True,20.3,20.3,0.0,333.1,333.1,0.0,20453.593980376223,539039.4,1305007.3,4200.0,631907.5,453423.8,0,1.0,54.29,1.0,3.226,0.2
73e2899b-83fe-4b6c-ba70-fd40f2e283ea,14e49a75-ec90-4583-8a44-d6160005a792,EVT-REAL-2025-01192,18.6243,80.5021,Chhattisgarh,Korba,,,2025-02-15,VALIDATION,Korba,EASTERN_COAL_BELT,Uncertain,UNKNOWN,LOW_CONFIDENCE_HOTSPOT,UNVERIFIED,REAL,False,True,22.4,22.4,0.0,335.2,335.2,0.0,15802.910450710124,540715.7,1304011.6,4200.0,636010.2,458154.5,0,1.0,78.29,1.0,3.031,0.2
8db7affe-e301-4b8e-bb73-975cc660a47c,e4011dcb-0e8a-4074-9448-6e7c0f6d8089,EVT-REAL-2025-01193,19.84571,82.16485,Chhattisgarh,Korba,,,2025-02-16,VALIDATION,Korba,EASTERN_COAL_BELT,Other Thermal Source,REAL,BACKGROUND_THERMAL_SOURCE,UNVERIFIED,REAL,False,True,31.55,31.55,0.0,367.0,361.07,5.930000000000007,20025.724360820743,415550.8,1238166.8,4200.0,459176.9,274228.7,0,1.0,24.57,1.0,3.728,0.2
5339974d-e511-46d2-8028-76bc60267d6f,2b9f8388-01a3-46b5-a445-8df2a8f7b4bf,EVT-REAL-2025-01194,19.85214,82.16271,Chhattisgarh,Korba,,,2025-02-16,VALIDATION,Korba,EASTERN_COAL_BELT,Other Thermal Source,REAL,BACKGROUND_THERMAL_SOURCE,UNVERIFIED,REAL,False,True,31.55,28.61,4.153311931459037,367.0,353.53,13.470000000000027,20771.735362250984,414806.8,1237426.7,4200.0,458503.9,273553.4,0,1.0,26.29,1.0,3.821,0.2
356c1316-4cc7-4d9d-93cb-bbe9896f98b7,e79eec15-4aa1-433c-a69d-f5ea9d8149b9,EVT-REAL-2025-01195,19.84692,82.17047,Chhattisgarh,Korba,,,2025-02-16,VALIDATION,Korba,EASTERN_COAL_BELT,Uncertain,UNKNOWN,LOW_CONFIDENCE_HOTSPOT,UNVERIFIED,REAL,False,True,35.75,35.75,0.0,332.45,332.45,0.0,20044.221607305968,415553.2,1238292.9,4200.0,458961.7,274017.9,0,1.0,24.86,1.0,3.74,0.2
93a3c8ba-94ab-44e9-89e0-c2826ff087bf,03f1bd15-857a-4b6e-9d23-143d965cfe90,EVT-REAL-2025-01196,19.12688,82.64548,Chhattisgarh,Korba,,,2025-02-16,VALIDATION,Korba,EASTERN_COAL_BELT,Uncertain,UNKNOWN,LOW_CONFIDENCE_HOTSPOT,UNVERIFIED,REAL,False,True,23.78,23.78,0.0,367.0,367.0,0.0,17733.8012290825,439942.0,1331620.3,4200.0,534277.6,351308.8,0,0.9333,22.57,1.0,3.446,0.2
d1102614-892a-434c-b1d5-4eb32b599d6c,81bf2513-8b4b-468a-8c66-825679e03d9e,EVT-REAL-2025-01197,19.15215,82.32678,Chhattisgarh,Korba,,,2025-02-16,VALIDATION,Korba,EASTERN_COAL_BELT,Mining Activity,REAL,IBM_MINING_GROUND_TRUTH,UNVERIFIED,REAL,False,True,25.01,25.01,0.0,367.0,367.0,0.0,17695.462648892004,466110.2,1315086.6,4200.0,533495.4,349090.5,0,0.3667,4.0,1.0,5.745,0.2
6008278b-4744-4053-9480-87a9f578b4ec,674acf91-dffa-4485-b87c-33202f3097d0,EVT-REAL-2025-01198,12.70077,76.66593,Tamil Nadu,Chennai,,,2025-02-16,VALIDATION,Chennai,GENERAL_INDIAN_TERRITORY,Uncertain,UNKNOWN,LOW_CONFIDENCE_HOTSPOT,UNVERIFIED,REAL,False,True,28.19,28.19,0.0,349.06,349.06,0.0,13581.869416941623,1272581.8,1904471.3,4200.0,1403213.3,1230458.3,0,0.6667,11.71,1.0,5.052,0.2
bd3f4d4b-27b1-43d2-bf3b-a52380459eac,7237bdbf-0b5f-4598-8ef9-ccc3e530e09d,EVT-REAL-2025-01199,15.1051,76.5431,Karnataka,Ballari,,,2025-02-16,VALIDATION,Ballari,GENERAL_INDIAN_TERRITORY,Uncertain,UNKNOWN,LOW_CONFIDENCE_HOTSPOT,UNVERIFIED,REAL,False,True,23.8,23.8,0.0,330.6,330.6,0.0,3772.1639836195804,1031141.8,1638592.8,4200.0,1178442.0,1015361.6,0,0.5667,9.14,1.0,4.417,0.65
8d7afd61-19a8-4c75-a0ed-fa5dec1c051e,e494df5a-a0c9-48db-a71e-1febccbd9b9c,EVT-REAL-2025-01200,19.85,82.2197,Chhattisgarh,Korba,,,2025-02-16,VALIDATION,Korba,EASTERN_COAL_BELT,Uncertain,UNKNOWN,LOW_CONFIDENCE_HOTSPOT,UNVERIFIED,REAL,False,True,69.2,69.2,0.0,320.2,320.2,0.0,20127.843012237357,416419.0,1240162.7,4200.0,457930.6,273048.2,0,1.0,52.29,1.0,11.114,0.2
02f8d2a8-a2e2-4f9f-8bc8-4adbb170a860,a625ecaa-2856-4e4f-921e-07dc190990d7,EVT-REAL-2025-01201,19.8537,82.2108,Chhattisgarh,Korba,,,2025-02-16,VALIDATION,Korba,EASTERN_COAL_BELT,Uncertain,UNKNOWN,LOW_CONFIDENCE_HOTSPOT,UNVERIFIED,REAL,False,True,51.8,51.8,0.0,317.9,317.9,0.0,20487.453225336994,415800.0,1239396.5,4200.0,457645.8,272748.6,0,1.0,49.71,1.0,8.437,0.2
ead579da-36f2-4240-9c75-99be81126b9c,03e9d47e-f184-4641-99d0-c2cc7e0f6abf,EVT-REAL-2025-01202,18.57255,80.5571,Chhattisgarh,Korba,,,2025-02-16,VALIDATION,Korba,EASTERN_COAL_BELT,Other Thermal Source,REAL,BACKGROUND_THERMAL_SOURCE,UNVERIFIED,REAL,False,True,35.3,33.15,2.149418526020468,327.9,326.65,1.25,13663.361127794775,546140.9,1311124.4,4200.0,639240.6,460685.8,0,1.0,46.0,0.0,5.517,0.2
4e4bef25-e63e-4536-bf82-bff92ac46e8d,75d5c57c-8d56-4d7c-a621-b8aa19e2393f,EVT-REAL-2025-01203,15.3825,76.6151,Karnataka,Ballari,,,2025-02-21,VALIDATION,Ballari,GENERAL_INDIAN_TERRITORY,Uncertain,UNKNOWN,LOW_CONFIDENCE_HOTSPOT,UNVERIFIED,REAL,False,True,20.6,20.6,0.0,322.0,322.0,0.0,3600.098700291645,1000076.3,1607825.0,4200.0,1148506.4,986370.8,0,1.0,18.57,1.0,3.617,0.65
9f90ca55-c075-40d7-87bf-cfad26b37165,8b57803b-15dc-4664-941f-f4813b9c2446,EVT-REAL-2025-01204,15.03782,76.64614,Karnataka,Ballari,,,2025-02-22,VALIDATION,Ballari,GENERAL_INDIAN_TERRITORY,Other Thermal Source,REAL,BACKGROUND_THERMAL_SOURCE,UNVERIFIED,REAL,False,True,46.63,42.64,2.8231188426986207,367.0,353.87,13.129999999999995,4427.327823270937,1033279.8,1645929.4,4200.0,1178757.7,1014619.4,0,0.6,17.71,1.0,7.054,0.65
d53a0630-cbfe-43b1-8293-012a64a4f175,96ecc234-2641-47af-9fe7-89b88694eabf,EVT-REAL-2025-01205,15.08765,76.85171,Andhra Pradesh,East Godavari,,,2025-02-22,VALIDATION,East Godavari,GENERAL_INDIAN_TERRITORY,Uncertain,UNKNOWN,LOW_CONFIDENCE_HOTSPOT,UNVERIFIED,REAL,False,True,18.2,18.2,0.0,344.92,344.92,0.0,2518.527387527209,1019295.1,1640348.8,4200.0,1162401.8,997078.9,0,1.0,179.71,1.0,13.803,0.65
e939bdd0-8f3d-4778-89a6-0345241fb20e,f51bb6c7-2247-4bf5-a45c-8af426673db2,EVT-REAL-2025-01206,15.09278,76.73441,Andhra Pradesh,East Godavari,,,2025-02-24,VALIDATION,East Godavari,GENERAL_INDIAN_TERRITORY,Uncertain,UNKNOWN,LOW_CONFIDENCE_HOTSPOT,UNVERIFIED,REAL,False,True,17.28,17.28,0.0,344.0,344.0,0.0,5389.629444610644,1023845.1,1639786.4,4200.0,1168560.0,1004076.8,0,0.2,5.43,1.0,3.785,0.65
b620b76c-6c18-49e1-b388-60ee6ae37408,e7211de0-f6c9-49d5-9548-33c0449938cc,EVT-REAL-2025-01207,15.08396,76.84245,Andhra Pradesh,East Godavari,,,2025-02-24,VALIDATION,East Godavari,GENERAL_INDIAN_TERRITORY,Uncertain,UNKNOWN,LOW_CONFIDENCE_HOTSPOT,UNVERIFIED,REAL,False,True,17.0,17.0,0.0,346.99,346.99,0.0,3042.5215531097138,1020065.3,1640754.3,4200.0,1163270.5,997994.1,0,1.0,11.43,1.0,4.059,0.65
1602d205-5a38-4f6c-ab13-c8433575ff3a,c1ed47be-e4d0-47c3-8803-f0988c394779,EVT-REAL-2025-01208,23.75449,86.42656,Jharkhand,Dhanbad,,,2025-02-24,VALIDATION,Dhanbad,EASTERN_COAL_BELT,Mining Activity,REAL,IBM_MINING_GROUND_TRUTH,UNVERIFIED,REAL,False,True,18.4,18.4,0.0,345.27,345.27,0.0,3460.7799242502497,188735.3,1173630.2,4200.0,339551.8,379485.4,0,1.0,1902.29,1.0,8.534,0.65
c23c791d-2aaa-457d-95e0-b5274c119691,cb89dfe8-692d-49f6-a9a5-1f115f02e9d6,EVT-REAL-2025-01209,15.13353,76.7528,Andhra Pradesh,East Godavari,,,2025-02-25,VALIDATION,East Godavari,GENERAL_INDIAN_TERRITORY,Uncertain,UNKNOWN,LOW_CONFIDENCE_HOTSPOT,UNVERIFIED,REAL,False,True,19.62,19.62,0.0,357.0,357.0,0.0,3703.739932858394,1018921.9,1635270.8,4200.0,1163689.3,999277.5,0,0.5,9.71,1.0,5.36,0.65
2ecbea81-fb07-46fb-9fd2-16349fac704f,c6c8e787-9db5-4914-8ebb-22099c7cc035,EVT-REAL-2025-01210,15.1813,76.7054,Andhra Pradesh,East Godavari,3d1d5a50-64ad-42ba-8dd7-ea0bb584fb7d,Jindal SAW,2025-02-25,VALIDATION,3d1d5a50-64ad-42ba-8dd7-ea0bb584fb7d,GENERAL_INDIAN_TERRITORY,Uncertain,UNKNOWN,LOW_CONFIDENCE_HOTSPOT,UNVERIFIED,REAL,False,True,21.7,21.7,0.0,323.3,323.3,0.0,2465.7706538935636,1016189.7,1630006.7,4200.0,1161935.5,998095.8,0,1.0,40.57,1.0,12.533,0.95
417bd7d3-e14d-4de1-8176-8ce36c0114c5,d653244d-cf4c-4861-a494-35fada7b771f,EVT-REAL-2025-01211,15.1314,76.7412,Andhra Pradesh,East Godavari,,,2025-02-25,VALIDATION,East Godavari,GENERAL_INDIAN_TERRITORY,Uncertain,UNKNOWN,LOW_CONFIDENCE_HOTSPOT,UNVERIFIED,REAL,False,True,39.0,39.0,0.0,330.4,330.4,0.0,3322.5031328512773,1019645.2,1635510.4,4200.0,1164551.3,1000210.3,0,0.4667,11.71,1.0,9.122,0.65
f74f2f48-0b26-4365-b0ad-df841b5af4c1,83ec0c4c-a7e2-4e5c-a9df-d360268782b9,EVT-REAL-2025-01212,15.1933,76.7032,Andhra Pradesh,East Godavari,f6785736-aa23-42fd-b0c1-3cbfb6cf3b08,KPCL Bellary Thermal Power Plant,2025-02-25,VALIDATION,f6785736-aa23-42fd-b0c1-3cbfb6cf3b08,GENERAL_INDIAN_TERRITORY,Uncertain,UNKNOWN,LOW_CONFIDENCE_HOTSPOT,UNVERIFIED,REAL,False,True,88.5,88.5,0.0,341.2,341.2,0.0,2147.3314176321023,1015078.3,1628680.3,4200.0,1160941.5,997178.0,0,1.0,21.43,1.0,35.438,0.95
e8586418-4995-4de0-9fbf-0d54fbbf9d4b,6d3b3851-d368-4def-abbb-a53204b4da23,EVT-REAL-2025-01213,15.13432,76.64437,Karnataka,Ballari,7ccad243-4062-4adc-81d4-07b56359263a,Designated Industrial Park / Estate (Way #762568580),2025-03-01,VALIDATION,7ccad243-4062-4adc-81d4-07b56359263a,GENERAL_INDIAN_TERRITORY,Industrial Fire,REAL,OSM_FACILITY_GROUND_TRUTH,UNVERIFIED,REAL,False,True,34.67,22.52,7.1449282711585,367.0,357.52,9.480000000000018,1070.482408433983,1023639.3,1635254.0,4200.0,1169842.1,1006196.3,0,0.1333,2.0,1.0,5.37,0.95
f869f7fb-528b-4294-bbbf-756634b808b9,5533d066-3d98-420b-8a7b-0fb60b895a70,EVT-REAL-2025-01214,15.46558,76.97499,Andhra Pradesh,East Godavari,,,2025-03-02,VALIDATION,East Godavari,GENERAL_INDIAN_TERRITORY,Uncertain,UNKNOWN,LOW_CONFIDENCE_HOTSPOT,UNVERIFIED,REAL,False,True,17.49,17.49,0.0,342.69,342.69,0.0,8477.607722908231,975667.9,1598622.1,4200.0,1119883.9,955557.9,0,0.9,16.57,1.0,2.307,0.2
b30e8209-aee6-4ac9-a644-f1565beb88f4,a6094c8c-a1c3-420b-ae67-941e6573e303,EVT-REAL-2025-01215,15.17447,76.5203,Karnataka,Ballari,,,2025-03-03,VALIDATION,Ballari,GENERAL_INDIAN_TERRITORY,Other Thermal Source,REAL,BACKGROUND_THERMAL_SOURCE,UNVERIFIED,REAL,False,True,21.34,19.87,1.47648230602334,367.0,356.69,10.310000000000002,10477.580306899945,1025238.1,1630940.0,4200.0,1173339.1,1010778.8,0,0.7667,45.14,1.0,3.448,0.2
2862885c-ac98-4b38-86c3-38f2b7307929,9cb80bb1-9bd5-4a15-8dfd-14fcb1cdda4f,EVT-REAL-2025-01216,15.16939,76.51611,Karnataka,Ballari,,,2025-03-03,VALIDATION,Ballari,GENERAL_INDIAN_TERRITORY,Uncertain,UNKNOWN,LOW_CONFIDENCE_HOTSPOT,UNVERIFIED,REAL,False,True,15.56,15.56,0.0,332.96,332.96,0.0,10306.771966475839,1025938.8,1631506.1,4200.0,1174055.9,1011499.0,0,0.7667,46.86,1.0,2.242,0.2
ce0f15a9-2c9d-410b-9306-ce1cb8352877,c3cc3bce-8b64-48e7-8347-052edabdd5ef,EVT-REAL-2025-01217,15.00705,76.52135,Karnataka,Ballari,,,2025-03-03,VALIDATION,Ballari,GENERAL_INDIAN_TERRITORY,Other Thermal Source,REAL,BACKGROUND_THERMAL_SOURCE,UNVERIFIED,REAL,False,True,18.25,18.01,0.2449489742783178,351.71,348.03,3.680000000000007,6532.438243428225,1041964.5,1649463.1,4200.0,1188831.3,1025407.9,0,0.7,12.29,1.0,2.694,0.65
80a7265e-3481-4e9b-b5ee-8bb3f58d723c,f71969a4-5393-4b13-b06e-4a34587a65bd,EVT-REAL-2025-01218,15.07132,76.60625,Karnataka,Ballari,ecbd1f2d-83f5-459c-af53-45073caa22c6,Designated Industrial Park / Estate (Way #762474342),2025-03-06,VALIDATION,ecbd1f2d-83f5-459c-af53-45073caa22c6,GENERAL_INDIAN_TERRITORY,Other Thermal Source,REAL,BACKGROUND_THERMAL_SOURCE,UNVERIFIED,REAL,False,True,26.56,22.89,2.5099800796022267,367.0,367.0,0.0,2327.8977494259852,1031683.4,1642265.1,4200.0,1177923.0,1014228.6,0,0.7,18.29,1.0,3.864,0.95
374aedf6-b0b9-4315-86cd-ce89433d3c78,3d449768-6642-469b-9a1d-f5db4f845efa,EVT-REAL-2025-01219,15.06523,76.60728,Karnataka,Ballari,ecbd1f2d-83f5-459c-af53-45073caa22c6,Designated Industrial Park / Estate (Way #762474342),2025-03-06,VALIDATION,ecbd1f2d-83f5-459c-af53-45073caa22c6,GENERAL_INDIAN_TERRITORY,Other Thermal Source,REAL,BACKGROUND_THERMAL_SOURCE,UNVERIFIED,REAL,False,True,47.98,32.71,10.638608931622592,367.0,367.0,0.0,1649.4752683638274,1032249.9,1642937.8,4200.0,1178432.0,1014700.0,0,0.7,20.29,1.0,7.773,0.95
973917e0-dac6-4ef7-bb56-5c3fd9f7902f,03fc292d-2a5b-46c4-bb23-f3bbfe805a34,EVT-REAL-2025-01220,15.06595,76.61271,Karnataka,Ballari,ecbd1f2d-83f5-459c-af53-45073caa22c6,Designated Industrial Park / Estate (Way #762474342),2025-03-06,VALIDATION,ecbd1f2d-83f5-459c-af53-45073caa22c6,GENERAL_INDIAN_TERRITORY,Uncertain,UNKNOWN,LOW_CONFIDENCE_HOTSPOT,UNVERIFIED,REAL,False,True,18.06,18.06,0.0,334.79,334.79,0.0,1833.9787128288754,1031934.6,1642852.4,4200.0,1178051.4,1014285.0,0,0.7333,19.71,1.0,3.013,0.95
52accf1d-ee1a-436f-a9d5-bf9e1b7fe85d,a58ee4e9-49f4-4f36-bce3-b6156452bb7c,EVT-REAL-2025-01221,15.0932,76.5156,Karnataka,Ballari,,,2025-03-07,VALIDATION,Ballari,GENERAL_INDIAN_TERRITORY,Uncertain,UNKNOWN,LOW_CONFIDENCE_HOTSPOT,UNVERIFIED,REAL,False,True,17.8,17.8,0.0,326.9,326.9,0.0,6665.828987438865,1033587.8,1639936.7,4200.0,1181153.0,1018205.5,0,1.0,24.57,1.0,2.758,0.65
76a0274d-8912-405e-aec5-df3c358a727d,0ff9edb3-94ac-4a2d-a41d-5de232d3419b,EVT-REAL-2025-01222,15.15659,76.75597,Andhra Pradesh,East Godavari,,,2025-03-07,VALIDATION,East Godavari,GENERAL_INDIAN_TERRITORY,Other Thermal Source,REAL,BACKGROUND_THERMAL_SOURCE,UNVERIFIED,REAL,False,True,38.23,27.26,9.288702815786497,367.0,358.2,8.800000000000011,2807.612922770089,1016452.9,1632718.3,4200.0,1161346.6,997026.6,0,0.3667,6.0,1.0,10.59,0.65
90e2c3ed-2231-405b-a224-eb7acac66c7c,470cd2cf-d061-4f1b-bbef-f85cc79a7f54,EVT-REAL-2025-01223,15.14851,76.7561,Andhra Pradesh,East Godavari,,,2025-03-07,VALIDATION,East Godavari,GENERAL_INDIAN_TERRITORY,Other Thermal Source,REAL,BACKGROUND_THERMAL_SOURCE,UNVERIFIED,REAL,False,True,30.64,30.64,0.0,367.0,355.72,11.279999999999973,2854.972627168253,1017263.6,1633612.3,4200.0,1162096.5,997735.5,0,0.5,9.14,1.0,5.335,0.65
15852431-6cca-4e10-bae3-27e32e92214f,11b048a1-692c-4eb7-9129-03e26cd78073,EVT-REAL-2025-01224,15.00637,76.66357,Karnataka,Ballari,,,2025-03-07,VALIDATION,Ballari,GENERAL_INDIAN_TERRITORY,Other Thermal Source,REAL,BACKGROUND_THERMAL_SOURCE,UNVERIFIED,REAL,False,True,83.1,42.51,21.8,367.0,336.41,30.589999999999975,5923.775143258611,1035682.7,1649393.1,4200.0,1180706.1,1016293.7,0,0.7667,13.43,1.0,12.559,0.65
d58b43ec-c582-4c98-8a55-bb6655f96649,546244b2-8df4-4a25-b526-578263742a5f,EVT-REAL-2025-01225,15.15587,76.73998,Andhra Pradesh,East Godavari,,,2025-03-07,VALIDATION,East Godavari,GENERAL_INDIAN_TERRITORY,Mining Activity,REAL,IBM_MINING_GROUND_TRUTH,UNVERIFIED,REAL,False,True,31.82,22.35,5.494542747126461,367.0,354.43,12.569999999999993,2730.440994099869,1017227.5,1632803.3,4200.0,1162328.6,998117.5,0,0.5,9.43,1.0,7.268,0.65
0a2691ad-06b9-41b4-98f0-e80549a829fd,76f26030-08df-4a7b-8c37-f5d359c148c2,EVT-REAL-2025-01226,15.47282,76.92403,Andhra Pradesh,East Godavari,,,2025-03-07,VALIDATION,East Godavari,GENERAL_INDIAN_TERRITORY,Uncertain,UNKNOWN,LOW_CONFIDENCE_HOTSPOT,UNVERIFIED,REAL,False,True,19.35,19.35,0.0,352.61,352.61,0.0,4776.877604829926,977144.8,1597771.1,4200.0,1122121.3,958205.3,0,0.8667,12.57,1.0,2.804,0.65
54675697-f214-4203-9f26-f27cadd3b3e2,7f8b86f8-df78-428a-99c8-c75cea531f06,EVT-REAL-2025-01227,15.01386,76.66499,Karnataka,Ballari,,,2025-03-07,VALIDATION,Ballari,GENERAL_INDIAN_TERRITORY,Other Thermal Source,REAL,BACKGROUND_THERMAL_SOURCE,UNVERIFIED,REAL,False,True,24.98,22.06,2.9206163733020465,367.0,354.24,12.759999999999991,5298.2966089196,1034864.1,1648563.1,4200.0,1179922.8,1015536.9,0,0.6667,11.71,1.0,3.64,0.65
ed3ca8ba-ed0c-4f77-9fd5-bddf541408b9,53c1c678-b013-430d-b54b-757d1d9f8676,EVT-REAL-2025-01228,15.2395,76.5589,Karnataka,Ballari,,,2025-03-07,VALIDATION,Ballari,GENERAL_INDIAN_TERRITORY,Uncertain,UNKNOWN,LOW_CONFIDENCE_HOTSPOT,UNVERIFIED,REAL,False,True,26.1,26.1,0.0,326.6,326.6,0.0,6526.8606328039,1016960.1,1623706.1,4200.0,1165046.8,1002552.2,0,0.3,4.0,1.0,7.546,0.65
cafeb51a-3588-482b-a336-3d337660c772,e8203efd-e3db-4b2f-b29d-6f7f50e2dd87,EVT-REAL-2025-01229,23.64591,86.38696,Jharkhand,Dhanbad,,,2025-03-08,VALIDATION,Dhanbad,EASTERN_COAL_BELT,Uncertain,UNKNOWN,LOW_CONFIDENCE_HOTSPOT,UNVERIFIED,REAL,False,True,15.98,15.98,0.0,352.59,352.59,0.0,4415.849116324733,176708.8,1177813.5,4200.0,336654.9,377117.7,0,0.6667,8.86,1.0,3.665,0.65
e0442268-bd6e-4d86-9074-a8ba8aac390d,6f061bec-0ae8-42eb-ba41-2f24f512a099,EVT-REAL-2025-01230,15.3887,76.7442,Andhra Pradesh,East Godavari,,,2025-03-08,VALIDATION,East Godavari,GENERAL_INDIAN_TERRITORY,Uncertain,UNKNOWN,LOW_CONFIDENCE_HOTSPOT,UNVERIFIED,REAL,False,True,32.2,32.2,0.0,332.2,332.2,0.0,11698.421877613882,993584.5,1607038.9,4200.0,1140360.7,977315.4,0,1.0,12.57,1.0,6.491,0.2
04fab7ab-1119-422e-aa08-247979d1652c,aea8338a-99b6-4581-82fe-21ec3f28bd2c,EVT-REAL-2025-01231,15.1219,76.5002,Karnataka,Ballari,,,2025-03-08,VALIDATION,Ballari,GENERAL_INDIAN_TERRITORY,Uncertain,UNKNOWN,LOW_CONFIDENCE_HOTSPOT,UNVERIFIED,REAL,False,True,20.7,20.7,0.0,332.7,332.7,0.0,8708.022554505926,1031420.1,1636776.1,4200.0,1179391.5,1016700.4,0,1.0,24.0,1.0,2.693,0.2
7c7d7343-8f67-4cd9-81c0-8f405d702614,c31c2bf5-4c10-499e-a9c0-bfa8878530c5,EVT-REAL-2025-01232,15.1234,76.5121,Karnataka,Ballari,,,2025-03-08,VALIDATION,Ballari,GENERAL_INDIAN_TERRITORY,Uncertain,UNKNOWN,LOW_CONFIDENCE_HOTSPOT,UNVERIFIED,REAL,False,True,30.1,30.1,0.0,337.2,337.2,0.0,7561.436221366938,1030724.1,1636598.6,4200.0,1178554.7,1015787.2,0,1.0,24.0,1.0,3.875,0.65
1c09d133-a9bb-468c-a5a1-c78b2b2ad6b2,04d7b5da-b402-4f72-a735-bb6343b3598a,EVT-REAL-2025-01233,24.31611,83.45979,Jharkhand,Dhanbad,,,2025-03-09,VALIDATION,Dhanbad,EASTERN_COAL_BELT,Uncertain,UNKNOWN,LOW_CONFIDENCE_HOTSPOT,UNVERIFIED,REAL,False,True,42.01,42.01,0.0,367.0,367.0,0.0,17839.252107886965,229337.5,904550.3,4200.0,38733.3,75868.7,0,0.4333,9.71,1.0,5.408,0.2
1ef0da80-76d0-4566-89d2-0c832074ab6e,adc735fc-fce4-4632-b036-7305e96be37f,EVT-REAL-2025-01234,15.07706,76.70359,Andhra Pradesh,East Godavari,8700a6b8-f684-4c47-9ebd-1c2b64e0cddd,08MW JSW SOLAR PLANT,2025-03-09,VALIDATION,8700a6b8-f684-4c47-9ebd-1c2b64e0cddd,GENERAL_INDIAN_TERRITORY,Industrial Fire,REAL,OSM_FACILITY_GROUND_TRUTH,UNVERIFIED,REAL,False,True,22.02,21.08,1.3304134695650072,353.66,347.53,6.130000000000052,1802.0026913821805,1026784.9,1641541.8,4200.0,1171793.3,1007447.8,0,0.1,1.43,1.0,3.865,0.95
588c35dc-5eb7-4bb0-8579-57f89316f0fb,464b8433-4a70-4070-be77-e0bdd95dbfb4,EVT-REAL-2025-01235,15.28624,76.50565,Karnataka,Ballari,,,2025-03-10,VALIDATION,Ballari,GENERAL_INDIAN_TERRITORY,Other Thermal Source,REAL,BACKGROUND_THERMAL_SOURCE,UNVERIFIED,REAL,False,True,31.86,24.27,7.59012516365837,352.48,347.94,4.5400000000000205,3446.780885579911,1014754.8,1618587.3,4200.0,1163872.2,1002011.6,0,0.6333,9.14,1.0,4.966,0.65
c2e5d9db-1013-4734-ad79-ae18f219c671,e76b0625-96b5-4dc4-a836-4175a71b3875,EVT-REAL-2025-01236,23.94144,82.59342,Madhya Pradesh,Singrauli,,,2025-03-11,VALIDATION,Singrauli,EASTERN_COAL_BELT,Other Thermal Source,REAL,BACKGROUND_THERMAL_SOURCE,UNVERIFIED,REAL,False,True,55.23,43.92,7.994998436522674,347.31,343.38,3.930000000000007,2555.044851439149,136855.4,875458.7,4200.0,21050.0,19777.7,0,0.3667,9.14,1.0,4.615,0.65
9393b663-a1fd-4676-a8ad-05f343f5f0e7,9ccef222-a9f0-437b-8900-3045405cbb7d,EVT-REAL-2025-01237,23.95734,82.63035,Madhya Pradesh,Singrauli,0b4a2aac-2635-4f08-a640-59e1d5518066,Designated Industrial Park / Estate (Way #815133040),2025-03-12,VALIDATION,0b4a2aac-2635-4f08-a640-59e1d5518066,EASTERN_COAL_BELT,Industrial Fire,REAL,OSM_FACILITY_GROUND_TRUTH,UNVERIFIED,REAL,False,True,29.69,29.69,0.0,340.5,340.5,0.0,1435.8683135231356,140673.2,876520.4,4200.0,17267.9,18017.6,0,0.3,5.71,1.0,4.297,0.95
837d7f1b-40d8-4bcb-8b7f-5fdbd4ac6625,5c19921f-4756-4363-a7c8-cc25d4074cdc,EVT-REAL-2025-01238,23.78348,82.38763,Madhya Pradesh,Singrauli,,,2025-03-12,VALIDATION,Singrauli,EASTERN_COAL_BELT,Uncertain,UNKNOWN,LOW_CONFIDENCE_HOTSPOT,UNVERIFIED,REAL,False,True,17.25,17.25,0.0,350.91,350.91,0.0,24544.650696002158,115947.5,875886.7,4200.0,45873.2,42102.7,0,0.6333,32.86,1.0,5.523,0.2
cc8aeca9-1c9c-421f-9959-2eb448de20de,818ef503-913c-4706-8fdd-226d8ebfcbf1,EVT-REAL-2025-01239,23.78846,86.54331,Jharkhand,Dhanbad,,,2025-03-12,VALIDATION,Dhanbad,EASTERN_COAL_BELT,Uncertain,UNKNOWN,LOW_CONFIDENCE_HOTSPOT,UNVERIFIED,REAL,False,True,16.38,16.38,0.0,354.76,354.76,0.0,4205.1459069158645,192506.2,1180814.1,4200.0,351163.3,390881.9,0,0.4667,5.71,1.0,2.758,0.65
6d641c01-e8e8-46e3-ab80-09531122607d,79646ee3-346f-465f-ab85-45cd8354c4e9,EVT-REAL-2025-01240,23.9609,83.1497,Chhattisgarh,Korba,,,2025-03-12,VALIDATION,Korba,EASTERN_COAL_BELT,Uncertain,UNKNOWN,LOW_CONFIDENCE_HOTSPOT,UNVERIFIED,REAL,False,True,40.1,40.1,0.0,342.7,342.7,0.0,23023.80674347544,193517.7,911060.0,4200.0,5058.6,47127.5,0,0.8,15.43,1.0,3.977,0.2
f60653d3-65c8-474c-b339-1bc0d94720c7,d1a344cd-da23-4275-809e-d8dbe2fec93a,EVT-REAL-2025-01241,23.68214,86.09536,Jharkhand,Dhanbad,52f465c3-1def-446f-8696-511667e0eacf,Industrial Manufacturing (cooling) (Way #669690360),2025-03-12,VALIDATION,52f465c3-1def-446f-8696-511667e0eacf,EASTERN_COAL_BELT,Gas Flare,WEAKLY_LABELED,FACILITY_THERMAL_BASE,UNVERIFIED,REAL,False,True,22.46,22.46,0.0,344.63,344.63,0.0,203.85140758701837,180747.4,1152011.1,4200.0,306647.2,347105.9,0,1.0,3532.57,0.0,8.233,0.95
376875bd-ee89-4e9a-92ce-eaa2f78873fc,aa4e0710-8a54-48b1-8bbd-7b838873f715,EVT-REAL-2025-01242,24.12978,82.55651,Madhya Pradesh,Singrauli,,,2025-03-13,VALIDATION,Singrauli,EASTERN_COAL_BELT,Uncertain,UNKNOWN,LOW_CONFIDENCE_HOTSPOT,UNVERIFIED,REAL,False,True,26.58,26.58,0.0,349.94,349.94,0.0,5452.6242787854735,135338.2,857093.1,4200.0,24750.6,2387.7,1,1.0,322.0,1.0,13.966,0.65
001fbfbb-8582-4e43-a445-5caff5ee5e66,f595cda0-b03c-451f-afbb-42b8b9f838b7,EVT-REAL-2025-01243,24.13113,82.55463,Madhya Pradesh,Singrauli,,,2025-03-13,VALIDATION,Singrauli,EASTERN_COAL_BELT,Uncertain,UNKNOWN,LOW_CONFIDENCE_HOTSPOT,UNVERIFIED,REAL,False,True,30.75,30.75,0.0,367.0,367.0,0.0,5658.610429383781,135177.9,856855.3,4200.0,24941.5,2578.8,1,1.0,320.86,1.0,16.015,0.65
0a677cc4-056f-4145-be77-f2f3b1f50927,c9a8f483-8241-4cd4-abbf-12ec82f2dbad,EVT-REAL-2025-01244,23.59568,86.436,Jharkhand,Dhanbad,,,2025-03-14,VALIDATION,Dhanbad,EASTERN_COAL_BELT,Uncertain,UNKNOWN,LOW_CONFIDENCE_HOTSPOT,UNVERIFIED,REAL,False,True,17.87,17.87,0.0,356.86,356.86,0.0,2744.8390082237147,171146.9,1185185.1,4200.0,342285.4,382939.6,0,0.1333,1.43,1.0,5.882,0.65
3eced89a-09e8-41e4-9762-0ffa2745c215,f89fda6d-7d8c-44f1-a8e8-9e4350535bdc,EVT-REAL-2025-01245,23.57795,82.0795,Madhya Pradesh,Singrauli,,,2025-03-14,VALIDATION,Singrauli,EASTERN_COAL_BELT,Mining Activity,REAL,IBM_MINING_GROUND_TRUTH,UNVERIFIED,REAL,False,True,26.4,21.01,5.389805191284746,367.0,348.8,18.19999999999999,32886.064731648206,84675.6,875215.3,4200.0,84214.7,78764.1,0,0.5667,13.43,1.0,6.583,0.2
ff1e51ce-1351-4732-9ce7-52d1230cfe87,1f084a66-4c67-44b3-b436-66e34c2ecb28,EVT-REAL-2025-01246,23.72843,83.27792,Chhattisgarh,Korba,,,2025-03-14,VALIDATION,Korba,EASTERN_COAL_BELT,Other Thermal Source,REAL,BACKGROUND_THERMAL_SOURCE,UNVERIFIED,REAL,False,True,27.1,21.45,5.649778756730214,335.38,333.94,1.4399999999999977,7422.247366569375,206768.2,938918.5,4200.0,30508.6,71466.0,0,0.7333,40.29,1.0,4.872,0.65
5a3ee281-f6dc-4239-8c8f-64976572366d,1fa3198d-d24f-4c6b-bb9b-9f0ff175166c,EVT-REAL-2025-01247,23.66711,82.11877,Madhya Pradesh,Singrauli,,,2025-03-14,VALIDATION,Singrauli,EASTERN_COAL_BELT,Mining Activity,REAL,IBM_MINING_GROUND_TRUTH,UNVERIFIED,REAL,False,True,17.47,17.47,0.0,353.1,353.1,0.0,42863.128748144896,88624.2,869580.7,4200.0,76161.5,68718.3,0,0.9667,29.14,1.0,5.744,0.2
0e77aa23-2c96-486b-8e00-88dbad713d0d,4539d64a-5b5c-4041-aab8-3940041026db,EVT-REAL-2025-01248,23.59434,82.11909,Madhya Pradesh,Singrauli,,,2025-03-14,VALIDATION,Singrauli,EASTERN_COAL_BELT,Mining Activity,REAL,IBM_MINING_GROUND_TRUTH,UNVERIFIED,REAL,False,True,27.3,19.63,5.42125446737192,367.0,349.78,17.220000000000027,34794.45684627353,88705.9,876109.8,4200.0,79804.2,74792.1,0,0.6333,12.57,1.0,6.815,0.2
307eaa98-7e1f-462e-ad8a-7b3ee44c823d,8ce0a388-b158-4071-b475-b2ba9e145a89,EVT-REAL-2025-01249,23.50624,82.62398,Madhya Pradesh,Singrauli,,,2025-03-14,VALIDATION,Singrauli,EASTERN_COAL_BELT,Mining Activity,REAL,IBM_MINING_GROUND_TRUTH,UNVERIFIED,REAL,False,True,21.1,20.76,0.34641016151377546,349.24,339.02,10.220000000000027,17345.791398521746,140331.0,914929.2,4200.0,52322.8,67978.8,0,0.4333,11.43,1.0,7.018,0.2
5dd24da8-9209-48d1-b506-b025325f28a0,43f2b132-9f24-4099-9fdb-67599902a9af,EVT-REAL-2025-01250,23.5148,82.3145,Madhya Pradesh,Singrauli,,,2025-03-14,VALIDATION,Singrauli,EASTERN_COAL_BELT,Mining Activity,REAL,IBM_MINING_GROUND_TRUTH,UNVERIFIED,REAL,False,True,16.9,16.9,0.0,325.4,325.4,0.0,29034.908300102656,108716.0,895017.7,4200.0,69092.0,72282.7,0,0.4667,12.86,1.0,4.542,0.2
0b0dc4dd-793d-4593-a310-f6249c74d3b9,4dac31ae-a83c-4903-bb0f-db41fba6be64,EVT-REAL-2025-01251,23.6463,86.0409,Jharkhand,Dhanbad,,,2025-03-14,VALIDATION,Dhanbad,EASTERN_COAL_BELT,Uncertain,UNKNOWN,LOW_CONFIDENCE_HOTSPOT,UNVERIFIED,REAL,False,True,16.7,16.7,0.0,331.7,331.7,0.0,5457.266499102527,176881.4,1150177.6,4200.0,301582.4,342247.9,0,0.8333,14.0,1.0,3.222,0.65
3250745d-89c6-46a2-96cf-073a354dd6ca,b7683213-4fcc-4bb0-8001-b02350f52237,EVT-REAL-2025-01252,23.6007,82.1565,Madhya Pradesh,Singrauli,,,2025-03-14,VALIDATION,Singrauli,EASTERN_COAL_BELT,Mining Activity,REAL,IBM_MINING_GROUND_TRUTH,UNVERIFIED,REAL,False,True,16.4,16.4,0.0,323.9,323.9,0.0,35998.84865396873,92519.7,877789.1,4200.0,76149.4,71895.4,0,0.7333,19.43,1.0,4.546,0.2
bf02b155-327f-4d31-867b-f08dd245e79a,033932a5-e883-41bd-9c00-470f7ac2f4a7,EVT-REAL-2025-01253,23.636,82.005,Madhya Pradesh,Singrauli,,,2025-03-14,VALIDATION,Singrauli,EASTERN_COAL_BELT,Mining Activity,REAL,IBM_MINING_GROUND_TRUTH,UNVERIFIED,REAL,False,True,34.1,34.1,0.0,333.0,333.0,0.0,40304.19861487487,77036.8,865559.9,4200.0,88169.7,79392.2,0,0.6667,31.71,1.0,10.812,0.2
bc15ab73-3202-4f39-9642-8f257d528f96,d956cf95-986a-4726-b748-ef550466db6d,EVT-REAL-2025-01254,23.5994,82.0463,Madhya Pradesh,Singrauli,,,2025-03-15,VALIDATION,Singrauli,EASTERN_COAL_BELT,Mining Activity,REAL,IBM_MINING_GROUND_TRUTH,UNVERIFIED,REAL,False,True,15.7,15.7,0.0,315.5,315.5,0.0,35552.91190811432,81273.4,871309.3,4200.0,86079.0,79246.5,0,0.9333,26.86,1.0,3.411,0.2
abdcdc87-6b6b-4f49-9bd1-0170bb4ed6e9,b94844a2-69f3-4755-8651-9b92a8a93d8e,EVT-REAL-2025-01255,15.02031,76.96952,Andhra Pradesh,East Godavari,,,2025-03-15,VALIDATION,East Godavari,GENERAL_INDIAN_TERRITORY,Other Thermal Source,REAL,BACKGROUND_THERMAL_SOURCE,UNVERIFIED,REAL,False,True,23.43,20.18,3.249615361854384,354.02,351.06,2.9599999999999795,3790.092564697598,1021203.8,1647883.0,4200.0,1162218.1,995774.0,0,0.3667,3.14,1.0,7.165,0.65
6a47e837-4ef0-491e-b811-26e68f0b8d13,432bdc9f-c2da-4e82-818b-0fa2d5328a04,EVT-REAL-2025-01256,23.51383,82.81565,Chhattisgarh,Korba,,,2025-03-15,VALIDATION,Korba,EASTERN_COAL_BELT,Mining Activity,REAL,IBM_MINING_GROUND_TRUTH,UNVERIFIED,REAL,False,True,17.0,17.0,0.0,345.34,345.34,0.0,19768.079327330604,159897.2,926448.5,4200.0,48309.3,67840.5,0,0.3667,6.29,1.0,3.753,0.2
a2079376-e2f2-4523-b6cf-b5369edfafa2,3ff008d2-861c-4a57-92d7-29272c9aa13f,EVT-REAL-2025-01257,23.82128,86.16125,Jharkhand,Dhanbad,,,2025-03-15,VALIDATION,Dhanbad,EASTERN_COAL_BELT,Uncertain,UNKNOWN,LOW_CONFIDENCE_HOTSPOT,UNVERIFIED,REAL,False,True,15.76,15.76,0.0,342.93,342.93,0.0,2948.7312106113013,196146.9,1147720.1,4200.0,312081.9,351782.7,0,0.6,9.43,1.0,1.689,0.65
7811be0b-f5fe-46e9-97cc-101d60a9cd23,a0247aa7-4c13-48bd-9b96-5a7411f199bc,EVT-REAL-2025-01258,15.22203,76.77903,Andhra Pradesh,East Godavari,dc7426c4-1252-4367-9b8f-54e854cea1ae,ACC,2025-03-15,VALIDATION,dc7426c4-1252-4367-9b8f-54e854cea1ae,GENERAL_INDIAN_TERRITORY,Gas Flare,WEAKLY_LABELED,FACILITY_THERMAL_BASE,UNVERIFIED,REAL,False,True,20.32,20.32,0.0,350.42,350.42,0.0,602.4753524267298,1008831.1,1625472.5,4200.0,1153897.9,989741.5,0,1.0,121.43,1.0,11.063,0.95
005c068a-4cb7-4dff-9293-8da77a965bbe,b76579d0-ca9a-4ba9-99d2-fbd6df9352fc,EVT-REAL-2025-01259,23.5895,82.132,Madhya Pradesh,Singrauli,,,2025-03-15,VALIDATION,Singrauli,EASTERN_COAL_BELT,Mining Activity,REAL,IBM_MINING_GROUND_TRUTH,UNVERIFIED,REAL,False,True,40.2,40.2,0.0,330.8,330.8,0.0,34389.56633501463,90026.9,877318.0,4200.0,78933.3,74396.8,0,0.6,15.14,1.0,8.477,0.2
d344fe19-497f-4629-b411-551b218655c4,b91312cb-9052-4f4c-8f5b-bb4d4050d8b0,EVT-REAL-2025-01260,23.6013,82.1306,Madhya Pradesh,Singrauli,,,2025-03-15,VALIDATION,Singrauli,EASTERN_COAL_BELT,Mining Activity,REAL,IBM_MINING_GROUND_TRUTH,UNVERIFIED,REAL,False,True,31.4,31.4,0.0,328.5,328.5,0.0,35676.617053521906,89875.9,876177.1,4200.0,78401.9,73456.6,0,0.7,19.71,1.0,6.236,0.2
f3f394c7-fc53-434b-8fb6-c8d4dee85bfb,9f31ac41-7833-425c-9948-2d59be93bdca,EVT-REAL-2026-01261,14.63613,77.35288,Andhra Pradesh,East Godavari,,,2026-01-01,TEST,East Godavari,GENERAL_INDIAN_TERRITORY,Uncertain,UNKNOWN,LOW_CONFIDENCE_HOTSPOT,UNVERIFIED,REAL,False,True,5.23,5.23,0.0,331.86,331.86,0.0,13268.038249828218,1045938.8,1691251.5,4200.0,1178889.8,1008386.4,0,0.1333,1.56,1.0,1.137,0.2
f44445aa-5ca5-4b97-8546-4d9b26789f39,d6307bd3-fbbf-4488-ae69-79bfd12d223a,EVT-REAL-2026-01262,18.98825,81.96673,Chhattisgarh,Korba,,,2026-01-01,TEST,Korba,EASTERN_COAL_BELT,Uncertain,UNKNOWN,LOW_CONFIDENCE_HOTSPOT,UNVERIFIED,REAL,False,True,43.21,43.21,0.0,342.57,342.57,0.0,14813.296510590755,505049.3,1316799.1,4200.0,556123.7,371156.9,0,0.8667,10.44,1.0,6.418,0.2
b3f15cc9-5902-4834-b75d-303821ca55d1,be052be2-0f58-4826-9377-70c3a60cfb0a,EVT-REAL-2026-01263,16.13655,76.98531,Andhra Pradesh,East Godavari,,,2026-01-01,TEST,East Godavari,GENERAL_INDIAN_TERRITORY,Uncertain,UNKNOWN,LOW_CONFIDENCE_HOTSPOT,UNVERIFIED,REAL,False,True,8.41,6.13,2.2759613353482084,345.72,338.08,7.640000000000043,5640.089456003945,907685.0,1524391.9,4200.0,1057090.0,896510.9,0,1.0,36.22,1.0,1.483,0.65
b2414a18-7b80-4c3a-8cbb-a9435ce6ced0,be2364fc-4abd-4ab5-a1c9-56e84b1d9c99,EVT-REAL-2026-01264,16.44389,76.82289,Andhra Pradesh,East Godavari,,,2026-01-01,TEST,East Godavari,GENERAL_INDIAN_TERRITORY,Uncertain,UNKNOWN,LOW_CONFIDENCE_HOTSPOT,UNVERIFIED,REAL,False,True,3.54,3.54,0.0,331.9,331.9,0.0,8563.300568917617,884960.4,1490265.5,4200.0,1039215.8,882040.9,0,0.7333,5.78,1.0,0.723,0.2
09d8b32b-4d31-4ad9-afd5-2204f176b2aa,818a2226-9917-4543-a102-4a8ff6162a43,EVT-REAL-2026-01265,16.52212,77.15895,Andhra Pradesh,East Godavari,,,2026-01-01,TEST,East Godavari,GENERAL_INDIAN_TERRITORY,Uncertain,UNKNOWN,LOW_CONFIDENCE_HOTSPOT,UNVERIFIED,REAL,False,True,4.27,4.07,0.2,335.84,334.39,1.4499999999999886,7212.184072297172,861187.6,1482058.8,4200.0,1011405.2,851907.4,0,1.0,10.44,1.0,0.625,0.65
56b4c1d8-4115-4a3f-a53b-5223825a11fd,583d2632-65c3-401e-aa83-25036120ae52,EVT-REAL-2026-01266,16.87751,78.12114,Andhra Pradesh,East Godavari,8f4fb0d6-8ced-478f-b2d9-6bb18b3bbf5b,kucharkal industry,2026-01-01,TEST,8f4fb0d6-8ced-478f-b2d9-6bb18b3bbf5b,GENERAL_INDIAN_TERRITORY,Uncertain,UNKNOWN,LOW_CONFIDENCE_HOTSPOT,UNVERIFIED,REAL,False,True,4.15,3.82,0.33166247903553997,338.42,337.12,1.3000000000000114,2110.6621218945174,784728.6,1448544.0,4200.0,922560.1,757023.7,0,0.4333,3.56,1.0,0.602,0.95
980374f9-3dbc-4976-984b-3e33c15f8594,85b3b669-f662-4be5-bec2-6a9abc619f9f,EVT-REAL-2026-01267,16.46815,76.06457,Maharashtra,Nagpur,,,2026-01-01,TEST,Nagpur,GENERAL_INDIAN_TERRITORY,Uncertain,UNKNOWN,LOW_CONFIDENCE_HOTSPOT,UNVERIFIED,REAL,False,True,5.52,4.45,1.0770329614269007,344.16,338.93,5.230000000000018,12381.033714529554,922591.6,1488134.2,4200.0,1086514.1,935962.5,0,0.1333,0.89,1.0,0.684,0.2
b3d27ec1-2caf-4c82-9fe3-ff180e78b3e3,ea7a04da-6184-40e6-8915-4268a341d2ad,EVT-REAL-2026-01268,16.92293,77.76983,Andhra Pradesh,East Godavari,,,2026-01-01,TEST,East Godavari,GENERAL_INDIAN_TERRITORY,Uncertain,UNKNOWN,LOW_CONFIDENCE_HOTSPOT,UNVERIFIED,REAL,False,True,3.32,3.32,0.0,331.63,331.63,0.0,10044.952527764395,793916.0,1440641.8,4200.0,938232.2,776111.3,0,0.2333,1.78,1.0,1.153,0.2
aa88d088-e166-49d5-b8a1-46d74ce9819a,9d310867-6c21-4bd3-9d9b-a278a4815f76,EVT-REAL-2026-01269,16.75326,76.49398,Maharashtra,Nagpur,869f6e03-71ed-4841-a16a-d6c657706808,Designated Industrial Park / Estate (Way #1023829077),2026-01-01,TEST,869f6e03-71ed-4841-a16a-d6c657706808,GENERAL_INDIAN_TERRITORY,Gas Flare,WEAKLY_LABELED,FACILITY_THERMAL_BASE,UNVERIFIED,REAL,False,True,3.53,3.53,0.0,338.96,338.96,0.0,499.8158967022622,871929.9,1456265.9,4200.0,1033190.2,881229.9,0,1.0,36.0,1.0,0.648,0.95
47117ad9-3f01-479b-9528-02754a2f9dc6,240ad40f-6cef-4dc7-a94f-63111f582535,EVT-REAL-2026-01270,14.30834,76.40567,Karnataka,Ballari,70e5777c-afb7-447c-8b67-8e91e528bf82,Designated Industrial Park / Estate (Way #1282352358),2026-01-01,TEST,70e5777c-afb7-447c-8b67-8e91e528bf82,GENERAL_INDIAN_TERRITORY,Uncertain,UNKNOWN,LOW_CONFIDENCE_HOTSPOT,UNVERIFIED,REAL,False,True,4.52,4.52,0.0,344.89,344.89,0.0,1616.581515761075,1117541.7,1726876.9,4200.0,1261031.3,1095155.6,0,0.6333,9.33,1.0,0.876,0.95
71110cf8-fbfb-4c92-88aa-29ffa97ef0c4,4fa507cc-2a7e-4985-a4c9-714d9fb485e9,EVT-REAL-2026-01271,14.62404,77.91148,Andhra Pradesh,East Godavari,,,2026-01-01,TEST,East Godavari,GENERAL_INDIAN_TERRITORY,Uncertain,UNKNOWN,LOW_CONFIDENCE_HOTSPOT,UNVERIFIED,REAL,False,True,4.01,4.01,0.0,332.81,332.81,0.0,9819.978345791262,1028360.5,1695477.7,4200.0,1152813.3,978947.7,0,1.0,30.22,1.0,0.66,0.2
be3a01a3-8299-492b-bdc2-25640e54d97f,8e42fbcf-09c4-420f-b108-74bf08cff345,EVT-REAL-2026-01272,14.34317,76.03167,Karnataka,Ballari,,,2026-01-01,TEST,Ballari,GENERAL_INDIAN_TERRITORY,Uncertain,UNKNOWN,LOW_CONFIDENCE_HOTSPOT,UNVERIFIED,REAL,False,True,6.78,6.78,0.0,340.27,340.27,0.0,6249.796051781994,1130904.8,1723283.7,4200.0,1279139.6,1115811.7,0,0.2667,1.78,1.0,1.438,0.65
9ac81805-9fbd-44ee-b0ff-c14ee15a515c,7c15dd45-07a0-4f65-b14a-8c0b64355e61,EVT-REAL-2026-01273,14.68918,77.95526,Andhra Pradesh,East Godavari,,,2026-01-01,TEST,East Godavari,GENERAL_INDIAN_TERRITORY,Uncertain,UNKNOWN,LOW_CONFIDENCE_HOTSPOT,UNVERIFIED,REAL,False,True,4.69,4.69,0.0,332.55,332.55,0.0,8645.180911736672,1020102.8,1688594.4,4200.0,1144274.3,970356.5,0,1.0,11.56,1.0,0.877,0.2
8d38254d-12e9-4357-a716-4eaf55a04de0,9eafacd3-42a9-4f7c-ba5f-5244df1e5e43,EVT-REAL-2026-01274,14.93254,77.00447,Andhra Pradesh,East Godavari,,,2026-01-01,TEST,East Godavari,GENERAL_INDIAN_TERRITORY,Uncertain,UNKNOWN,LOW_CONFIDENCE_HOTSPOT,UNVERIFIED,REAL,False,True,10.43,10.43,0.0,351.75,343.29,8.45999999999998,8185.069164234559,1028747.9,1657635.5,4200.0,1168657.4,1001585.8,0,0.5,4.89,1.0,1.807,0.2
f42b1dd9-424e-45bc-86b4-72cefe0ce9e2,863c2e7f-ceb3-4ecf-8f8c-57cf6101b30a,EVT-REAL-2026-01275,15.03173,77.26022,Andhra Pradesh,East Godavari,,,2026-01-01,TEST,East Godavari,GENERAL_INDIAN_TERRITORY,Uncertain,UNKNOWN,LOW_CONFIDENCE_HOTSPOT,UNVERIFIED,REAL,False,True,3.32,3.32,0.0,333.31,333.31,0.0,10637.588665525667,1008394.7,1647203.1,4200.0,1145386.9,977036.6,0,0.7333,6.44,1.0,0.856,0.2
26dab77c-d8fe-40af-b154-50cde7785684,6796c76e-6d14-44e5-b8dc-108fdf4af0ca,EVT-REAL-2026-01276,14.99967,76.99797,Andhra Pradesh,East Godavari,c5881e37-f168-482f-857e-095458e4791b,Designated Industrial Park / Estate (Way #385354825),2026-01-01,TEST,c5881e37-f168-482f-857e-095458e4791b,GENERAL_INDIAN_TERRITORY,Gas Flare,WEAKLY_LABELED,FACILITY_THERMAL_BASE,UNVERIFIED,REAL,False,True,8.77,6.02,2.0615528128088303,340.19,330.85,9.339999999999975,813.9242698851942,1022142.0,1650199.9,4200.0,1162616.5,995886.3,0,1.0,100.89,1.0,4.79,0.95
5fe4552f-e615-4e7e-a897-1916e37e5ebe,d3443250-dc12-429a-bf84-b02f8d1b65cf,EVT-REAL-2026-01277,15.44501,76.72549,Andhra Pradesh,East Godavari,,,2026-01-01,TEST,East Godavari,GENERAL_INDIAN_TERRITORY,Uncertain,UNKNOWN,LOW_CONFIDENCE_HOTSPOT,UNVERIFIED,REAL,False,True,3.87,3.87,0.0,332.24,332.24,0.0,10395.514864705525,988774.6,1600816.1,4200.0,1136226.6,973620.0,0,1.0,16.0,1.0,0.896,0.2
fd6248ec-64dd-4a3b-bcbc-c3c917e2fd40,912466ab-50c4-44ab-be0c-6cff6bc96c65,EVT-REAL-2026-01278,15.57153,76.57289,Karnataka,Ballari,,,2026-01-01,TEST,Ballari,GENERAL_INDIAN_TERRITORY,Uncertain,UNKNOWN,LOW_CONFIDENCE_HOTSPOT,UNVERIFIED,REAL,False,True,3.58,3.58,0.0,342.34,342.34,0.0,10852.765458289583,983207.1,1586953.5,4200.0,1133630.5,972867.9,0,1.0,31.33,1.0,0.707,0.2
d18d49d5-9787-4d83-86c2-23e634ca5b6a,96a0d066-b58f-40b1-ace5-596e216ed794,EVT-REAL-2026-01279,15.96622,77.00715,Andhra Pradesh,East Godavari,,,2026-01-01,TEST,East Godavari,GENERAL_INDIAN_TERRITORY,Uncertain,UNKNOWN,LOW_CONFIDENCE_HOTSPOT,UNVERIFIED,REAL,False,True,3.17,3.17,0.0,333.4,333.4,0.0,5134.104561567838,923748.2,1543268.2,4200.0,1071445.8,909650.7,0,0.2,2.0,1.0,0.365,0.65
b36fc059-d117-4ea1-9d0e-2745e2a3e60d,a1200477-6cf1-4134-ad18-e9337fc972a4,EVT-REAL-2026-01280,15.92359,76.72121,Andhra Pradesh,East Godavari,,,2026-01-01,TEST,East Godavari,GENERAL_INDIAN_TERRITORY,Uncertain,UNKNOWN,LOW_CONFIDENCE_HOTSPOT,UNVERIFIED,REAL,False,True,3.67,3.67,0.0,335.27,335.27,0.0,16256.893559132996,941236.4,1547861.3,4200.0,1092501.1,932703.4,0,0.7,5.78,1.0,0.831,0.2
8e24bbdb-d265-4d88-8bef-4f00a9a3fd2e,7c7eeba9-c521-458a-8032-2a27aecb23b7,EVT-REAL-2026-01281,15.94276,76.75874,Andhra Pradesh,East Godavari,,,2026-01-01,TEST,East Godavari,GENERAL_INDIAN_TERRITORY,Uncertain,UNKNOWN,LOW_CONFIDENCE_HOTSPOT,UNVERIFIED,REAL,False,True,3.5,3.5,0.0,336.59,336.59,0.0,15063.58071421757,937555.4,1545724.8,4200.0,1088474.4,928499.0,0,1.0,15.56,1.0,0.715,0.2
ff1f86b8-c497-4f74-bd98-750ffc856c5e,be082986-4132-44a4-9978-c7695c94abb1,EVT-REAL-2026-01282,16.20465,78.31069,Andhra Pradesh,East Godavari,,,2026-01-01,TEST,East Godavari,GENERAL_INDIAN_TERRITORY,Uncertain,UNKNOWN,LOW_CONFIDENCE_HOTSPOT,UNVERIFIED,REAL,False,True,4.57,4.57,0.0,330.66,330.66,0.0,11589.986764995372,848592.8,1524561.7,4200.0,977367.0,806744.4,0,0.7,6.44,1.0,1.176,0.2
4c7a36a1-ea3e-4c2b-8e26-0d010d9b0308,91e362de-4b87-4bc1-bad7-5202ef52dbc3,EVT-REAL-2026-01283,16.17834,78.02515,Andhra Pradesh,East Godavari,,,2026-01-01,TEST,East Godavari,GENERAL_INDIAN_TERRITORY,Uncertain,UNKNOWN,LOW_CONFIDENCE_HOTSPOT,UNVERIFIED,REAL,False,True,4.3,4.3,0.0,333.49,333.49,0.0,20419.85298426749,860984.1,1524790.9,4200.0,994565.6,825977.8,0,0.7333,6.44,1.0,0.894,0.2
06ba80bb-1da5-40dd-918c-45461996a523,476cee33-f8fa-402f-968d-340402698e9b,EVT-REAL-2026-01284,16.07708,76.81467,Andhra Pradesh,East Godavari,,,2026-01-01,TEST,East Godavari,GENERAL_INDIAN_TERRITORY,Uncertain,UNKNOWN,LOW_CONFIDENCE_HOTSPOT,UNVERIFIED,REAL,False,True,4.37,4.37,0.0,336.73,336.73,0.0,12608.263077680658,921576.9,1530856.1,4200.0,1072841.4,913264.5,0,1.0,12.89,1.0,0.725,0.2
aea0a816-461b-420d-a7ec-72753db127a2,e21ca767-f198-459f-a123-203bcb3e5972,EVT-REAL-2026-01285,16.038,76.41594,Maharashtra,Nagpur,,,2026-01-01,TEST,Nagpur,GENERAL_INDIAN_TERRITORY,Uncertain,UNKNOWN,LOW_CONFIDENCE_HOTSPOT,UNVERIFIED,REAL,False,True,3.17,3.17,0.0,332.18,332.18,0.0,2812.6201642677365,945010.4,1535486.6,4200.0,1101143.7,944523.5,0,0.3,2.44,1.0,1.052,0.65
1b7b5cd8-9534-429f-8a29-1d6d7b2d23ed,62316a8b-d1d6-45fa-bf1d-74affa48bf0b,EVT-REAL-2026-01286,16.1801,77.05157,Andhra Pradesh,East Godavari,82a441c0-c492-422f-ae84-2bd779e079b0,Solar Photovoltaic / Solar Thermal Power Generation (Way #1003118959),2026-01-01,TEST,82a441c0-c492-422f-ae84-2bd779e079b0,GENERAL_INDIAN_TERRITORY,Gas Flare,WEAKLY_LABELED,FACILITY_THERMAL_BASE,UNVERIFIED,REAL,False,True,7.98,7.98,0.0,340.68,340.68,0.0,1278.8423681066167,900294.6,1519672.3,4200.0,1049127.2,888283.8,0,1.0,12.89,1.0,1.687,0.95
d3b18d7a-8398-4f5c-a30f-9af90c28f7a9,d1abac68-e5c6-4e5d-804b-cdbf4c876ec8,EVT-REAL-2026-01287,16.34425,77.76366,Andhra Pradesh,East Godavari,,,2026-01-01,TEST,East Godavari,GENERAL_INDIAN_TERRITORY,Uncertain,UNKNOWN,LOW_CONFIDENCE_HOTSPOT,UNVERIFIED,REAL,False,True,3.71,3.71,0.0,331.96,331.96,0.0,3780.3200961586936,853471.4,1504508.2,4200.0,992796.7,827141.4,0,1.0,11.56,1.0,0.808,0.65
c455db71-0dcb-4d1d-ab8f-b0b15e6c2011,853c6cf8-e83a-4078-8cfd-8c02d2f3f742,EVT-REAL-2026-01288,16.42428,77.66145,Andhra Pradesh,East Godavari,,,2026-01-01,TEST,East Godavari,GENERAL_INDIAN_TERRITORY,Uncertain,UNKNOWN,LOW_CONFIDENCE_HOTSPOT,UNVERIFIED,REAL,False,True,3.26,3.26,0.0,335.54,335.54,0.0,11161.670771625906,849303.0,1495019.9,4200.0,990967.5,826609.4,0,1.0,12.67,1.0,0.475,0.2
e7c6aafd-9fb1-417d-ad17-9556083ffd3a,1db8bdd6-d390-46d9-ade8-8c8eb551d88c,EVT-REAL-2026-01289,16.483,77.68348,Andhra Pradesh,East Godavari,,,2026-01-01,TEST,East Godavari,GENERAL_INDIAN_TERRITORY,Uncertain,UNKNOWN,LOW_CONFIDENCE_HOTSPOT,UNVERIFIED,REAL,False,True,8.49,8.49,0.0,343.9,343.9,0.0,13331.616602997634,842397.9,1488666.4,4200.0,984210.0,820019.0,0,0.7,5.11,1.0,1.298,0.2
b7887812-560a-44d7-a9bf-473638ab1592,1ad5f154-adb8-4006-b3c3-1ce23cc02d22,EVT-REAL-2026-01290,26.29035,71.14218,Rajasthan,Barmer,1aaef84f-8853-4d93-bbca-14c757922e4d,Solar Photovoltaic / Solar Thermal Power Generation (Way #1551332416),2026-01-01,TEST,1aaef84f-8853-4d93-bbca-14c757922e4d,GENERAL_INDIAN_TERRITORY,Uncertain,UNKNOWN,LOW_CONFIDENCE_HOTSPOT,UNVERIFIED,REAL,False,True,3.05,3.05,0.0,342.75,341.31,1.4399999999999977,1778.347427730385,1009235.6,500265.5,4200.0,1196651.9,1174410.7,0,0.6,19.56,1.0,0.581,0.95
71d06e20-5eea-4989-8af4-e4877b5d9c71,475b083c-d3f7-4d68-bfa0-60cf5ae6c4c5,EVT-REAL-2026-01291,26.44109,71.53146,Rajasthan,Barmer,34408000-e262-460a-a355-4f6dd0e50f9d,Solar Photovoltaic / Solar Thermal Power Generation (Way #1143180423),2026-01-01,TEST,34408000-e262-460a-a355-4f6dd0e50f9d,GENERAL_INDIAN_TERRITORY,Gas Flare,WEAKLY_LABELED,FACILITY_THERMAL_BASE,UNVERIFIED,REAL,False,True,3.15,3.15,0.0,350.59,342.89,7.699999999999989,896.768399466871,975546.4,464301.6,4200.0,1160989.2,1138813.5,0,0.5333,17.33,1.0,0.954,0.95
9a0d4725-8f93-4c80-8f6e-57cae9ec1fc7,9a81c66a-1b46-4878-ae89-23c1aff7c8cc,EVT-REAL-2026-01292,26.51347,71.63211,Rajasthan,Barmer,d6ca2578-c92e-4fa2-9662-330f28b208ce,Solar Photovoltaic / Solar Thermal Power Generation (Way #1551308594),2026-01-01,TEST,d6ca2578-c92e-4fa2-9662-330f28b208ce,GENERAL_INDIAN_TERRITORY,Gas Flare,WEAKLY_LABELED,FACILITY_THERMAL_BASE,UNVERIFIED,REAL,False,True,3.82,3.82,0.0,338.99,338.99,0.0,1155.515027660856,967942.4,452074.1,4200.0,1152522.9,1130378.1,0,0.5,16.44,1.0,0.943,0.95
65918575-e83b-4d6f-bb34-8dfc337db825,57f6c675-d7f7-41c5-a017-124a7d548c8d,EVT-REAL-2026-01293,26.51282,71.62814,Rajasthan,Barmer,1f3767ac-43e1-432a-bea3-659ea98eb657,Solar Photovoltaic / Solar Thermal Power Generation (Way #1551308593),2026-01-01,TEST,1f3767ac-43e1-432a-bea3-659ea98eb657,GENERAL_INDIAN_TERRITORY,Gas Flare,WEAKLY_LABELED,FACILITY_THERMAL_BASE,UNVERIFIED,REAL,False,True,3.82,3.82,0.0,346.44,346.44,0.0,1040.707610279565,968304.8,452351.6,4200.0,1152899.1,1130753.9,0,0.5333,16.22,1.0,0.921,0.95
efadf383-75da-4750-9d53-6c1dfbaed693,097f2729-5e22-4152-8cfb-8be206213e53,EVT-REAL-2026-01294,27.4936,71.90452,Rajasthan,Barmer,72d5ae64-4f78-4eb4-a333-11cac7752649,Designated Industrial Park / Estate (Way #589337507),2026-01-01,TEST,72d5ae64-4f78-4eb4-a333-11cac7752649,GENERAL_INDIAN_TERRITORY,Gas Flare,WEAKLY_LABELED,FACILITY_THERMAL_BASE,UNVERIFIED,REAL,False,True,3.56,3.56,0.0,335.85,335.85,0.0,89.10017551997535,977222.4,348473.8,4200.0,1151037.4,1129368.9,0,1.0,95.56,1.0,0.759,0.95
64198d15-3e0c-4dcc-a9f2-69f71161d678,14dca394-283c-4d29-b2b3-e77643d0ee34,EVT-REAL-2026-01295,27.45969,71.98004,Rajasthan,Barmer,15e4a59a-a22d-4939-a628-61cbd9c836da,Designated Industrial Park / Estate (Way #654730206),2026-01-01,TEST,15e4a59a-a22d-4939-a628-61cbd9c836da,GENERAL_INDIAN_TERRITORY,Gas Flare,WEAKLY_LABELED,FACILITY_THERMAL_BASE,UNVERIFIED,REAL,False,True,6.23,4.74,1.4966629547095767,335.9,335.71,0.18999999999999773,869.1706378875502,968893.8,346715.8,4200.0,1142826.6,1121150.0,0,1.0,215.56,1.0,0.851,0.95
61b4a706-b25e-46e1-86cb-813402b7f188,8bd1b515-6e92-4d93-a25d-a03d06f5a5fa,EVT-REAL-2026-01296,15.88636,77.0426,Andhra Pradesh,East Godavari,,,2026-01-01,TEST,East Godavari,GENERAL_INDIAN_TERRITORY,Uncertain,UNKNOWN,LOW_CONFIDENCE_HOTSPOT,UNVERIFIED,REAL,False,True,3.51,3.51,0.0,333.41,333.41,0.0,12778.305242542108,930196.3,1552158.3,4200.0,1076748.4,914208.2,0,1.0,14.22,1.0,0.539,0.2
fbb200eb-0f15-4b88-9a48-ae4393153709,fe30a5eb-e83e-455d-bf3f-a9fd3e2cc8c0,EVT-REAL-2026-01297,15.94902,76.11865,Maharashtra,Nagpur,,,2026-01-01,TEST,Nagpur,GENERAL_INDIAN_TERRITORY,Uncertain,UNKNOWN,LOW_CONFIDENCE_HOTSPOT,UNVERIFIED,REAL,False,True,8.24,7.54,0.7,351.23,349.04,2.1899999999999977,4250.417795992022,969055.9,1545550.3,4200.0,1128072.9,973224.8,0,0.3333,5.78,1.0,3.83,0.65
c6f5d950-fcb4-4714-a9d8-7bcf99672168,c095e59a-1b08-4341-a637-227744251fce,EVT-REAL-2026-01298,16.17913,78.04333,Andhra Pradesh,East Godavari,,,2026-01-01,TEST,East Godavari,GENERAL_INDIAN_TERRITORY,Uncertain,UNKNOWN,LOW_CONFIDENCE_HOTSPOT,UNVERIFIED,REAL,False,True,3.18,3.18,0.0,335.97,335.97,0.0,20050.211896233413,860261.7,1524857.2,4200.0,993537.9,824814.8,0,0.5667,4.44,1.0,0.716,0.2
37e9c602-f9cf-44d9-ac5b-1b4035aff1ed,51c21652-c0c6-4b23-92de-78f0c7951000,EVT-REAL-2026-01299,16.37538,77.62525,Andhra Pradesh,East Godavari,,,2026-01-01,TEST,East Godavari,GENERAL_INDIAN_TERRITORY,Uncertain,UNKNOWN,LOW_CONFIDENCE_HOTSPOT,UNVERIFIED,REAL,False,True,8.29,8.29,0.0,335.41,335.41,0.0,9661.40106541745,855776.5,1500210.9,4200.0,997605.5,833257.1,0,1.0,29.33,1.0,1.16,0.2
5871577f-4134-42a6-a5c6-a034b5c33007,e4c65e53-1532-4686-a59f-4c4943c0611a,EVT-REAL-2026-01300,16.21413,76.02761,Maharashtra,Nagpur,,,2026-01-01,TEST,Nagpur,GENERAL_INDIAN_TERRITORY,Uncertain,UNKNOWN,LOW_CONFIDENCE_HOTSPOT,UNVERIFIED,REAL,False,True,4.23,4.23,0.0,334.43,334.43,0.0,13529.801450293957,948652.2,1516263.5,4200.0,1110880.7,958674.2,0,0.5667,4.89,1.0,0.562,0.2
3982b5c1-7364-412d-831d-245cff590660,fccb7115-23b8-487c-80fe-40e0985f72ff,EVT-REAL-2026-01301,16.75377,77.21014,Andhra Pradesh,East Godavari,,,2026-01-01,TEST,East Godavari,GENERAL_INDIAN_TERRITORY,Uncertain,UNKNOWN,LOW_CONFIDENCE_HOTSPOT,UNVERIFIED,REAL,False,True,3.14,3.14,0.0,331.19,331.19,0.0,4481.48181153998,835737.6,1456570.8,4200.0,987271.7,828962.2,0,0.4667,5.56,1.0,0.665,0.65
46dac65d-6e4e-4922-b3ac-3993020065de,751188c4-0c4e-4004-b7ef-a61607889e4d,EVT-REAL-2026-01302,15.7115,76.677,Maharashtra,Nagpur,,,2026-01-01,TEST,Nagpur,GENERAL_INDIAN_TERRITORY,Uncertain,UNKNOWN,LOW_CONFIDENCE_HOTSPOT,UNVERIFIED,REAL,False,True,16.8,16.8,0.0,314.8,314.8,0.0,9718.498386952482,964389.5,1571360.0,4200.0,1114546.5,953809.6,0,1.0,24.67,1.0,3.12,0.2
3cf4f487-ab2c-4cf7-8b72-a594231eb213,e9878077-1392-43e9-9860-45a7e89dca8b,EVT-REAL-2026-01303,22.0487,84.2606,Chhattisgarh,Korba,28039fa9-7884-4293-bdcc-6b0e17c8e5d9,Solar Photovoltaic / Solar Thermal Power Generation (Way #1002379670),2026-01-01,TEST,28039fa9-7884-4293-bdcc-6b0e17c8e5d9,EASTERN_COAL_BELT,Uncertain,UNKNOWN,LOW_CONFIDENCE_HOTSPOT,UNVERIFIED,REAL,False,True,32.1,32.1,0.0,326.8,326.8,0.0,1762.119181563587,189873.5,1145916.7,4200.0,241848.4,165373.0,0,1.0,23.11,1.0,5.584,0.95
c2a9402e-776e-4e2b-8cde-cb8e93d7e9da,f6b0702f-a79f-4481-94a1-8c1fe9197920,EVT-REAL-2026-01304,21.9896,81.292,Madhya Pradesh,Singrauli,,,2026-01-01,TEST,Singrauli,EASTERN_COAL_BELT,Uncertain,UNKNOWN,LOW_CONFIDENCE_HOTSPOT,UNVERIFIED,REAL,False,True,21.4,21.4,0.0,327.5,327.5,0.0,36135.214496835055,167318.1,984843.0,4200.0,266537.9,131256.4,0,0.6667,5.33,1.0,5.231,0.2
4e6b00d4-dd42-4c28-b8de-051ba3011997,904369a2-ec4e-4823-98f0-bb57a4c48ef7,EVT-REAL-2026-01305,27.7524,81.5453,Uttar Pradesh,Sonbhadra,,,2026-01-01,TEST,Sonbhadra,GENERAL_INDIAN_TERRITORY,Uncertain,UNKNOWN,LOW_CONFIDENCE_HOTSPOT,UNVERIFIED,REAL,False,True,12.6,12.6,0.0,311.8,311.8,0.0,2815.5712457650106,427815.6,520658.9,4200.0,413121.1,404821.9,0,0.9667,7.78,1.0,2.444,0.65
4975225f-b045-46a7-abbe-62c316286b57,eb6c1585-ad1f-4e84-a35c-e159654e6c8a,EVT-REAL-2026-01306,15.17945,76.6636,Karnataka,Ballari,6284cfb0-d9ad-4d14-86b2-fa9b01ea8f1f,Vijayanagar Toranagallu Power Station,2026-01-01,TEST,6284cfb0-d9ad-4d14-86b2-fa9b01ea8f1f,GENERAL_INDIAN_TERRITORY,Gas Flare,WEAKLY_LABELED,FACILITY_THERMAL_BASE,UNVERIFIED,REAL,False,True,5.9,4.95,0.9486832980505138,305.4,304.45,0.9499999999999886,637.6026361494868,1018238.5,1630242.5,4200.0,1164520.8,1000967.7,0,1.0,3400.22,0.0,2.201,0.95
44b3efa7-83e8-4658-80d5-325dbbd7f30a,d1dd8bac-def2-4d7c-be31-80ec47b50038,EVT-REAL-2026-01307,16.02812,76.02773,Maharashtra,Nagpur,,,2026-01-01,TEST,Nagpur,GENERAL_INDIAN_TERRITORY,Uncertain,UNKNOWN,LOW_CONFIDENCE_HOTSPOT,UNVERIFIED,REAL,False,True,3.67,3.67,0.0,327.62,327.62,0.0,2591.709839980836,966345.8,1536847.1,4200.0,1127058.0,973491.3,0,0.1,0.89,0.0,0.476,0.65
80efa833-b9e9-4489-987e-c9807d25577d,c5901f60-e6d6-4690-bf76-7fc19f183c04,EVT-REAL-2026-01308,20.96418,86.01282,Odisha,Angul,ccfecf36-122a-46ec-8e75-8ab9585c9ee8,TATA Steel,2026-01-01,TEST,ccfecf36-122a-46ec-8e75-8ab9585c9ee8,EASTERN_COAL_BELT,Gas Flare,WEAKLY_LABELED,FACILITY_THERMAL_BASE,UNVERIFIED,REAL,False,True,39.4,34.2,4.092676385936225,342.89,337.46,5.430000000000007,827.3229256426534,49095.6,1354823.8,4200.0,446290.8,375384.7,1,1.0,2445.33,0.3333,10.441,0.95
198d6799-093c-4729-a63d-0ba840f8b067,19844181-e629-43bb-8575-16e380890ec6,EVT-REAL-2026-01309,16.3772,77.7046,Andhra Pradesh,East Godavari,,,2026-01-02,TEST,East Godavari,GENERAL_INDIAN_TERRITORY,Uncertain,UNKNOWN,LOW_CONFIDENCE_HOTSPOT,UNVERIFIED,REAL,False,True,7.2,7.2,0.0,309.9,309.9,0.0,4958.962669997887,852403.6,1500486.2,4200.0,992970.0,827982.4,0,1.0,15.11,1.0,1.353,0.65
ea1d4a2f-b1a1-428a-8f3a-9012ff8b83b4,ad341eb5-c62d-42ae-aae1-76d9ea116e1d,EVT-REAL-2026-01310,15.1785,76.6702,Karnataka,Ballari,623f229d-078d-4a96-93a5-dd85add1ce03,Jindal Steel Works,2026-01-02,TEST,623f229d-078d-4a96-93a5-dd85add1ce03,GENERAL_INDIAN_TERRITORY,Gas Flare,WEAKLY_LABELED,FACILITY_THERMAL_BASE,UNVERIFIED,REAL,False,True,9.3,9.3,0.0,311.7,311.7,0.0,375.2904594484233,1018039.0,1630341.9,4200.0,1164227.8,1000623.1,0,1.0,3378.22,1.0,3.48,0.95
faa713ee-3cf2-4ef7-8459-6fa238c8be52,6a8b922e-923c-47bb-b7d6-c3abb0c21da2,EVT-REAL-2026-01311,16.2095,76.1899,Maharashtra,Nagpur,,,2026-01-02,TEST,Nagpur,GENERAL_INDIAN_TERRITORY,Uncertain,UNKNOWN,LOW_CONFIDENCE_HOTSPOT,UNVERIFIED,REAL,False,True,5.2,5.2,0.0,306.3,306.3,0.0,5431.734695862266,940267.2,1516681.8,4200.0,1100565.5,946992.1,0,0.3333,3.11,1.0,0.673,0.65
acf9f5ad-b34c-478a-b573-c2be46c1505a,9f930cf0-8c75-43e6-a444-9c3a8f45719c,EVT-REAL-2026-01312,27.42084,81.97469,Uttar Pradesh,Sonbhadra,,,2026-01-02,TEST,Sonbhadra,GENERAL_INDIAN_TERRITORY,Uncertain,UNKNOWN,LOW_CONFIDENCE_HOTSPOT,UNVERIFIED,REAL,False,True,9.3,9.3,0.0,340.14,340.14,0.0,3380.794621244042,396774.4,575560.7,4200.0,366289.3,359760.8,0,0.5333,4.0,1.0,3.377,0.65
6abc44d7-7d8e-40b7-98c0-e21ac4136c8f,f7c6017d-de57-4571-8bf3-49a97caaf80d,EVT-REAL-2026-01313,15.23719,76.81007,Andhra Pradesh,East Godavari,,,2026-01-02,TEST,East Godavari,GENERAL_INDIAN_TERRITORY,Uncertain,UNKNOWN,LOW_CONFIDENCE_HOTSPOT,UNVERIFIED,REAL,False,True,5.3,5.3,0.0,331.84,331.84,0.0,3907.9070813605927,1005940.3,1623793.9,4200.0,1150702.4,986401.8,0,0.4667,3.33,1.0,1.103,0.65
4cdb7039-ab7c-4a5b-b788-a58fc616c426,f9a659d9-cb36-48d7-8c4b-d43f3db1a45f,EVT-REAL-2026-01314,14.10875,77.76492,Andhra Pradesh,East Godavari,,,2026-01-02,TEST,East Godavari,GENERAL_INDIAN_TERRITORY,Uncertain,UNKNOWN,LOW_CONFIDENCE_HOTSPOT,UNVERIFIED,REAL,False,True,3.04,3.04,0.0,331.5,331.5,0.0,7017.80065734298,1087511.7,1751460.1,4200.0,1211091.6,1036546.8,0,1.0,25.56,1.0,0.432,0.65
34460747-0d7f-4030-aebc-02dd0dfc5315,5c06a6d6-651a-46af-998e-e09fa2dc2a71,EVT-REAL-2026-01315,14.09636,76.59366,Karnataka,Ballari,,,2026-01-02,TEST,Ballari,GENERAL_INDIAN_TERRITORY,Uncertain,UNKNOWN,LOW_CONFIDENCE_HOTSPOT,UNVERIFIED,REAL,False,True,3.63,3.63,0.0,332.47,332.47,0.0,2941.9889674226574,1131152.1,1750147.4,4200.0,1270892.5,1102996.2,0,0.4,4.0,1.0,0.347,0.65
d0bb9e8c-fbcd-45c8-b43f-ae04ad8f28fc,a976ceeb-7a1a-4b5b-974f-f0b6fb975d61,EVT-REAL-2026-01316,14.24503,77.21844,Andhra Pradesh,East Godavari,,,2026-01-02,TEST,East Godavari,GENERAL_INDIAN_TERRITORY,Uncertain,UNKNOWN,LOW_CONFIDENCE_HOTSPOT,UNVERIFIED,REAL,False,True,9.99,8.18,2.565151067676132,341.44,335.33,6.110000000000014,3808.190421924456,1091565.1,1734105.2,4200.0,1223904.1,1052826.6,0,1.0,39.56,1.0,1.702,0.65
3d0da0be-68cc-44f4-b763-4df03753f68a,9d8c515d-850b-49c9-b08f-11e355a9026e,EVT-REAL-2026-01317,15.26352,77.51679,Andhra Pradesh,East Godavari,,,2026-01-02,TEST,East Godavari,GENERAL_INDIAN_TERRITORY,Uncertain,UNKNOWN,LOW_CONFIDENCE_HOTSPOT,UNVERIFIED,REAL,False,True,5.38,5.22,0.1414213562373095,336.51,334.16,2.349999999999966,11327.868617585906,974671.3,1622541.5,4200.0,1109512.4,940419.9,0,0.1333,0.89,1.0,0.91,0.2
2b1a5cf5-b041-4eeb-90d6-7cf886b676d8,dfac5bcd-4652-4ca8-b846-24ed90614cb5,EVT-REAL-2026-01318,15.14849,77.08341,Andhra Pradesh,East Godavari,8184696d-6c50-4616-aed2-426c12e764da,Solar Photovoltaic / Solar Thermal Power Generation (Way #1002431141),2026-01-02,TEST,8184696d-6c50-4616-aed2-426c12e764da,GENERAL_INDIAN_TERRITORY,Uncertain,UNKNOWN,LOW_CONFIDENCE_HOTSPOT,UNVERIFIED,REAL,False,True,3.11,3.11,0.0,332.18,332.18,0.0,1673.6923270574491,1003418.7,1633866.3,4200.0,1143767.4,977129.1,0,1.0,21.56,1.0,0.492,0.95
8800d725-28f5-468c-9ca9-e95097053939,1dfe5016-34dc-4787-a729-7bf7f40618bd,EVT-REAL-2026-01319,15.15123,77.14302,Andhra Pradesh,East Godavari,,,2026-01-02,TEST,East Godavari,GENERAL_INDIAN_TERRITORY,Uncertain,UNKNOWN,LOW_CONFIDENCE_HOTSPOT,UNVERIFIED,REAL,False,True,3.11,3.11,0.0,333.38,333.38,0.0,4796.547237527332,1000722.0,1633683.1,4200.0,1140246.9,973211.4,0,0.0667,0.44,1.0,0.752,0.65
90d20e84-0da1-4099-b337-d05664c99540,8fef9c4e-731e-47ca-a3bd-1a9d5d413207,EVT-REAL-2026-01320,14.89399,76.4247,Karnataka,Ballari,,,2026-01-02,TEST,Ballari,GENERAL_INDIAN_TERRITORY,Uncertain,UNKNOWN,LOW_CONFIDENCE_HOTSPOT,UNVERIFIED,REAL,False,True,4.86,4.86,0.0,336.82,336.82,0.0,7960.680804134985,1057695.7,1662063.1,4200.0,1204975.2,1041658.3,0,0.6,10.67,1.0,0.597,0.65
d6ca0c9b-4399-451c-a6c8-2015d40846bd,5ee3ea8d-2027-47f1-8a6c-dfe8c193c6cb,EVT-REAL-2026-01321,14.8751,77.04403,Andhra Pradesh,East Godavari,,,2026-01-02,TEST,East Godavari,GENERAL_INDIAN_TERRITORY,Uncertain,UNKNOWN,LOW_CONFIDENCE_HOTSPOT,UNVERIFIED,REAL,False,True,3.86,3.86,0.0,332.41,332.41,0.0,14347.605919192263,1033040.3,1664046.7,4200.0,1171998.7,1004415.5,0,1.0,13.56,1.0,0.807,0.2
69aaa94d-fead-413b-9edc-2b6f224e1a7c,959a14b3-4a52-475a-99e9-f20f7141b5fb,EVT-REAL-2026-01322,14.35918,76.36541,Karnataka,Ballari,,,2026-01-02,TEST,Ballari,GENERAL_INDIAN_TERRITORY,Uncertain,UNKNOWN,LOW_CONFIDENCE_HOTSPOT,UNVERIFIED,REAL,False,True,5.64,5.13,0.5099019513592785,334.34,333.62,0.7199999999999704,2590.577401206665,1114162.7,1721286.6,4200.0,1258489.7,1093088.0,0,0.6333,4.67,1.0,0.971,0.65
4f22ffc9-0d41-455a-9f7f-b404548ff77c,8cd71b26-d01c-4d88-9923-1cb308e70349,EVT-REAL-2026-01323,14.52095,77.77435,Andhra Pradesh,East Godavari,,,2026-01-02,TEST,East Godavari,GENERAL_INDIAN_TERRITORY,Uncertain,UNKNOWN,LOW_CONFIDENCE_HOTSPOT,UNVERIFIED,REAL,False,True,3.05,3.05,0.0,331.69,331.69,0.0,4285.980562013507,1043592.6,1705977.8,4200.0,1169525.1,996127.1,0,0.5667,5.11,1.0,0.527,0.65
7051e2e2-6081-492c-a27f-1acdc00d4b2d,2f630226-88b7-4dcc-8a80-d31915f33a03,EVT-REAL-2026-01324,16.41724,77.73842,Andhra Pradesh,East Godavari,,,2026-01-02,TEST,East Godavari,GENERAL_INDIAN_TERRITORY,Uncertain,UNKNOWN,LOW_CONFIDENCE_HOTSPOT,UNVERIFIED,REAL,False,True,4.53,4.53,0.0,337.83,337.83,0.0,10099.294730079742,846948.6,1496279.8,4200.0,987303.5,822270.0,0,0.5333,4.0,1.0,1.174,0.2
1cec4751-5aa8-4645-a350-c732f247b2d8,5148c05f-6c08-4cd4-b3bd-c408c764c315,EVT-REAL-2026-01325,16.37859,77.57134,Andhra Pradesh,East Godavari,,,2026-01-02,TEST,East Godavari,GENERAL_INDIAN_TERRITORY,Uncertain,UNKNOWN,LOW_CONFIDENCE_HOTSPOT,UNVERIFIED,REAL,False,True,3.1,3.1,0.0,334.94,334.94,0.0,12373.010948873782,857652.2,1499557.3,4200.0,1000365.5,836479.5,0,1.0,13.56,1.0,0.637,0.2
91c1cdbf-8bc8-4115-a438-f8496abd0882,9680bbe3-ea66-4e45-aa4e-5e074961799e,EVT-REAL-2026-01326,16.26137,77.20415,Andhra Pradesh,East Godavari,,,2026-01-02,TEST,East Godavari,GENERAL_INDIAN_TERRITORY,Uncertain,UNKNOWN,LOW_CONFIDENCE_HOTSPOT,UNVERIFIED,REAL,False,True,3.4,3.4,0.0,334.19,334.19,0.0,14689.480129354151,885266.7,1511025.2,4200.0,1032579.0,870997.8,0,0.5667,4.44,1.0,0.547,0.2
a67ef1a3-8b77-4e3e-9593-9e317ed5d001,56ddc89e-d347-4d9c-ab01-bc8814fe4249,EVT-REAL-2026-01327,16.10237,76.84991,Andhra Pradesh,East Godavari,,,2026-01-02,TEST,East Godavari,GENERAL_INDIAN_TERRITORY,Uncertain,UNKNOWN,LOW_CONFIDENCE_HOTSPOT,UNVERIFIED,REAL,False,True,3.97,3.97,0.0,337.71,337.71,0.0,9453.704749797382,917400.2,1528065.3,4200.0,1068394.7,908694.8,0,1.0,10.89,1.0,0.829,0.2
7d966b72-723e-41fc-a1b4-e898b36e62aa,f9d67a98-75b5-4d83-af5f-c63bea8c493f,EVT-REAL-2026-01328,16.11365,76.95865,Andhra Pradesh,East Godavari,,,2026-01-02,TEST,East Godavari,GENERAL_INDIAN_TERRITORY,Uncertain,UNKNOWN,LOW_CONFIDENCE_HOTSPOT,UNVERIFIED,REAL,False,True,9.5,9.5,0.0,344.33,344.33,0.0,3474.3248923188025,911200.9,1526894.6,4200.0,1060788.6,900281.3,0,1.0,48.67,1.0,1.42,0.65
a6b6ce97-188b-4ba8-8405-97b62800594f,3104e534-1ab7-4fd0-939a-19085ba36854,EVT-REAL-2026-01329,21.90115,84.2571,Chhattisgarh,Korba,,,2026-01-02,TEST,Korba,EASTERN_COAL_BELT,Uncertain,UNKNOWN,LOW_CONFIDENCE_HOTSPOT,UNVERIFIED,REAL,False,True,58.53,58.53,0.0,345.77,345.77,0.0,14530.636229442856,190428.8,1158419.0,4200.0,256061.7,168624.9,0,1.0,27.33,1.0,6.397,0.2
aaf2489a-7a5b-43f2-9402-7a4daea30b21,c3970314-1c03-4161-8a47-66218235d409,EVT-REAL-2026-01330,21.1038,72.64277,Gujarat,Jamnagar,e9c4bee7-eae3-4bd8-a08a-39d2cf310cbd,ArcelorMittal Nippon Steel India,2026-01-02,TEST,e9c4bee7-eae3-4bd8-a08a-39d2cf310cbd,WESTERN_PETROCHEMICAL,Gas Flare,WEAKLY_LABELED,FACILITY_THERMAL_BASE,UNVERIFIED,REAL,False,True,46.92,37.21,7.197916365171244,367.0,338.85,28.149999999999977,681.4759066362003,881240.4,986914.0,4200.0,1091089.0,1030409.2,0,1.0,5210.44,0.75,7.635,0.95
8c730105-8563-46bf-a2e2-ad1338fcc572,747d585f-b317-4470-9f70-a3af5c12b80f,EVT-REAL-2026-01331,21.15313,70.87342,Gujarat,Jamnagar,,,2026-01-04,TEST,Jamnagar,WESTERN_PETROCHEMICAL,Uncertain,UNKNOWN,LOW_CONFIDENCE_HOTSPOT,UNVERIFIED,REAL,False,True,28.15,28.15,0.0,341.35,341.35,0.0,26301.413825791795,1054896.5,1024885.0,4200.0,1264742.8,1211302.8,0,0.1,1.78,1.0,6.616,0.2
4e91a1a8-e4f1-4769-933a-5f714cc5c560,fc357f0a-b5c5-4e38-8071-2b4ae066bdd0,EVT-REAL-2026-01332,23.0434,71.8653,Gujarat,Jamnagar,93a326ca-3022-4cda-8045-84a462a2f5eb,Kamlapur,2026-01-04,TEST,93a326ca-3022-4cda-8045-84a462a2f5eb,WESTERN_PETROCHEMICAL,Gas Flare,WEAKLY_LABELED,FACILITY_THERMAL_BASE,UNVERIFIED,REAL,False,True,38.9,38.9,0.0,328.7,328.7,0.0,682.287185833782,915413.6,794483.2,4200.0,1121126.1,1096425.0,0,1.0,39.11,1.0,8.831,0.95
fd37b8f1-4d64-4bbc-a317-f51710150f58,38c74ea4-6925-4182-9ebc-353212d59f03,EVT-REAL-2026-01333,12.7997,76.6105,Tamil Nadu,Chennai,,,2026-01-05,TEST,Chennai,GENERAL_INDIAN_TERRITORY,Uncertain,UNKNOWN,LOW_CONFIDENCE_HOTSPOT,UNVERIFIED,REAL,False,True,21.0,21.0,0.0,321.5,321.5,0.0,3515.926671416055,1264306.7,1893577.5,4200.0,1396158.3,1223941.5,0,1.0,21.56,1.0,3.059,0.65
94a7688a-7f6c-4df6-91e1-b903ff933139,d31be564-44ee-435d-8b1d-985fa6b84345,EVT-REAL-2026-01334,27.96624,78.89512,Uttar Pradesh,Sonbhadra,,,2026-01-05,TEST,Sonbhadra,GENERAL_INDIAN_TERRITORY,Agricultural Burning,REAL,BHUVAN_AGRICULTURAL_CYCLE,UNVERIFIED,REAL,False,True,12.44,12.44,0.0,339.45,339.45,0.0,9109.641377266596,489208.2,296069.2,4200.0,571510.9,555029.9,0,0.7333,9.78,1.0,2.001,0.2
f1612825-3656-4df1-9acb-42d4f05024ee,d15f699d-c110-497f-94de-b955251d0fe2,EVT-REAL-2026-01335,27.96983,78.88661,Uttar Pradesh,Sonbhadra,,,2026-01-05,TEST,Sonbhadra,GENERAL_INDIAN_TERRITORY,Agricultural Burning,REAL,BHUVAN_AGRICULTURAL_CYCLE,UNVERIFIED,REAL,False,True,12.0,12.0,0.0,344.02,344.02,0.0,8196.756315254675,489906.0,295206.7,4200.0,572378.8,555888.7,0,0.8333,11.56,1.0,2.018,0.2
f6225429-1d75-42d7-b31e-3f637592ad19,782a6654-07e6-41ef-b9e0-e90484b8dfb0,EVT-REAL-2026-01336,27.97072,78.89105,Uttar Pradesh,Sonbhadra,,,2026-01-05,TEST,Sonbhadra,GENERAL_INDIAN_TERRITORY,Agricultural Burning,REAL,BHUVAN_AGRICULTURAL_CYCLE,UNVERIFIED,REAL,False,True,11.31,11.31,0.0,344.14,344.14,0.0,8499.2086050944,489822.8,295433.1,4200.0,572146.2,555666.5,0,0.9,11.78,1.0,1.869,0.2
1ec5443e-2ab7-4b6a-9810-44f80317cab3,e587a260-dfb0-4874-8441-dc6a7cbdd256,EVT-REAL-2026-01337,30.80977,75.79974,Punjab,Sangrur,,,2026-01-05,TEST,Sangrur,NORTHERN_AGRICULTURE,Agricultural Burning,REAL,BHUVAN_AGRICULTURAL_CYCLE,UNVERIFIED,REAL,False,True,10.13,10.13,0.0,338.76,338.76,0.0,4398.088269124489,911287.5,0.0,4200.0,1006878.9,990436.9,4,1.0,26.44,1.0,1.563,0.65
10eafdbc-005b-450e-8c61-f82133917c00,fab76b4b-6bce-4e1d-aa97-59bb4755dc30,EVT-REAL-2026-01338,31.90718,75.37624,Punjab,Sangrur,,,2026-01-05,TEST,Sangrur,NORTHERN_AGRICULTURE,Uncertain,UNKNOWN,LOW_CONFIDENCE_HOTSPOT,UNVERIFIED,REAL,False,True,9.5,9.5,0.0,338.98,338.98,0.0,4383.234822216549,1035182.2,11158.7,4200.0,1122743.1,1107108.2,0,1.0,32.89,1.0,1.805,0.65
51b2a275-39b9-4cb4-859d-f2ac1a437afc,0a78632c-0906-4d8e-ba61-4732075046c9,EVT-REAL-2026-01339,15.44162,76.77341,Andhra Pradesh,East Godavari,,,2026-01-05,TEST,East Godavari,GENERAL_INDIAN_TERRITORY,Uncertain,UNKNOWN,LOW_CONFIDENCE_HOTSPOT,UNVERIFIED,REAL,False,True,16.92,16.92,0.0,342.22,342.22,0.0,12544.530168766236,986954.2,1601175.3,4200.0,1133740.7,970763.8,0,1.0,22.0,1.0,2.823,0.2
47340e03-04dc-4f28-9c2f-814337954431,bf2d10c4-9aa9-4ee8-93b1-81a3d4b41ea6,EVT-REAL-2026-01340,27.97237,78.88287,Uttar Pradesh,Sonbhadra,,,2026-01-05,TEST,Sonbhadra,GENERAL_INDIAN_TERRITORY,Uncertain,UNKNOWN,LOW_CONFIDENCE_HOTSPOT,UNVERIFIED,REAL,False,True,10.64,10.64,0.0,351.38,351.38,0.0,7733.66582443836,490310.7,294749.8,4200.0,572836.9,556344.8,0,0.9,10.89,1.0,1.877,0.65
b3dfdfa1-d142-4a92-aedd-dd2ed9ecd12a,8ec30c1c-d1c4-40c4-a549-6f3b82ae4cae,EVT-REAL-2026-01341,19.62493,82.14126,Chhattisgarh,Korba,,,2026-01-06,TEST,Korba,EASTERN_COAL_BELT,Uncertain,UNKNOWN,LOW_CONFIDENCE_HOTSPOT,UNVERIFIED,REAL,False,True,25.22,25.22,0.0,367.0,367.0,0.0,8283.578546539797,438878.8,1259362.1,4200.0,483723.1,298781.8,0,1.0,17.56,1.0,4.422,0.2
a3349b8c-c546-412e-a492-b22a4ddc7f82,6e7f64f1-7af8-48ab-a218-77677e4b5210,EVT-REAL-2026-01342,27.44216,81.96419,Uttar Pradesh,Sonbhadra,,,2026-01-06,TEST,Sonbhadra,GENERAL_INDIAN_TERRITORY,Uncertain,UNKNOWN,LOW_CONFIDENCE_HOTSPOT,UNVERIFIED,REAL,False,True,8.72,8.51,0.2,346.46,343.98,2.4799999999999613,5111.011685322598,398905.1,573489.7,4200.0,368827.1,362266.6,0,0.5,4.44,1.0,2.577,0.65
20a92f42-75e1-469b-ad73-4b340e20db40,49670cd3-d2b6-465c-a5e9-9804e97588f7,EVT-REAL-2026-01343,23.7372,86.9236,Jharkhand,Dhanbad,c8eb1dc4-bf48-4895-ae3a-2f81f01a574c,Designated Industrial Park / Estate (Way #974481150),2026-01-06,TEST,c8eb1dc4-bf48-4895-ae3a-2f81f01a574c,EASTERN_COAL_BELT,Uncertain,UNKNOWN,LOW_CONFIDENCE_HOTSPOT,UNVERIFIED,REAL,False,True,18.4,18.4,0.0,311.5,311.5,0.0,2193.1559912142257,188941.7,1215279.8,4200.0,390227.1,430037.5,0,1.0,11.11,1.0,4.076,0.95
2a63cba7-db41-4076-85b7-c9b876d29a6e,08274e2b-099b-4581-aceb-53708e13c724,EVT-REAL-2026-01344,31.525,76.3567,Punjab,Sangrur,,,2026-01-06,TEST,Sangrur,NORTHERN_AGRICULTURE,Agricultural Burning,REAL,BHUVAN_AGRICULTURAL_CYCLE,UNVERIFIED,REAL,False,True,14.3,14.3,0.0,310.3,310.3,0.0,9574.590122238928,951556.6,0.0,4200.0,1029812.2,1014843.9,4,0.6333,8.67,1.0,2.296,0.2
63e3fb96-f3aa-42f3-b0fe-9c40e136b9b2,cb5a4ec4-2b04-47cb-9f8d-8b682283afa3,EVT-REAL-2026-01345,27.80073,81.04397,Uttar Pradesh,Sonbhadra,,,2026-01-07,TEST,Sonbhadra,GENERAL_INDIAN_TERRITORY,Agricultural Burning,REAL,BHUVAN_AGRICULTURAL_CYCLE,UNVERIFIED,REAL,False,True,8.84,8.84,0.0,350.98,350.98,0.0,16594.876411141016,432128.2,474949.5,4200.0,435920.8,425447.2,0,0.5,3.78,1.0,2.053,0.2
0ddeddd8-e88f-47d1-9e8a-e90d7e0d2e65,86a9ec03-80d7-46b3-9833-44bb4e7682c9,EVT-REAL-2026-01346,27.76907,80.71132,Uttar Pradesh,Sonbhadra,,,2026-01-07,TEST,Sonbhadra,GENERAL_INDIAN_TERRITORY,Agricultural Burning,REAL,BHUVAN_AGRICULTURAL_CYCLE,UNVERIFIED,REAL,False,True,9.22,9.22,0.0,333.32,333.32,0.0,16701.962042599793,428729.9,448826.1,4200.0,447285.2,435416.5,0,0.6667,5.11,1.0,2.748,0.2
b9280839-0acc-45a3-8b70-5f58c90903f2,9d92ae0c-c6ab-467a-80b3-8a2148020d59,EVT-REAL-2026-01347,22.8022,86.0557,Jharkhand,Dhanbad,13950d8a-4759-47b3-b8c6-176d22146aa3,Clay Building Materials (Brickyard / Brickworks / Kiln) (Way #1036096932),2026-01-07,TEST,13950d8a-4759-47b3-b8c6-176d22146aa3,EASTERN_COAL_BELT,Uncertain,UNKNOWN,LOW_CONFIDENCE_HOTSPOT,UNVERIFIED,REAL,False,True,39.5,39.5,0.0,306.5,306.5,0.0,1947.6039288480968,83420.4,1212321.8,4200.0,327816.6,349631.6,0,1.0,34.22,1.0,8.961,0.95
c9614ac9-edec-43a6-bfac-69e44f5cd27b,b6a84283-0a62-412c-9ab8-646d36452a2a,EVT-REAL-2026-01348,23.6721,87.3676,Jharkhand,Dhanbad,,,2026-01-07,TEST,Dhanbad,EASTERN_COAL_BELT,Mining Activity,REAL,IBM_MINING_GROUND_TRUTH,UNVERIFIED,REAL,False,True,32.0,32.0,0.0,308.5,308.5,0.0,4250.044974330119,194143.6,1256159.0,4200.0,435938.4,475850.3,0,0.3,2.44,1.0,8.159,0.65
db1e28e3-04d0-41d4-bc5f-15c97b1d22ef,423b143e-c0cf-4aff-97eb-1e78e2263ce6,EVT-REAL-2026-01349,11.96615,76.57193,Tamil Nadu,Chennai,,,2026-01-07,TEST,Chennai,GENERAL_INDIAN_TERRITORY,Other Thermal Source,REAL,BACKGROUND_THERMAL_SOURCE,UNVERIFIED,REAL,False,True,28.53,26.34,2.195449840010015,356.94,354.28,2.660000000000025,11272.21401023669,1352716.2,1985826.2,4200.0,1480708.3,1306594.5,0,0.4,14.89,1.0,4.279,0.2
c24e108b-baed-4c00-a79c-ddc84d79e1cb,caf3d4c5-c520-4cff-9bad-7cbd4d9331e1,EVT-REAL-2026-01350,21.39342,70.58638,Gujarat,Jamnagar,,,2026-01-07,TEST,Jamnagar,WESTERN_PETROCHEMICAL,Uncertain,UNKNOWN,LOW_CONFIDENCE_HOTSPOT,UNVERIFIED,REAL,False,True,25.11,25.11,0.0,345.12,345.12,0.0,5792.01278801848,1076628.2,1009631.0,4200.0,1286211.7,1237360.9,0,0.6,5.11,1.0,3.67,0.65
89716579-71d9-416c-a989-9f93171f4695,b63bd4ea-564e-4acd-b936-d5325de2465d,EVT-REAL-2026-01351,12.6904,76.6154,Tamil Nadu,Chennai,,,2026-01-07,TEST,Chennai,GENERAL_INDIAN_TERRITORY,Uncertain,UNKNOWN,LOW_CONFIDENCE_HOTSPOT,UNVERIFIED,REAL,False,True,29.8,29.8,0.0,332.6,332.6,0.0,11070.750429295387,1275503.4,1905663.4,4200.0,1406702.7,1234166.2,0,1.0,17.78,1.0,4.515,0.2
d7d34788-f382-454a-b792-8a64324940b2,71825540-8fc1-4ef4-9963-9dec6cf013ac,EVT-REAL-2026-01352,21.0947,72.8468,Gujarat,Jamnagar,898d5882-3759-40c6-b2da-c11a7fc46b65,GIDC,2026-01-08,TEST,898d5882-3759-40c6-b2da-c11a7fc46b65,WESTERN_PETROCHEMICAL,Gas Flare,WEAKLY_LABELED,FACILITY_THERMAL_BASE,UNVERIFIED,REAL,False,True,108.0,108.0,0.0,363.5,363.5,0.0,1206.7606093318739,861560.5,984877.2,4200.0,1071353.8,1009650.2,0,1.0,35.33,1.0,14.862,0.95
f1119cf6-8961-46a0-9246-3d80318d0388,efcf6825-670a-4466-8b36-4dcf0e6c99c4,EVT-REAL-2026-01353,21.8904,84.92809,Odisha,Angul,,,2026-01-08,TEST,Angul,EASTERN_COAL_BELT,Uncertain,UNKNOWN,LOW_CONFIDENCE_HOTSPOT,UNVERIFIED,REAL,False,True,27.09,27.09,0.0,344.25,344.25,0.0,4778.438623167378,121105.5,1203638.3,4200.0,295270.6,236376.7,0,1.0,23.56,1.0,4.377,0.65
b610a2f8-40bb-4e31-8303-ec81cd1bcc44,2c26f32b-e320-4307-a796-fec8f18984a5,EVT-REAL-2026-01354,31.29148,75.80817,Punjab,Sangrur,,,2026-01-08,TEST,Sangrur,NORTHERN_AGRICULTURE,Agricultural Burning,REAL,BHUVAN_AGRICULTURAL_CYCLE,UNVERIFIED,REAL,False,True,8.05,8.05,0.0,339.48,339.48,0.0,4104.110930806705,955573.5,0.0,4200.0,1044752.6,1028886.0,4,1.0,19.78,1.0,1.239,0.65
75027b6c-3fd7-49c9-8bd6-635af5f79573,afcdeb6c-a9ef-4673-a923-0c3635d336d3,EVT-REAL-2026-01355,19.5142,82.7595,Chhattisgarh,Korba,,,2026-01-08,TEST,Korba,EASTERN_COAL_BELT,Uncertain,UNKNOWN,LOW_CONFIDENCE_HOTSPOT,UNVERIFIED,REAL,False,True,28.9,28.9,0.0,319.2,319.2,0.0,14288.475110779555,406272.9,1298257.8,4200.0,491181.0,308543.4,0,0.9333,8.22,1.0,6.902,0.2
cb3dee87-1261-42bf-a38b-cfd554bb3404,50ded92d-083a-4483-aa89-4000040e4e06,EVT-REAL-2026-01356,21.9776,84.2939,Chhattisgarh,Korba,,,2026-01-08,TEST,Korba,EASTERN_COAL_BELT,Uncertain,UNKNOWN,LOW_CONFIDENCE_HOTSPOT,UNVERIFIED,REAL,False,True,42.8,42.8,0.0,334.7,334.7,0.0,6891.195528971806,186526.7,1154198.1,4200.0,250399.2,170275.5,0,1.0,31.11,1.0,5.976,0.65
efde55f2-959e-4cc5-b2c2-d83e5087deb3,23f3768f-8523-468f-91c7-3f2d03c4c5c1,EVT-REAL-2026-01357,21.7703,84.9036,Odisha,Angul,,,2026-01-08,TEST,Angul,EASTERN_COAL_BELT,Uncertain,UNKNOWN,LOW_CONFIDENCE_HOTSPOT,UNVERIFIED,REAL,False,True,45.0,45.0,0.0,337.5,337.5,0.0,3994.5250229543035,123739.6,1212089.0,4200.0,304173.7,236928.8,0,1.0,29.56,1.0,7.705,0.65
46003c46-346a-4de8-a795-1f2a1225e7ee,b1a3b7ac-e366-4238-9b53-a67823bdc915,EVT-REAL-2026-01358,21.6393,81.7479,Madhya Pradesh,Singrauli,,,2026-01-08,TEST,Singrauli,EASTERN_COAL_BELT,Uncertain,UNKNOWN,LOW_CONFIDENCE_HOTSPOT,UNVERIFIED,REAL,False,True,23.7,23.7,0.0,315.7,315.7,0.0,7387.127841607342,212317.0,1040732.9,4200.0,277753.2,108219.8,0,1.0,37.11,1.0,4.98,0.65
a1a9e2d5-d15e-4a5a-b1cf-b615600b2ad4,03f4bae4-81aa-41db-b33e-5eb176bb492a,EVT-REAL-2026-01359,22.01999,84.00464,Chhattisgarh,Korba,,,2026-01-09,TEST,Korba,EASTERN_COAL_BELT,Other Thermal Source,REAL,BACKGROUND_THERMAL_SOURCE,UNVERIFIED,REAL,False,True,48.08,48.08,0.0,367.0,345.78,21.220000000000027,12754.361456826182,216334.3,1131928.0,4200.0,232993.2,140104.6,0,1.0,23.11,1.0,8.466,0.2
823d0fc1-7685-42a0-87f1-893a9e8c8190,f448c7e5-be3f-45f4-8fba-e048a5fa430f,EVT-REAL-2026-01360,22.05725,84.2004,Chhattisgarh,Korba,,,2026-01-09,TEST,Korba,EASTERN_COAL_BELT,Other Thermal Source,REAL,BACKGROUND_THERMAL_SOURCE,UNVERIFIED,REAL,False,True,215.97,91.41,73.13214067699646,348.55,333.11,15.439999999999998,7575.473773352446,196083.3,1141271.2,4200.0,238037.0,159088.9,0,0.6333,18.67,1.0,23.589,0.65
ef20c983-7ae3-4bf1-99d7-589d5890fed5,0d52cf04-b8a2-4a4d-baaf-51e014a1c8fb,EVT-REAL-2026-01361,20.0264,85.59761,Odisha,Angul,,,2026-01-09,TEST,Angul,EASTERN_COAL_BELT,Other Thermal Source,REAL,BACKGROUND_THERMAL_SOURCE,UNVERIFIED,REAL,False,True,64.82,61.22,3.594440151122286,343.04,342.83,0.21000000000003638,5642.445379239597,160827.9,1407831.8,4200.0,505217.6,393911.4,0,1.0,25.11,1.0,12.13,0.65
9506d761-c636-4462-9c26-e2b692d01606,405a6d6f-a57c-40ad-a686-cb707441aaa0,EVT-REAL-2026-01362,22.18315,72.00579,Gujarat,Jamnagar,,,2026-01-09,TEST,Jamnagar,WESTERN_PETROCHEMICAL,Other Thermal Source,REAL,BACKGROUND_THERMAL_SOURCE,UNVERIFIED,REAL,False,True,48.07,40.79,7.280109889280518,367.0,360.76,6.240000000000009,12092.97845341624,914195.5,882628.8,4200.0,1122965.4,1083506.1,0,0.7,9.11,1.0,6.747,0.2
da6b75ab-d974-42e6-a092-ec3cd8474c47,3407aed5-c578-4cc9-87df-f78cc4487237,EVT-REAL-2026-01363,22.18695,72.01122,Gujarat,Jamnagar,,,2026-01-09,TEST,Jamnagar,WESTERN_PETROCHEMICAL,Uncertain,UNKNOWN,LOW_CONFIDENCE_HOTSPOT,UNVERIFIED,REAL,False,True,26.76,26.76,0.0,338.86,338.86,0.0,12765.380413978084,913566.3,882085.7,4200.0,1122329.5,1082922.4,0,0.7333,9.56,1.0,3.771,0.2
a1c00f6d-ab73-417e-8781-d86c4b60889c,48953d76-7824-4974-aa72-b1407e1a7b88,EVT-REAL-2026-01364,20.96966,85.75751,Odisha,Angul,,,2026-01-09,TEST,Angul,EASTERN_COAL_BELT,Uncertain,UNKNOWN,LOW_CONFIDENCE_HOTSPOT,UNVERIFIED,REAL,False,True,29.17,29.17,0.0,349.71,349.71,0.0,15866.927504101004,59456.6,1336998.8,4200.0,428615.5,350987.7,0,0.4,4.89,1.0,3.954,0.2
513d0834-a01e-457c-93f7-e7bec3626d14,c03c1568-a03b-4d27-bbdd-53d647bea10e,EVT-REAL-2026-01365,21.68987,84.3686,Chhattisgarh,Korba,,,2026-01-09,TEST,Korba,EASTERN_COAL_BELT,Uncertain,UNKNOWN,LOW_CONFIDENCE_HOTSPOT,UNVERIFIED,REAL,False,True,32.2,32.2,0.0,332.59,332.59,0.0,28814.60747286242,179170.5,1183914.0,4200.0,282138.6,187003.0,0,1.0,34.22,1.0,3.848,0.2
11033003-2cd8-4819-b522-c210cabc99a3,d9aee9c4-0c0d-43f4-b77a-7ff7859c1e70,EVT-REAL-2026-01366,21.69293,84.3635,Chhattisgarh,Korba,,,2026-01-09,TEST,Korba,EASTERN_COAL_BELT,Uncertain,UNKNOWN,LOW_CONFIDENCE_HOTSPOT,UNVERIFIED,REAL,False,True,51.55,51.55,0.0,346.97,346.97,0.0,28187.441406205406,179694.4,1183321.1,4200.0,281595.9,186387.8,0,1.0,34.67,1.0,6.22,0.2
73bb3f3c-b833-4132-84af-b34ffa86d85c,47958ad4-6274-4c2f-a7b8-e6280efc967d,EVT-REAL-2026-01367,23.77726,86.20372,Jharkhand,Dhanbad,3d267731-70ef-4957-bee7-f5b6da0dc53d,Designated Industrial Park / Estate (Way #825940046),2026-01-09,TEST,3d267731-70ef-4957-bee7-f5b6da0dc53d,EASTERN_COAL_BELT,Other Thermal Source,REAL,BACKGROUND_THERMAL_SOURCE,UNVERIFIED,REAL,False,True,30.0,22.12,6.592419889539804,354.42,316.84,37.58000000000004,1694.1815583625555,191266.0,1154132.1,4200.0,316712.8,356631.5,0,1.0,3724.0,0.8,9.173,0.95
c74d5bd5-60af-48db-9d04-1f1b341e332a,ce195e90-0d27-4503-8340-602b98557218,EVT-REAL-2026-01368,21.7859,84.16269,Chhattisgarh,Korba,,,2026-01-09,TEST,Korba,EASTERN_COAL_BELT,Other Thermal Source,REAL,BACKGROUND_THERMAL_SOURCE,UNVERIFIED,REAL,False,True,46.92,44.2,3.850973902793941,367.0,357.44,9.560000000000002,5962.906070898918,200344.4,1162411.4,4200.0,263299.2,163301.8,0,1.0,40.67,1.0,5.971,0.65
6a7be7f3-e386-401c-a93f-6f6958dd1f15,77ae36d9-a01c-4b60-81d6-47dbfe1f8a43,EVT-REAL-2026-01369,27.98664,80.31583,Uttar Pradesh,Sonbhadra,,,2026-01-09,TEST,Sonbhadra,GENERAL_INDIAN_TERRITORY,Agricultural Burning,REAL,BHUVAN_AGRICULTURAL_CYCLE,UNVERIFIED,REAL,False,True,14.31,14.31,0.0,343.94,343.94,0.0,18932.60529666749,455336.5,403027.2,4200.0,487560.8,474769.6,0,1.0,15.56,1.0,3.328,0.2
f2b1fc2b-8b99-4914-8517-58304dc5a49b,f7720b02-666a-4e2d-a8e9-8177cbb7fd3b,EVT-REAL-2026-01370,21.7263,84.1851,Chhattisgarh,Korba,,,2026-01-09,TEST,Korba,EASTERN_COAL_BELT,Other Thermal Source,REAL,BACKGROUND_THERMAL_SOURCE,UNVERIFIED,REAL,False,True,51.5,40.65,10.849884792015075,325.1,320.85,4.25,12777.49422180903,198108.8,1169047.3,4200.0,270268.9,167886.7,0,1.0,34.44,1.0,8.223,0.2
6f242809-4dae-47be-99ab-fd35d255142e,5e014129-ebb2-4cc1-996f-dfcd4ee5ec75,EVT-REAL-2026-01371,21.8109,84.1528,Chhattisgarh,Korba,,,2026-01-09,TEST,Korba,EASTERN_COAL_BELT,Uncertain,UNKNOWN,LOW_CONFIDENCE_HOTSPOT,UNVERIFIED,REAL,False,True,27.2,27.2,0.0,315.9,315.9,0.0,3042.4358926473037,201332.2,1159598.3,4200.0,260355.4,161382.9,0,1.0,41.33,1.0,4.186,0.65
0c50f55d-6187-488c-b536-92dee50f4de0,c7255740-eae3-4c9d-9271-9a9cc81552a3,EVT-REAL-2026-01372,21.7302,84.2012,Chhattisgarh,Korba,,,2026-01-09,TEST,Korba,EASTERN_COAL_BELT,Uncertain,UNKNOWN,LOW_CONFIDENCE_HOTSPOT,UNVERIFIED,REAL,False,True,48.3,48.3,0.0,323.5,323.5,0.0,13306.802182932744,196438.0,1169725.9,4200.0,270560.9,169263.2,0,1.0,57.33,1.0,5.516,0.2
89554c69-f938-424a-a6e4-5aacd508a2f2,9d5e78ac-0d4f-4f3a-b31c-649306477aff,EVT-REAL-2026-01373,20.9629,85.1639,Odisha,Angul,,,2026-01-09,TEST,Angul,EASTERN_COAL_BELT,Mining Activity,REAL,IBM_MINING_GROUND_TRUTH,UNVERIFIED,REAL,False,True,38.2,30.73,5.458937625582473,313.3,308.13,5.170000000000016,2777.414388248959,108588.8,1298255.8,4200.0,393101.1,296714.6,1,1.0,7068.0,0.6667,11.523,0.65
e4f3fe60-b0c0-45f6-aff2-e04e21cff8cf,89c74622-2730-4589-a453-56324376bbe3,EVT-REAL-2026-01374,21.9129,84.0889,Chhattisgarh,Korba,a2901f3e-22b2-4342-8689-c8306b247285,Solar Photovoltaic / Solar Thermal Power Generation (Way #1463167323),2026-01-09,TEST,a2901f3e-22b2-4342-8689-c8306b247285,EASTERN_COAL_BELT,Uncertain,UNKNOWN,LOW_CONFIDENCE_HOTSPOT,UNVERIFIED,REAL,False,True,37.4,37.4,0.0,319.7,319.7,0.0,2019.7743226358314,207791.1,1146630.2,4200.0,247347.0,151563.9,0,1.0,43.33,1.0,4.71,0.95
6a0b6e4f-15d7-42cd-b0ea-7842d90b682c,20c86f21-9cc5-47cb-b16e-e7b293e6dbea,EVT-REAL-2026-01375,26.8549,81.8425,Madhya Pradesh,Singrauli,,,2026-01-09,TEST,Singrauli,EASTERN_COAL_BELT,Uncertain,UNKNOWN,LOW_CONFIDENCE_HOTSPOT,UNVERIFIED,REAL,False,True,8.9,8.9,0.0,301.7,301.7,0.0,4218.425400475411,332724.7,598356.0,4200.0,309454.2,301158.7,0,0.2,1.56,1.0,2.541,0.65
398c2293-cbd9-4043-bb37-618f73a4e373,52f81f66-a0d3-4e7b-90ee-02962ce24bc5,EVT-REAL-2026-01376,27.5154,81.0968,Uttar Pradesh,Sonbhadra,,,2026-01-09,TEST,Sonbhadra,GENERAL_INDIAN_TERRITORY,Agricultural Burning,REAL,BHUVAN_AGRICULTURAL_CYCLE,UNVERIFIED,REAL,False,True,9.5,9.5,0.0,303.1,303.1,0.0,10568.264387618241,400511.3,496037.2,4200.0,405021.2,394177.9,0,0.3333,3.78,1.0,2.343,0.2
ccf7302e-3e06-4406-9eb4-e89c45b8513c,fe7c6254-6d43-4059-a540-60ff04f5f04b,EVT-REAL-2026-01377,27.5457,80.9895,Uttar Pradesh,Sonbhadra,,,2026-01-09,TEST,Sonbhadra,GENERAL_INDIAN_TERRITORY,Uncertain,UNKNOWN,LOW_CONFIDENCE_HOTSPOT,UNVERIFIED,REAL,False,True,18.7,18.7,0.0,311.3,311.3,0.0,4747.191519873447,403867.5,485337.6,4200.0,412671.2,401427.4,0,0.6333,4.44,1.0,3.98,0.65
95e428a8-677f-46a4-92e2-106389e8bde1,6d980177-5103-4662-93de-0fe1d9d76ab8,EVT-REAL-2026-01378,20.9654,85.17853,Odisha,Angul,,,2026-01-10,TEST,Angul,EASTERN_COAL_BELT,Other Thermal Source,REAL,BACKGROUND_THERMAL_SOURCE,UNVERIFIED,REAL,False,True,39.9,37.93,1.489966442575134,307.5,307.2,0.30000000000001137,3408.7747903963814,107105.6,1298990.1,4200.0,393683.2,297888.7,1,1.0,6460.0,1.0,11.364,0.65
72a0bb84-e9b5-4adf-95ce-f4cc67c4a13e,964782f9-f391-435e-bb17-dcd0d080ee9b,EVT-REAL-2026-01379,20.9736,85.1708,Odisha,Angul,,,2026-01-10,TEST,Angul,EASTERN_COAL_BELT,Mining Activity,REAL,IBM_MINING_GROUND_TRUTH,UNVERIFIED,REAL,False,True,25.2,25.2,0.0,303.0,303.0,0.0,4163.21482174091,107418.9,1297779.0,4200.0,392485.5,296737.6,1,1.0,7056.44,1.0,7.362,0.65
b2e1f50a-c0f5-407c-90cb-defe83a6a05d,39949d1b-c73c-49d8-b6fb-29ed73789396,EVT-REAL-2026-01380,20.95754,86.23351,Odisha,Angul,,,2026-01-10,TEST,Angul,EASTERN_COAL_BELT,Other Thermal Source,REAL,BACKGROUND_THERMAL_SOURCE,UNVERIFIED,REAL,False,True,30.13,30.13,0.0,351.76,347.9,3.8600000000000136,7249.356627339833,49007.1,1370588.9,4200.0,462382.6,396766.3,0,0.8,9.33,1.0,4.822,0.65
ab0d73a1-add9-4a40-af85-f54f99572279,d7644046-bfdc-449b-8de3-44d24be692de,EVT-REAL-2026-01381,20.95473,86.22997,Odisha,Angul,,,2026-01-10,TEST,Angul,EASTERN_COAL_BELT,Uncertain,UNKNOWN,LOW_CONFIDENCE_HOTSPOT,UNVERIFIED,REAL,False,True,30.13,30.13,0.0,337.1,337.1,0.0,6805.059832739668,49317.9,1370575.3,4200.0,462354.0,396546.6,0,0.7,8.22,1.0,4.777,0.65
7c027e13-440c-4398-b574-31200a7e3aef,d0263e2c-fa16-47ae-9c23-5bfac56e8707,EVT-REAL-2026-01382,27.4416,80.64462,Uttar Pradesh,Sonbhadra,,,2026-01-10,TEST,Sonbhadra,GENERAL_INDIAN_TERRITORY,Agricultural Burning,REAL,BHUVAN_AGRICULTURAL_CYCLE,UNVERIFIED,REAL,False,True,8.69,8.69,0.0,367.0,367.0,0.0,13241.031160790331,392659.6,464119.7,4200.0,419110.3,406223.4,0,0.4333,2.89,1.0,2.064,0.2
1097aec4-b0a3-4660-8c0d-a580f82297b2,ae8f8af6-1345-4df1-b8cc-3ef8f79df3a5,EVT-REAL-2026-01383,27.91704,80.15075,Uttar Pradesh,Sonbhadra,,,2026-01-10,TEST,Sonbhadra,GENERAL_INDIAN_TERRITORY,Agricultural Burning,REAL,BHUVAN_AGRICULTURAL_CYCLE,UNVERIFIED,REAL,False,True,12.75,12.75,0.0,331.35,331.35,0.0,13668.950591814846,449761.3,393778.1,4200.0,489715.9,476247.7,0,1.0,11.11,1.0,3.33,0.2
d239eeed-e687-4150-bfb6-4c754b3ad4ce,9df1229a-d0e1-46f0-b884-3b6c94e16360,EVT-REAL-2026-01384,27.96874,78.86494,Uttar Pradesh,Sonbhadra,,,2026-01-10,TEST,Sonbhadra,GENERAL_INDIAN_TERRITORY,Uncertain,UNKNOWN,LOW_CONFIDENCE_HOTSPOT,UNVERIFIED,REAL,False,True,8.18,8.18,0.0,330.69,330.69,0.0,6677.524485811553,490648.1,293843.6,4200.0,573776.1,557241.9,0,0.7,7.78,1.0,1.524,0.65
134a1be7-7c0b-4977-bc6f-c42c9d6952b7,333a219b-1ec1-4399-88c0-cf598002f6e8,EVT-REAL-2026-01385,25.53488,80.58201,Madhya Pradesh,Singrauli,,,2026-01-10,TEST,Singrauli,EASTERN_COAL_BELT,Forest Fire,REAL,FSI_FOREST_CANOPY,UNVERIFIED,REAL,False,True,12.43,12.43,0.0,334.47,334.47,0.0,16663.379716217696,182431.7,610704.9,4200.0,268516.1,248943.4,0,0.1333,1.56,1.0,2.23,0.2
afabd43b-5382-40eb-8dcb-dc1f91b67eb8,18a4e5a2-92ea-430a-a2e8-5df5e00448ce,EVT-REAL-2026-01386,27.46476,80.05402,Uttar Pradesh,Sonbhadra,,,2026-01-10,TEST,Sonbhadra,GENERAL_INDIAN_TERRITORY,Uncertain,UNKNOWN,LOW_CONFIDENCE_HOTSPOT,UNVERIFIED,REAL,False,True,11.48,11.48,0.0,331.51,331.51,0.0,2732.255298295187,401949.6,417079.3,4200.0,454507.0,439677.4,0,0.4333,4.22,1.0,2.378,0.65
c72e9a56-299a-4db7-93ed-c14618c5016d,794ae307-85de-42f7-9e79-86efa3875a84,EVT-REAL-2026-01387,20.9458,86.21945,Odisha,Angul,,,2026-01-10,TEST,Angul,EASTERN_COAL_BELT,Other Thermal Source,REAL,BACKGROUND_THERMAL_SOURCE,UNVERIFIED,REAL,False,True,38.9,33.15,5.749782604586021,317.4,315.45,1.9499999999999886,5511.007685560428,50305.6,1370583.6,4200.0,462318.3,395921.2,0,0.6,8.22,1.0,6.434,0.65
79386c10-5d44-4181-859a-b93aafd7d8da,0db52cef-b57d-4669-8306-4ea77dcdd279,EVT-REAL-2026-01388,20.53995,86.4238,Odisha,Angul,,,2026-01-10,TEST,Angul,EASTERN_COAL_BELT,Other Thermal Source,REAL,BACKGROUND_THERMAL_SOURCE,UNVERIFIED,REAL,False,True,25.3,25.25,0.0,314.4,314.2,0.19999999999998863,29460.867601089416,95245.9,1418354.4,4200.0,509829.8,434291.8,0,1.0,38.0,1.0,3.969,0.2
a8d7a39c-e2fd-432a-a0c2-ce1d9f795bda,aa99554c-c98f-41d4-b8b5-807570b296ef,EVT-REAL-2026-01389,20.9495,86.2374,Odisha,Angul,,,2026-01-10,TEST,Angul,EASTERN_COAL_BELT,Uncertain,UNKNOWN,LOW_CONFIDENCE_HOTSPOT,UNVERIFIED,REAL,False,True,33.3,33.3,0.0,315.7,315.7,0.0,7418.607585851933,49897.6,1371522.1,4200.0,463306.2,397483.0,0,0.6333,7.78,1.0,4.857,0.65
be44ff0e-8c37-4c7e-8b80-29b42cc9cff6,07f73150-edc0-47fa-80b0-4fd9c935a470,EVT-REAL-2026-01390,21.1647,86.043,Odisha,Angul,,,2026-01-10,TEST,Angul,EASTERN_COAL_BELT,Uncertain,UNKNOWN,LOW_CONFIDENCE_HOTSPOT,UNVERIFIED,REAL,False,True,46.8,46.8,0.0,319.7,319.7,0.0,13499.004410104973,26715.6,1340294.3,4200.0,432123.3,369917.8,0,0.4333,8.67,1.0,5.516,0.2
57b385a2-1154-49f4-88d1-70d2edeb160e,96139861-10be-4486-bc50-02c330920928,EVT-REAL-2026-01391,21.8416,70.6682,Gujarat,Jamnagar,afcd4e11-2db8-403f-9470-7249c49bb7a3,Designated Industrial Park / Estate (Way #882268163),2026-01-11,TEST,afcd4e11-2db8-403f-9470-7249c49bb7a3,WESTERN_PETROCHEMICAL,Industrial Fire,REAL,OSM_FACILITY_GROUND_TRUTH,UNVERIFIED,REAL,False,True,28.2,28.2,0.0,317.9,317.9,0.0,2107.499628941412,1057058.0,960196.1,4200.0,1265992.3,1223973.0,0,0.4,3.33,1.0,5.408,0.95
74d797e8-1547-42c3-8311-22f59e2a7631,8fad59f0-5ec1-4164-b64e-986b77d9131b,EVT-REAL-2026-01392,21.70955,84.34882,Chhattisgarh,Korba,,,2026-01-11,TEST,Korba,EASTERN_COAL_BELT,Uncertain,UNKNOWN,LOW_CONFIDENCE_HOTSPOT,UNVERIFIED,REAL,False,True,41.15,41.15,0.0,350.0,350.0,0.0,25908.689954766694,181192.7,1180935.5,4200.0,279265.4,184304.6,0,1.0,31.33,1.0,4.975,0.2
8dddd4cd-06d3-4458-b544-46ef2eb483cf,9796cd2e-ce64-4f91-9c10-8707ed7a2e3a,EVT-REAL-2026-01393,21.71008,84.34922,Chhattisgarh,Korba,,,2026-01-11,TEST,Korba,EASTERN_COAL_BELT,Other Thermal Source,REAL,BACKGROUND_THERMAL_SOURCE,UNVERIFIED,REAL,False,True,43.95,40.49,3.459768778401239,352.15,350.06,2.089999999999975,25912.3088726364,181150.6,1180915.0,4200.0,279232.0,184322.1,0,1.0,30.22,1.0,5.382,0.2
3b5ae645-c56a-4f65-9e23-9caf42aa7e1a,ab5c02a4-873f-4b24-a6f6-50d54491e85a,EVT-REAL-2026-01394,21.89946,84.14377,Chhattisgarh,Korba,,,2026-01-11,TEST,Korba,EASTERN_COAL_BELT,Other Thermal Source,REAL,BACKGROUND_THERMAL_SOURCE,UNVERIFIED,REAL,False,True,36.41,33.16,3.249615361854384,367.0,358.87,8.129999999999995,4824.123727732243,202141.1,1151298.1,4200.0,251055.0,157422.2,0,1.0,29.78,1.0,5.827,0.65
7a8867a4-04ec-4f5d-ad79-a094ba5b7c17,339b5642-d9c2-4a21-a1b4-a458ce6e5993,EVT-REAL-2026-01395,21.01527,86.20721,Odisha,Angul,,,2026-01-11,TEST,Angul,EASTERN_COAL_BELT,Other Thermal Source,REAL,BACKGROUND_THERMAL_SOURCE,UNVERIFIED,REAL,False,True,38.64,35.82,2.819574435974337,342.23,340.48,1.75,9625.591749138766,42612.8,1364004.4,4200.0,455876.3,391811.5,0,0.6333,9.78,1.0,6.392,0.2
910488a1-89c3-4967-9f04-c0f99ccfa7e3,fe7fca6b-cfc1-4371-811f-e572a6ed636a,EVT-REAL-2026-01396,21.67329,85.59816,Odisha,Angul,,,2026-01-11,TEST,Angul,EASTERN_COAL_BELT,Uncertain,UNKNOWN,LOW_CONFIDENCE_HOTSPOT,UNVERIFIED,REAL,False,True,27.78,27.78,0.0,352.15,352.15,0.0,25154.59649070004,51938.8,1267590.5,4200.0,359625.6,309243.8,0,0.9,8.67,1.0,7.929,0.2
3b4c47d1-4001-4d38-87c0-03bdf632b739,326ab350-53e8-4fb1-9cc6-f6fc44c3ffd3,EVT-REAL-2026-01397,21.62532,84.30616,Chhattisgarh,Korba,,,2026-01-11,TEST,Korba,EASTERN_COAL_BELT,Other Thermal Source,REAL,BACKGROUND_THERMAL_SOURCE,UNVERIFIED,REAL,False,True,183.23,106.71,76.51503120302573,367.0,350.35,16.649999999999977,20787.936326460625,185714.3,1185560.0,4200.0,285674.7,183827.5,0,1.0,31.11,1.0,28.846,0.2
8c2a1dec-5002-42f1-b6ac-fa94a56763d6,4f6099f0-efb2-44cd-84d9-b3e3fe573968,EVT-REAL-2026-01398,21.71074,84.35446,Chhattisgarh,Korba,,,2026-01-11,TEST,Korba,EASTERN_COAL_BELT,Other Thermal Source,REAL,BACKGROUND_THERMAL_SOURCE,UNVERIFIED,REAL,False,True,66.36,51.7,14.664924138910505,367.0,367.0,0.0,26334.34427667452,180607.6,1181193.4,4200.0,279414.4,184802.0,0,1.0,29.78,1.0,8.096,0.2
b5d3b1b7-e96f-4b3d-820b-6e27e09dcf32,da109c53-fde2-4e16-8d11-61f76c87de44,EVT-REAL-2026-01399,22.12758,72.1853,Gujarat,Jamnagar,,,2026-01-11,TEST,Jamnagar,WESTERN_PETROCHEMICAL,Other Thermal Source,REAL,BACKGROUND_THERMAL_SOURCE,UNVERIFIED,REAL,False,True,26.4,26.4,0.0,334.25,318.25,16.0,5897.674520831804,897216.2,884343.2,4200.0,1106192.1,1065405.1,0,0.8333,10.44,1.0,4.126,0.65
8644ce07-8b81-4aa4-934f-6b7a322df542,ee1fdf2a-723f-4fa6-86cd-8f301b4d3030,EVT-REAL-2026-01400,27.8944,78.76672,Uttar Pradesh,Sonbhadra,b3fe168a-d22e-442b-a0b2-c8bea24b3c85,Designated Industrial Park / Estate (Way #1077028161),2026-01-11,TEST,b3fe168a-d22e-442b-a0b2-c8bea24b3c85,GENERAL_INDIAN_TERRITORY,Industrial Fire,REAL,OSM_FACILITY_GROUND_TRUTH,UNVERIFIED,REAL,False,True,8.07,8.07,0.0,334.37,334.37,0.0,2132.1412283802447,487146.6,293599.9,4200.0,574753.8,557882.8,0,0.1,0.67,1.0,3.381,0.95
33fba2c4-4935-40d9-8ccd-af586c20f214,8c4e5772-7472-4541-acaa-a51e848f0389,EVT-REAL-2026-01401,27.47972,81.90037,Uttar Pradesh,Sonbhadra,,,2026-01-11,TEST,Sonbhadra,GENERAL_INDIAN_TERRITORY,Agricultural Burning,REAL,BHUVAN_AGRICULTURAL_CYCLE,UNVERIFIED,REAL,False,True,20.52,20.52,0.0,367.0,367.0,0.0,10539.528299043177,401908.5,565949.3,4200.0,374367.5,367498.3,0,0.5,4.0,1.0,6.572,0.2
b7a7a003-20d2-4ad2-9d92-4e30ae6d5f48,16e1f2c8-124e-4ce5-a603-f8dc8ba0b396,EVT-REAL-2026-01402,25.94813,81.76658,Madhya Pradesh,Singrauli,,,2026-01-11,TEST,Singrauli,EASTERN_COAL_BELT,Uncertain,UNKNOWN,LOW_CONFIDENCE_HOTSPOT,UNVERIFIED,REAL,False,True,8.45,8.45,0.0,326.15,326.15,0.0,27489.79438140057,232797.5,656180.1,4200.0,219927.9,208276.5,0,0.2667,4.0,1.0,2.103,0.2
9b3abd42-4a13-4584-b477-4a967ee94410,7a09a14c-06d3-458c-81a7-6140783fd9e6,EVT-REAL-2026-01403,22.8176,86.049,Jharkhand,Dhanbad,e02c7a22-f893-4d95-8ce6-4c64527253f8,Mahadev Prasad Super Thermal Power Plant,2026-01-11,TEST,e02c7a22-f893-4d95-8ce6-4c64527253f8,EASTERN_COAL_BELT,Uncertain,UNKNOWN,LOW_CONFIDENCE_HOTSPOT,UNVERIFIED,REAL,False,True,26.1,26.1,0.0,325.5,325.5,0.0,2467.967126025213,85163.1,1210664.3,4200.0,326510.6,349139.7,0,1.0,29.33,1.0,4.874,0.95
f7359903-214a-4747-8462-82709887292d,13e454f6-45c4-4158-a7b3-853d2689892f,EVT-REAL-2026-01404,22.21555,81.9284,Madhya Pradesh,Singrauli,,,2026-01-11,TEST,Singrauli,EASTERN_COAL_BELT,Other Thermal Source,REAL,BACKGROUND_THERMAL_SOURCE,UNVERIFIED,REAL,False,True,22.6,21.75,0.848528137423857,328.0,327.4,0.6000000000000227,20444.258981887928,158367.1,993714.0,4200.0,211824.9,61691.7,0,1.0,15.56,1.0,6.05,0.2
9dd0ff4c-f6e5-45a4-acd1-175af050c492,95636952-f29b-47f2-9c7e-bcf7cdf3e6ed,EVT-REAL-2026-01405,26.6394,79.4749,Madhya Pradesh,Singrauli,03245e5d-562c-48f1-ab14-5f29ea6b899c,Designated Industrial Park / Estate (Way #174037452),2026-01-11,TEST,03245e5d-562c-48f1-ab14-5f29ea6b899c,EASTERN_COAL_BELT,Uncertain,UNKNOWN,LOW_CONFIDENCE_HOTSPOT,UNVERIFIED,REAL,False,True,11.3,11.3,0.0,310.4,310.4,0.0,1652.4859779215683,331510.9,446562.8,4200.0,429995.8,411552.4,0,1.0,755.56,1.0,3.92,0.95
d7894286-8da6-4508-8df5-6c69b6cf9819,91bee052-74bc-4a41-b7a3-fce27910008c,EVT-REAL-2026-01406,27.643,80.8583,Uttar Pradesh,Sonbhadra,,,2026-01-11,TEST,Sonbhadra,GENERAL_INDIAN_TERRITORY,Agricultural Burning,REAL,BHUVAN_AGRICULTURAL_CYCLE,UNVERIFIED,REAL,False,True,10.9,10.9,0.0,311.7,311.7,0.0,13474.728351783479,414658.9,468589.5,4200.0,428155.4,416584.2,0,0.6,5.78,1.0,1.969,0.2
56184954-d418-4503-aa48-88e34827a8cc,bb298772-df5b-4f3b-aa58-af972c7aa4c1,EVT-REAL-2026-01407,21.74757,84.24338,Chhattisgarh,Korba,,,2026-01-12,TEST,Korba,EASTERN_COAL_BELT,Uncertain,UNKNOWN,LOW_CONFIDENCE_HOTSPOT,UNVERIFIED,REAL,False,True,26.55,26.55,0.0,345.95,345.95,0.0,14611.387302293078,192051.4,1170888.7,4200.0,270660.0,172611.9,0,1.0,42.22,1.0,2.375,0.2
90e10e26-02d4-490e-ad36-292d1b0b5848,85109ab8-8867-41ff-b94c-b392c6a4e297,EVT-REAL-2026-01408,25.84347,81.97499,Madhya Pradesh,Singrauli,,,2026-01-12,TEST,Singrauli,EASTERN_COAL_BELT,Other Thermal Source,REAL,BACKGROUND_THERMAL_SOURCE,UNVERIFIED,REAL,False,True,16.9,15.09,1.8055470085267789,340.93,340.11,0.8199999999999932,32639.019202718096,227403.3,679381.7,4200.0,200190.5,189919.4,0,0.7,7.56,1.0,3.881,0.2
624f8ecc-06fd-49d0-8df8-e7cb21a8b3b6,d976b2e3-214e-43a0-ba5c-2cd2b01f2f53,EVT-REAL-2026-01409,27.48116,80.61574,Uttar Pradesh,Sonbhadra,,,2026-01-12,TEST,Sonbhadra,GENERAL_INDIAN_TERRITORY,Agricultural Burning,REAL,BHUVAN_AGRICULTURAL_CYCLE,UNVERIFIED,REAL,False,True,11.61,11.61,0.0,339.55,339.55,0.0,11042.158992365079,397164.1,459210.0,4200.0,424339.7,411441.4,0,0.7,5.33,1.0,3.122,0.2
9147d2ff-7640-473f-a585-4c71b3cfb107,b4d0f598-4ae1-442c-aa92-41e8e8474140,EVT-REAL-2026-01410,27.42513,80.17085,Uttar Pradesh,Sonbhadra,1776ff2c-ce08-4036-94b3-32bef420c270,Designated Industrial Park / Estate (Way #454460116),2026-01-12,TEST,1776ff2c-ce08-4036-94b3-32bef420c270,GENERAL_INDIAN_TERRITORY,Industrial Fire,REAL,OSM_FACILITY_GROUND_TRUTH,UNVERIFIED,REAL,False,True,8.56,8.56,0.0,338.58,338.58,0.0,2370.0983457190105,395597.8,428689.8,4200.0,443997.9,429426.0,0,0.3667,2.44,1.0,2.134,0.95
c8437fbc-6d65-4c8d-b61f-0d36834dad0f,84e63e20-cc49-414a-b54d-81a4deb63fe3,EVT-REAL-2026-01411,22.09696,84.00286,Chhattisgarh,Korba,,,2026-01-12,TEST,Korba,EASTERN_COAL_BELT,Other Thermal Source,REAL,BACKGROUND_THERMAL_SOURCE,UNVERIFIED,REAL,False,True,35.28,35.28,0.0,340.9,340.73,0.16999999999995907,18203.808790499574,216504.2,1125114.8,4200.0,225114.6,138250.4,0,1.0,28.0,1.0,6.048,0.2
897c8112-03c6-4f89-a3ab-3da2f318bee8,6d41581c-ed32-4433-8fb4-cc1d65c42c12,EVT-REAL-2026-01412,27.00523,78.44138,Uttar Pradesh,Sonbhadra,,,2026-01-12,TEST,Sonbhadra,GENERAL_INDIAN_TERRITORY,Agricultural Burning,REAL,BHUVAN_AGRICULTURAL_CYCLE,UNVERIFIED,REAL,False,True,9.12,9.12,0.0,329.82,329.82,0.0,11854.484079171882,417832.7,358832.3,4200.0,536836.2,517628.7,0,0.2333,3.33,1.0,2.044,0.2
0a7d0089-6d7f-4f10-9f39-1c25c19c131a,893b49bd-5e3c-40e4-8322-4e5afbc653f5,EVT-REAL-2026-01413,27.87648,80.70055,Uttar Pradesh,Sonbhadra,,,2026-01-12,TEST,Sonbhadra,GENERAL_INDIAN_TERRITORY,Agricultural Burning,REAL,BHUVAN_AGRICULTURAL_CYCLE,UNVERIFIED,REAL,False,True,8.84,8.84,0.0,339.73,339.73,0.0,9294.437221719718,440653.2,441607.7,4200.0,458289.2,446610.0,0,0.6333,4.67,1.0,2.512,0.2
f92e5211-919f-47e2-8c7b-cdc0d4d08885,3fff51b4-9d35-48e6-be7e-08831be6db5c,EVT-REAL-2026-01414,27.91738,80.44267,Uttar Pradesh,Sonbhadra,,,2026-01-12,TEST,Sonbhadra,GENERAL_INDIAN_TERRITORY,Agricultural Burning,REAL,BHUVAN_AGRICULTURAL_CYCLE,UNVERIFIED,REAL,False,True,9.3,9.3,0.0,338.63,338.63,0.0,18842.811120726143,446509.7,417677.7,4200.0,474581.0,462065.6,0,0.9667,7.56,1.0,2.211,0.2
266cd544-dd2b-493a-929d-dfcaa2588aa0,db7cc6eb-91b9-4324-b73c-6fee99c59073,EVT-REAL-2026-01415,27.86809,78.94968,Uttar Pradesh,Sonbhadra,,,2026-01-12,TEST,Sonbhadra,GENERAL_INDIAN_TERRITORY,Agricultural Burning,REAL,BHUVAN_AGRICULTURAL_CYCLE,UNVERIFIED,REAL,False,True,15.33,15.33,0.0,333.85,332.67,1.1800000000000068,17753.457582623687,477093.7,307700.2,4200.0,559966.6,543388.2,0,0.6667,6.44,1.0,2.519,0.2
3ba0ad17-cb04-473d-81eb-d283e98e27ed,4a554614-c521-4475-bb05-6262963ad780,EVT-REAL-2026-01416,19.9552,82.10728,Chhattisgarh,Korba,,,2026-01-12,TEST,Korba,EASTERN_COAL_BELT,Uncertain,UNKNOWN,LOW_CONFIDENCE_HOTSPOT,UNVERIFIED,REAL,False,True,27.21,27.21,0.0,367.0,367.0,0.0,33355.45089485409,402396.0,1224634.7,4200.0,448090.8,263129.2,0,1.0,17.11,1.0,4.957,0.2
5ad169b3-c68a-4645-9bef-17a4988574a2,8e5aaf06-a161-4a96-bfc8-e66d829b8899,EVT-REAL-2026-01417,23.7724,86.3877,Jharkhand,Dhanbad,e3d5c91c-360f-4314-beed-48195da16337,Designated Industrial Park / Estate (Way #528391299),2026-01-13,TEST,e3d5c91c-360f-4314-beed-48195da16337,EASTERN_COAL_BELT,Gas Flare,WEAKLY_LABELED,FACILITY_THERMAL_BASE,UNVERIFIED,REAL,False,True,25.0,25.0,0.0,300.3,300.3,0.0,1456.5785375137757,190718.1,1169280.7,4200.0,335456.6,375318.4,0,1.0,11025.11,1.0,8.302,0.95
5133b366-5116-49e2-aa2c-e8cacf5a3398,42bb8771-baaa-4667-866e-6f91eae53123,EVT-REAL-2026-01418,26.70787,80.22132,Madhya Pradesh,Singrauli,,,2026-01-13,TEST,Singrauli,EASTERN_COAL_BELT,Uncertain,UNKNOWN,LOW_CONFIDENCE_HOTSPOT,UNVERIFIED,REAL,False,True,9.03,9.03,0.0,351.74,351.74,0.0,10020.339399151375,316458.7,487546.4,4200.0,380037.9,363606.4,0,0.6,22.0,1.0,0.579,0.2
d329c6e8-6d08-43f1-8ca4-a8a972cf0c50,24c64133-ece9-4506-bd77-23e539705c45,EVT-REAL-2026-01419,21.75296,84.51761,Odisha,Angul,,,2026-01-13,TEST,Angul,EASTERN_COAL_BELT,Uncertain,UNKNOWN,LOW_CONFIDENCE_HOTSPOT,UNVERIFIED,REAL,False,True,33.49,33.49,0.0,342.95,342.95,0.0,40359.788569251745,163679.6,1188079.2,4200.0,283481.9,199153.6,0,1.0,15.78,1.0,6.95,0.2
946e9b20-7dd8-47e8-85ae-1bd5000f9785,01bcb5c8-84ef-4059-8cef-4c5aca966587,EVT-REAL-2026-01420,19.94455,82.10213,Chhattisgarh,Korba,,,2026-01-13,TEST,Korba,EASTERN_COAL_BELT,Uncertain,UNKNOWN,LOW_CONFIDENCE_HOTSPOT,UNVERIFIED,REAL,False,True,36.94,36.94,0.0,346.44,346.44,0.0,32404.121521444173,403430.1,1225478.0,4200.0,449340.1,264380.0,0,1.0,17.56,1.0,6.092,0.2
152acb9d-e211-4b24-aa36-a4db7928558e,34f3a2f5-93b4-4534-ad29-6b8e0b400d0d,EVT-REAL-2026-01421,22.22687,81.9557,Madhya Pradesh,Singrauli,,,2026-01-13,TEST,Singrauli,EASTERN_COAL_BELT,Uncertain,UNKNOWN,LOW_CONFIDENCE_HOTSPOT,UNVERIFIED,REAL,False,True,21.04,21.04,0.0,339.07,339.07,0.0,18779.712760650018,158501.3,994039.5,4200.0,209517.2,58723.6,0,1.0,25.33,1.0,4.214,0.2
f6df3850-8a4d-452b-90eb-d54d519e4440,31ac055d-cd04-4bd8-aca5-a63c9dc066ae,EVT-REAL-2026-01422,25.90441,81.94527,Madhya Pradesh,Singrauli,,,2026-01-13,TEST,Singrauli,EASTERN_COAL_BELT,Uncertain,UNKNOWN,LOW_CONFIDENCE_HOTSPOT,UNVERIFIED,REAL,False,True,12.08,12.08,0.0,340.5,340.5,0.0,36288.790962075305,232876.0,672626.0,4200.0,207568.7,197272.4,0,0.6333,6.0,1.0,2.792,0.2
8f232618-4ada-4b20-ad8a-b9c2c053945b,58e02cb4-5abf-4f97-8885-c14ae1daa1ff,EVT-REAL-2026-01423,26.23137,81.87959,Madhya Pradesh,Singrauli,,,2026-01-13,TEST,Singrauli,EASTERN_COAL_BELT,Uncertain,UNKNOWN,LOW_CONFIDENCE_HOTSPOT,UNVERIFIED,REAL,False,True,21.99,21.99,0.0,342.35,342.35,0.0,5961.644665180198,265951.1,643764.2,4200.0,243390.3,233721.0,0,1.0,11.33,1.0,4.451,0.65
23bca6fd-1bac-4bd6-9b08-34d70b2a5f27,437058ae-1ef5-4829-80b9-7b53cc1426cd,EVT-REAL-2026-01424,26.16589,81.29344,Madhya Pradesh,Singrauli,,,2026-01-13,TEST,Singrauli,EASTERN_COAL_BELT,Uncertain,UNKNOWN,LOW_CONFIDENCE_HOTSPOT,UNVERIFIED,REAL,False,True,11.52,11.52,0.0,339.99,339.99,0.0,7559.462716635652,251038.8,605246.2,4200.0,265486.1,251550.8,0,0.4,3.33,1.0,2.678,0.65
c72f9b2c-5f05-4623-ae1d-d5e25f1cbac8,9f6f5392-11c2-4a2b-bcaf-3118e4fb2cdb,EVT-REAL-2026-01425,26.32223,80.53839,Madhya Pradesh,Singrauli,,,2026-01-13,TEST,Singrauli,EASTERN_COAL_BELT,Uncertain,UNKNOWN,LOW_CONFIDENCE_HOTSPOT,UNVERIFIED,REAL,False,True,17.68,17.68,0.0,348.8,348.8,0.0,17788.905797365343,269615.6,540418.2,4200.0,327356.4,310667.3,0,0.4333,5.78,1.0,0.686,0.2
6df43614-97ae-4924-8830-bd0da67c087f,ebb35ee8-d1ae-4acb-a3b5-ba04da6df732,EVT-REAL-2026-01426,26.95531,81.74276,Uttar Pradesh,Sonbhadra,,,2026-01-13,TEST,Sonbhadra,GENERAL_INDIAN_TERRITORY,Uncertain,UNKNOWN,LOW_CONFIDENCE_HOTSPOT,UNVERIFIED,REAL,False,True,10.32,10.32,0.0,339.28,339.28,0.0,2637.593728415706,342074.9,583839.5,4200.0,323187.3,314476.5,0,0.4667,3.78,1.0,2.791,0.65
7fe146b6-a486-415f-a45a-757665413ffc,ed2c59ab-d963-448e-9b93-2e825437e70f,EVT-REAL-2026-01427,27.94515,78.81985,Uttar Pradesh,Sonbhadra,,,2026-01-13,TEST,Sonbhadra,GENERAL_INDIAN_TERRITORY,Uncertain,UNKNOWN,LOW_CONFIDENCE_HOTSPOT,UNVERIFIED,REAL,False,True,8.53,8.53,0.0,337.44,337.44,0.0,7536.230917878502,490065.2,292793.7,4200.0,575017.7,558349.3,0,0.8,10.89,1.0,1.697,0.65
4f2fd89c-c543-4cc1-bf66-6640e41d5824,279317e2-739f-4f60-ad5c-9a53641bd7dd,EVT-REAL-2026-01428,23.47416,71.97053,Gujarat,Jamnagar,,,2026-01-13,TEST,Jamnagar,WESTERN_PETROCHEMICAL,Uncertain,UNKNOWN,LOW_CONFIDENCE_HOTSPOT,UNVERIFIED,REAL,False,True,25.42,25.42,0.0,348.4,348.4,0.0,4794.053873511728,901456.0,745693.7,4200.0,1105340.9,1083321.2,0,0.3333,2.67,1.0,6.598,0.65
9a879dcd-e6a9-48b4-8867-31dcbe2e32bc,a43f7031-e544-4a43-8abf-cf304dc18891,EVT-REAL-2026-01429,20.7388,84.3077,Chhattisgarh,Korba,126282f3-b928-4d49-b7cd-cf1a3ac725d3,Solar Photovoltaic / Solar Thermal Power Generation (Way #1272103530),2026-01-13,TEST,126282f3-b928-4d49-b7cd-cf1a3ac725d3,EASTERN_COAL_BELT,Gas Flare,WEAKLY_LABELED,FACILITY_THERMAL_BASE,UNVERIFIED,REAL,False,True,28.7,28.7,0.0,320.3,320.3,0.0,819.8308579166542,200127.6,1264598.4,4200.0,376718.7,241491.2,0,1.0,35.33,1.0,4.286,0.95
3b383868-3597-4663-9394-fa0cccdbf6cf,4d6da255-d7cb-49d8-b183-327052d5f716,EVT-REAL-2026-01430,21.6412,84.2374,Chhattisgarh,Korba,,,2026-01-13,TEST,Korba,EASTERN_COAL_BELT,Uncertain,UNKNOWN,LOW_CONFIDENCE_HOTSPOT,UNVERIFIED,REAL,False,True,25.1,25.1,0.0,317.6,317.6,0.0,15690.3042143135,192811.5,1179813.3,4200.0,281082.9,176620.4,0,1.0,41.56,1.0,3.754,0.2
0ab039cd-9c74-40ce-acaf-b25bfb6d29d3,99808308-3bd5-45f6-a010-4a4b9ca87e97,EVT-REAL-2026-01431,19.5848,82.5283,Chhattisgarh,Korba,,,2026-01-13,TEST,Korba,EASTERN_COAL_BELT,Uncertain,UNKNOWN,LOW_CONFIDENCE_HOTSPOT,UNVERIFIED,REAL,False,True,22.1,22.1,0.0,309.8,309.8,0.0,35186.944964140064,423306.7,1280564.8,4200.0,484163.5,300617.7,0,1.0,42.89,1.0,3.558,0.2
d1ecc091-991e-4887-83e8-b1b45f0c2f26,2a2fbff4-327d-4911-95f6-e5783dabde26,EVT-REAL-2026-01432,22.2212,81.9469,Madhya Pradesh,Singrauli,,,2026-01-13,TEST,Singrauli,EASTERN_COAL_BELT,Uncertain,UNKNOWN,LOW_CONFIDENCE_HOTSPOT,UNVERIFIED,REAL,False,True,28.0,28.0,0.0,315.0,315.0,0.0,19152.029490590296,158651.5,994127.2,4200.0,210462.8,59711.8,0,1.0,26.89,1.0,5.395,0.2
64cb3c5c-06bf-4edd-af1f-33bf34a8e7f6,dbefcb32-6082-4497-83b6-fd1b130f65cd,EVT-REAL-2026-01433,27.5964,80.9133,Uttar Pradesh,Sonbhadra,,,2026-01-13,TEST,Sonbhadra,GENERAL_INDIAN_TERRITORY,Agricultural Burning,REAL,BHUVAN_AGRICULTURAL_CYCLE,UNVERIFIED,REAL,False,True,14.7,14.7,0.0,303.9,303.9,0.0,12549.8702157934,409489.6,475962.4,4200.0,421077.9,409627.5,0,0.8,6.22,1.0,4.067,0.2
b34f0d70-9c7c-4ae2-90c1-1d1a28757dc3,e8511062-7703-4378-af15-38daacde6f7f,EVT-REAL-2026-01434,22.13388,72.16994,Gujarat,Jamnagar,,,2026-01-14,TEST,Jamnagar,WESTERN_PETROCHEMICAL,Uncertain,UNKNOWN,LOW_CONFIDENCE_HOTSPOT,UNVERIFIED,REAL,False,True,43.3,43.3,0.0,353.88,353.88,0.0,7238.47668921313,898632.1,884014.1,4200.0,1107587.5,1066941.7,0,1.0,18.22,1.0,6.19,0.65
f2334859-40fe-453a-90bc-afa301412a1f,34e1eb25-7255-4098-8b4c-fb6f11844e61,EVT-REAL-2026-01435,29.90845,74.9466,Punjab,Sangrur,278d9711-f5eb-4087-be4f-aba130395447,Guru Gobind Singh Refinery,2026-01-14,TEST,278d9711-f5eb-4087-be4f-aba130395447,NORTHERN_AGRICULTURE,Agricultural Burning,REAL,BHUVAN_AGRICULTURAL_CYCLE,UNVERIFIED,REAL,False,True,8.21,8.21,0.0,337.21,337.21,0.0,1209.7193062212236,883585.7,0.0,4200.0,1003002.4,984712.2,4,1.0,836.44,1.0,0.649,0.95
636d635d-0673-496a-9323-5516452dc41d,9990ed66-5d3d-4b16-8013-705fbb95f1b2,EVT-REAL-2026-01436,21.12289,86.21224,Odisha,Angul,,,2026-01-14,TEST,Angul,EASTERN_COAL_BELT,Uncertain,UNKNOWN,LOW_CONFIDENCE_HOTSPOT,UNVERIFIED,REAL,False,True,28.0,28.0,0.0,357.01,357.01,0.0,20604.215121802972,30697.9,1355514.1,4200.0,447744.1,388008.6,0,0.4,4.0,1.0,5.964,0.2
20bf1f4f-743f-4f45-9d19-8b4618c75048,1cc4598e-1747-41e7-a269-adb0c78fa253,EVT-REAL-2026-01437,19.4464,81.84339,Chhattisgarh,Korba,,,2026-01-14,TEST,Korba,EASTERN_COAL_BELT,Uncertain,UNKNOWN,LOW_CONFIDENCE_HOTSPOT,UNVERIFIED,REAL,False,True,26.26,26.26,0.0,339.1,339.1,0.0,45256.347901127105,453020.2,1264993.0,4200.0,508391.3,323685.6,0,0.6,5.33,1.0,6.619,0.2
8891143d-abed-4b18-9c53-9e749d822fdd,1fa134a6-9c77-4582-9256-2c16a37f0487,EVT-REAL-2026-01438,21.76852,84.1841,Chhattisgarh,Korba,,,2026-01-14,TEST,Korba,EASTERN_COAL_BELT,Uncertain,UNKNOWN,LOW_CONFIDENCE_HOTSPOT,UNVERIFIED,REAL,False,True,29.03,29.03,0.0,341.86,341.86,0.0,8756.32772618701,198154.3,1165289.7,4200.0,265966.3,166056.2,0,1.0,42.0,1.0,3.789,0.2
59f180fe-e1dc-487e-b61d-4ab7a5385f7a,46b27c78-1a36-4f8d-bb88-3ad27a371c02,EVT-REAL-2026-01439,22.62256,72.03139,Gujarat,Jamnagar,,,2026-01-14,TEST,Jamnagar,WESTERN_PETROCHEMICAL,Uncertain,UNKNOWN,LOW_CONFIDENCE_HOTSPOT,UNVERIFIED,REAL,False,True,35.38,35.38,0.0,342.36,342.36,0.0,7794.929309915152,903665.1,834818.4,4200.0,1111158.8,1079084.1,0,1.0,20.22,1.0,2.862,0.65
23366b99-b530-49b6-a7ab-36bece06f68e,8a271e44-639d-4f6a-a878-b4663c840e47,EVT-REAL-2026-01440,22.62082,72.02954,Gujarat,Jamnagar,,,2026-01-14,TEST,Jamnagar,WESTERN_PETROCHEMICAL,Uncertain,UNKNOWN,LOW_CONFIDENCE_HOTSPOT,UNVERIFIED,REAL,False,True,36.47,36.47,0.0,353.23,353.23,0.0,7523.970582160354,903880.0,835052.7,4200.0,1111378.8,1079277.1,0,1.0,20.0,1.0,3.133,0.65
293404ff-948c-4584-acc2-a72dd170cf47,6b59eab4-0f6e-43dd-978f-a3095533a1ab,EVT-REAL-2026-01441,25.87347,79.19794,Madhya Pradesh,Singrauli,,,2026-01-14,TEST,Singrauli,EASTERN_COAL_BELT,Uncertain,UNKNOWN,LOW_CONFIDENCE_HOTSPOT,UNVERIFIED,REAL,False,True,16.3,16.3,0.0,341.26,341.26,0.0,23391.776143249812,272005.3,504786.7,4200.0,408029.2,387307.8,0,0.7667,7.78,1.0,3.103,0.2
3ad1cc92-5510-4e7e-875d-1cca6dbdf543,52eda9c1-d4ef-49f2-a9e6-06aa0d3aa9c1,EVT-REAL-2026-01442,29.72764,75.31347,Punjab,Sangrur,5885b628-d128-4eeb-bc6e-cc916d0c2d59,Mirpur Kalan,2026-01-14,TEST,5885b628-d128-4eeb-bc6e-cc916d0c2d59,NORTHERN_AGRICULTURE,Gas Flare,WEAKLY_LABELED,FACILITY_THERMAL_BASE,UNVERIFIED,REAL,False,True,8.45,8.36,0.1,346.83,346.57,0.2599999999999909,689.7385298892817,844965.5,19798.0,4200.0,962665.0,944455.0,0,1.0,44.22,1.0,1.599,0.95
dc82f95f-7d4c-41c8-b915-6284d4323252,2b251cd2-166f-46aa-8e09-4f8e5c4adf41,EVT-REAL-2026-01443,29.90927,74.95038,Punjab,Sangrur,278d9711-f5eb-4087-be4f-aba130395447,Guru Gobind Singh Refinery,2026-01-14,TEST,278d9711-f5eb-4087-be4f-aba130395447,NORTHERN_AGRICULTURE,Agricultural Burning,REAL,BHUVAN_AGRICULTURAL_CYCLE,UNVERIFIED,REAL,False,True,8.22,8.22,0.0,335.94,335.94,0.0,1005.6747022489307,883406.1,0.0,4200.0,1002766.8,984480.4,4,1.0,835.11,1.0,0.65,0.95
ee04490d-708c-4af2-a4d2-aad099e4af3d,0162f722-5a9f-45a1-b428-087711dc1cc1,EVT-REAL-2026-01444,20.7146,85.1946,Odisha,Angul,,,2026-01-14,TEST,Angul,EASTERN_COAL_BELT,Uncertain,UNKNOWN,LOW_CONFIDENCE_HOTSPOT,UNVERIFIED,REAL,False,True,28.3,28.3,0.0,318.0,318.0,0.0,11932.392717224884,120884.6,1321806.9,4200.0,418213.8,314155.2,0,0.3667,3.33,1.0,7.625,0.2
3747cff9-4a2a-49eb-a45d-131854659c04,a10f24ae-38c6-46d2-a1d4-711ffc3c1887,EVT-REAL-2026-01445,21.7362,84.3219,Chhattisgarh,Korba,,,2026-01-14,TEST,Korba,EASTERN_COAL_BELT,Uncertain,UNKNOWN,LOW_CONFIDENCE_HOTSPOT,UNVERIFIED,REAL,False,True,33.6,33.6,0.0,323.1,323.1,0.0,21999.798818457493,183944.0,1176893.8,4200.0,275372.3,180652.9,0,1.0,33.56,1.0,4.767,0.2
1639d0f4-dfeb-44d3-b437-4669db81f4a6,88e714b9-daa7-492f-acb0-2ed1ccd342aa,EVT-REAL-2026-01446,21.7252,84.3234,Chhattisgarh,Korba,,,2026-01-14,TEST,Korba,EASTERN_COAL_BELT,Uncertain,UNKNOWN,LOW_CONFIDENCE_HOTSPOT,UNVERIFIED,REAL,False,True,54.8,54.8,0.0,332.0,332.0,0.0,22759.39518455086,183802.8,1177946.7,4200.0,276529.3,181228.5,0,1.0,38.22,1.0,7.624,0.2
c654f950-31b7-482a-8967-84486073ec5d,28e2b132-74f9-4b98-ac4a-a35e4d25df49,EVT-REAL-2026-01447,21.6884,84.3192,Chhattisgarh,Korba,,,2026-01-14,TEST,Korba,EASTERN_COAL_BELT,Uncertain,UNKNOWN,LOW_CONFIDENCE_HOTSPOT,UNVERIFIED,REAL,False,True,30.0,30.0,0.0,320.5,320.5,0.0,24839.640489728306,184284.2,1180882.7,4200.0,279980.3,182316.8,0,1.0,30.67,1.0,4.647,0.2
fffbb93c-24ef-4f21-be61-4ceefa6c5904,189575e2-7a58-44f6-9c99-21e9767e1aa7,EVT-REAL-2026-01448,20.9744,86.1656,Odisha,Angul,,,2026-01-14,TEST,Angul,EASTERN_COAL_BELT,Uncertain,UNKNOWN,LOW_CONFIDENCE_HOTSPOT,UNVERIFIED,REAL,False,True,26.5,26.5,0.0,314.3,314.3,0.0,3932.209437384781,47132.6,1364493.2,4200.0,456173.3,389531.0,0,0.3333,9.33,1.0,3.71,0.65
1731e1fb-95b4-4496-89ab-810b38e79b9a,e1255c29-0765-43a6-8c38-0322d2ecb2a0,EVT-REAL-2026-01449,27.8559,80.2858,Uttar Pradesh,Sonbhadra,,,2026-01-14,TEST,Sonbhadra,GENERAL_INDIAN_TERRITORY,Agricultural Burning,REAL,BHUVAN_AGRICULTURAL_CYCLE,UNVERIFIED,REAL,False,True,9.2,9.2,0.0,308.0,308.0,0.0,27443.031962358127,441277.3,408570.8,4200.0,476805.3,463630.7,0,1.0,11.11,1.0,1.905,0.2
2fa70392-ad9f-474e-857a-01929e6d7d4b,abe1a293-7809-44c3-b483-c47b4c9b9389,EVT-REAL-2026-01450,25.80205,78.18215,Madhya Pradesh,Singrauli,2c63b3f5-7bba-472a-b6ca-97bfe2e717a1,Designated Industrial Park / Estate (Way #656047093),2026-01-14,TEST,2c63b3f5-7bba-472a-b6ca-97bfe2e717a1,EASTERN_COAL_BELT,Other Thermal Source,REAL,BACKGROUND_THERMAL_SOURCE,UNVERIFIED,REAL,False,True,34.9,28.2,6.7,335.7,330.55,5.149999999999977,1899.4050305155492,338210.1,474075.0,4200.0,498760.5,477223.6,0,1.0,33.78,1.0,6.695,0.95
1e6f99f0-6ccc-4a8b-bfd9-e77241000e45,30cc9931-5d7a-4a9e-b3c7-b96cec5f05d5,EVT-REAL-2026-01451,26.7712,78.4855,Madhya Pradesh,Singrauli,,,2026-01-14,TEST,Singrauli,EASTERN_COAL_BELT,Uncertain,UNKNOWN,LOW_CONFIDENCE_HOTSPOT,UNVERIFIED,REAL,False,True,10.0,10.0,0.0,312.8,312.8,0.0,16726.246756557997,394258.1,384105.4,4200.0,518907.1,499284.3,0,0.5,6.22,1.0,1.628,0.2
cd5ca298-1dfe-477b-a1f2-a424c1b1bc22,42181663-a201-442a-a39b-2512d0f61b31,EVT-REAL-2026-01452,27.8573,80.297,Uttar Pradesh,Sonbhadra,,,2026-01-14,TEST,Sonbhadra,GENERAL_INDIAN_TERRITORY,Agricultural Burning,REAL,BHUVAN_AGRICULTURAL_CYCLE,UNVERIFIED,REAL,False,True,9.8,9.8,0.0,308.6,308.6,0.0,27893.097957948838,441301.8,409392.6,4200.0,476346.1,463211.2,0,1.0,18.22,1.0,1.172,0.2
e9bc3164-88a3-4657-9188-c0c1a31acdf2,b849ad4e-2ec7-4c6d-9439-cf8589d1c0cc,EVT-REAL-2026-01453,18.77384,82.7468,Chhattisgarh,Korba,,,2026-01-15,TEST,Korba,EASTERN_COAL_BELT,Uncertain,UNKNOWN,LOW_CONFIDENCE_HOTSPOT,UNVERIFIED,REAL,False,True,22.3,22.3,0.0,339.2,339.2,0.0,7701.5355458015,455507.6,1371538.4,4200.0,573143.0,390448.0,0,0.6,10.0,1.0,3.002,0.65
dbdbb597-b1e4-4e33-b256-fa5643211604,7d95fe87-165a-4ec9-a5de-e182167812e1,EVT-REAL-2026-01454,19.85514,81.97058,Chhattisgarh,Korba,,,2026-01-15,TEST,Korba,EASTERN_COAL_BELT,Uncertain,UNKNOWN,LOW_CONFIDENCE_HOTSPOT,UNVERIFIED,REAL,False,True,21.13,21.13,0.0,367.0,367.0,0.0,32025.907667850737,410410.6,1228782.6,4200.0,461445.0,276644.7,0,0.5333,7.11,1.0,2.6,0.2
70a26418-cf9e-42e2-ae4f-d7c38cb681d7,e38858c2-aa96-462b-b341-7522d85b0ccd,EVT-REAL-2026-01455,25.51504,80.3476,Madhya Pradesh,Singrauli,,,2026-01-15,TEST,Singrauli,EASTERN_COAL_BELT,Uncertain,UNKNOWN,LOW_CONFIDENCE_HOTSPOT,UNVERIFIED,REAL,False,True,8.24,8.24,0.0,332.03,332.03,0.0,4508.335938973416,184659.2,598682.4,4200.0,287480.5,267339.3,0,0.3333,3.78,1.0,2.099,0.65
bbc9392a-6230-4e88-a17e-fafc7a3c3b5b,b30e28d4-4c00-42b8-b335-c874b683cff0,EVT-REAL-2026-01456,27.75141,80.47833,Uttar Pradesh,Sonbhadra,,,2026-01-15,TEST,Sonbhadra,GENERAL_INDIAN_TERRITORY,Agricultural Burning,REAL,BHUVAN_AGRICULTURAL_CYCLE,UNVERIFIED,REAL,False,True,8.73,8.73,0.0,337.51,337.51,0.0,29931.70675401948,427897.2,430765.2,4200.0,456973.7,444215.1,0,0.6667,5.33,1.0,2.131,0.2
76d0a7b9-349c-4b10-9b98-dd6dc6786c29,dabb4a89-3681-491c-9f6c-2107467b4613,EVT-REAL-2026-01457,27.7489,80.47582,Uttar Pradesh,Sonbhadra,,,2026-01-15,TEST,Sonbhadra,GENERAL_INDIAN_TERRITORY,Agricultural Burning,REAL,BHUVAN_AGRICULTURAL_CYCLE,UNVERIFIED,REAL,False,True,8.5,8.5,0.0,337.32,337.32,0.0,29578.82612061892,427638.9,430718.5,4200.0,456863.5,444090.3,0,0.6667,5.78,1.0,1.923,0.2
f3d58c71-0ad5-4d09-ae10-ece2fa953420,e59c669d-c13d-4562-b9fd-0aedc63861c5,EVT-REAL-2026-01458,21.69119,84.38542,Chhattisgarh,Korba,,,2026-01-15,TEST,Korba,EASTERN_COAL_BELT,Uncertain,UNKNOWN,LOW_CONFIDENCE_HOTSPOT,UNVERIFIED,REAL,False,True,39.22,39.22,0.0,336.63,336.63,0.0,30197.486096004446,177428.4,1184877.8,4200.0,282810.0,188570.5,0,1.0,30.44,1.0,4.703,0.2
aed6664f-51a6-4871-87d7-96de64e95fb6,92a69e8e-f9d4-4b23-a980-9169c9fae446,EVT-REAL-2026-01459,21.77807,84.17679,Chhattisgarh,Korba,,,2026-01-15,TEST,Korba,EASTERN_COAL_BELT,Other Thermal Source,REAL,BACKGROUND_THERMAL_SOURCE,UNVERIFIED,REAL,False,True,89.29,64.13,17.789041570584963,367.0,358.2,8.800000000000011,7453.843966964304,198897.2,1163990.8,4200.0,264690.6,164972.5,0,1.0,44.89,1.0,11.406,0.65
899e295a-51e0-45b5-975b-ddb48e60cb18,1a8f6d01-c171-4fea-87c3-3d52f0593d21,EVT-REAL-2026-01460,26.66168,81.51978,Madhya Pradesh,Singrauli,,,2026-01-15,TEST,Singrauli,EASTERN_COAL_BELT,Forest Fire,REAL,FSI_FOREST_CANOPY,UNVERIFIED,REAL,False,True,8.68,8.68,0.0,343.52,343.52,0.0,17718.433972159422,307135.2,585719.6,4200.0,301576.1,290747.3,0,0.1333,0.89,1.0,1.509,0.2
8660dd88-89c2-4f24-9880-b2e61eac1767,75585fd5-a02d-4773-be06-bf68a0566fe8,EVT-REAL-2026-01461,26.72056,80.31013,Madhya Pradesh,Singrauli,,,2026-01-15,TEST,Singrauli,EASTERN_COAL_BELT,Uncertain,UNKNOWN,LOW_CONFIDENCE_HOTSPOT,UNVERIFIED,REAL,False,True,8.3,8.3,0.0,337.09,337.09,0.0,15971.128799542359,316323.5,492558.3,4200.0,375037.8,358921.9,0,0.9,10.22,1.0,1.049,0.2
6b344bff-273b-450e-80f8-ae54dfd14074,48534cb3-9433-46eb-a0aa-edb03c3df666,EVT-REAL-2026-01462,19.16792,82.58108,Chhattisgarh,Korba,,,2026-01-15,TEST,Korba,EASTERN_COAL_BELT,Uncertain,UNKNOWN,LOW_CONFIDENCE_HOTSPOT,UNVERIFIED,REAL,False,True,32.28,32.28,0.0,345.23,345.23,0.0,19155.836430134434,442886.8,1324628.3,4200.0,529980.0,346766.5,0,0.3,2.22,1.0,4.798,0.2
e57c639e-784f-4f10-a5e1-c301eacbf5d6,e0f9144e-c44f-49de-b70d-ce91b818f6a6,EVT-REAL-2026-01463,19.1712,82.57872,Chhattisgarh,Korba,,,2026-01-15,TEST,Korba,EASTERN_COAL_BELT,Other Thermal Source,REAL,BACKGROUND_THERMAL_SOURCE,UNVERIFIED,REAL,False,True,31.23,28.62,2.6057628441590768,342.22,341.11,1.1100000000000136,19165.33853534825,442885.8,1324194.3,4200.0,529627.7,346403.4,0,0.2667,2.22,1.0,4.576,0.2
44bc6be7-243d-4e79-b1ba-5e3043233300,53b0b8ac-7b4b-4b9a-8e35-2aa145b92879,EVT-REAL-2026-01464,21.68216,84.27349,Chhattisgarh,Korba,,,2026-01-15,TEST,Korba,EASTERN_COAL_BELT,Other Thermal Source,REAL,BACKGROUND_THERMAL_SOURCE,UNVERIFIED,REAL,False,True,68.6,56.08,12.603967629282456,344.31,323.77,20.54000000000002,21514.660098133412,189022.4,1178515.7,4200.0,278538.7,178210.4,0,1.0,23.78,1.0,9.699,0.2
373246c6-c851-495a-a439-7937d1b4f173,c30f15ef-117e-49d1-b5b7-a966ea81ab8c,EVT-REAL-2026-01465,21.68598,84.26738,Chhattisgarh,Korba,,,2026-01-15,TEST,Korba,EASTERN_COAL_BELT,Uncertain,UNKNOWN,LOW_CONFIDENCE_HOTSPOT,UNVERIFIED,REAL,False,True,38.83,38.83,0.0,337.27,337.27,0.0,21271.521231498704,189649.7,1177793.6,4200.0,277885.6,177463.4,0,1.0,23.56,1.0,5.934,0.2
37e7ba98-7f70-4381-956c-f6c5320a8038,6469856d-08c8-45e5-9134-927b35ca63c5,EVT-REAL-2026-01466,21.8855,84.20505,Chhattisgarh,Korba,,,2026-01-15,TEST,Korba,EASTERN_COAL_BELT,Other Thermal Source,REAL,BACKGROUND_THERMAL_SOURCE,UNVERIFIED,REAL,False,True,154.5,142.9,11.6,326.6,325.35,1.25,9122.855553637892,195828.3,1156431.8,4200.0,255185.6,163932.6,0,1.0,37.33,1.0,25.793,0.2
b7b9e6c8-fa8e-4bd8-a272-fbf0ad48804a,c32b75b6-2005-4731-bb74-ab51efe61e40,EVT-REAL-2026-01467,21.8971,84.2379,Chhattisgarh,Korba,,,2026-01-15,TEST,Korba,EASTERN_COAL_BELT,Uncertain,UNKNOWN,LOW_CONFIDENCE_HOTSPOT,UNVERIFIED,REAL,False,True,48.1,48.1,0.0,311.4,311.4,0.0,12617.428678659151,192418.1,1157534.1,4200.0,255554.5,166835.3,0,1.0,30.22,1.0,7.458,0.2
7d577c6a-e918-4b82-a600-dba503b54977,f3912e66-911f-4029-86da-fbada2331021,EVT-REAL-2026-01468,21.7631,84.169,Chhattisgarh,Korba,,,2026-01-15,TEST,Korba,EASTERN_COAL_BELT,Uncertain,UNKNOWN,LOW_CONFIDENCE_HOTSPOT,UNVERIFIED,REAL,False,True,56.2,56.2,0.0,311.5,311.5,0.0,8537.012231441766,199723.5,1164806.0,4200.0,265869.4,164817.7,0,1.0,46.89,1.0,7.269,0.2
a9406978-ae10-4cbd-93df-7b79dba5c98e,feb0aa1d-7ce8-49b1-8f6b-2b36820e30bb,EVT-REAL-2026-01469,21.6764,84.2409,Chhattisgarh,Korba,,,2026-01-15,TEST,Korba,EASTERN_COAL_BELT,Uncertain,UNKNOWN,LOW_CONFIDENCE_HOTSPOT,UNVERIFIED,REAL,False,True,34.0,34.0,0.0,307.3,307.3,0.0,18725.414606206912,192402.5,1176950.9,4200.0,277687.5,175360.7,0,1.0,32.44,1.0,4.491,0.2
9044ad7f-5b49-4d5f-830f-b072b0eb762b,8fb129e5-7d90-48c5-b91d-8a40d9096acd,EVT-REAL-2026-01470,21.0058,86.1944,Odisha,Angul,,,2026-01-15,TEST,Angul,EASTERN_COAL_BELT,Uncertain,UNKNOWN,LOW_CONFIDENCE_HOTSPOT,UNVERIFIED,REAL,False,True,40.9,40.9,0.0,315.1,315.1,0.0,8135.8448538294815,43659.8,1363895.5,4200.0,455709.9,390970.5,0,0.7,14.22,1.0,5.751,0.2
22f8da58-af8b-431b-b34d-c3f4e26f9d2d,c8284e82-660d-467e-9258-01029269a68f,EVT-REAL-2026-01471,21.0111,86.2212,Odisha,Angul,,,2026-01-15,TEST,Angul,EASTERN_COAL_BELT,Uncertain,UNKNOWN,LOW_CONFIDENCE_HOTSPOT,UNVERIFIED,REAL,False,True,49.1,49.1,0.0,317.2,317.2,0.0,9949.690225344715,43075.9,1365319.9,4200.0,457218.7,393333.1,0,0.5667,7.33,1.0,5.392,0.2
189c0a6b-616b-40c8-846a-206e9c8e6beb,c860d356-f3b6-4185-9aef-96d89f8bd47d,EVT-REAL-2026-01472,20.9543,86.4066,Odisha,Angul,,,2026-01-15,TEST,Angul,EASTERN_COAL_BELT,Uncertain,UNKNOWN,LOW_CONFIDENCE_HOTSPOT,UNVERIFIED,REAL,False,True,26.4,26.4,0.0,310.5,310.5,0.0,13436.723170919897,49372.1,1382916.0,4200.0,475229.7,413566.9,0,0.2,2.67,1.0,4.672,0.2
24e37797-965f-446d-9872-bcff1892953c,3880d86d-0647-4547-bc88-802ca6887959,EVT-REAL-2026-01473,27.13496,78.35033,Uttar Pradesh,Sonbhadra,,,2026-01-15,TEST,Sonbhadra,GENERAL_INDIAN_TERRITORY,Uncertain,UNKNOWN,LOW_CONFIDENCE_HOTSPOT,UNVERIFIED,REAL,False,True,10.5,10.5,0.0,332.65,332.65,0.0,4038.4712136487997,434787.0,341949.9,4200.0,552449.3,533384.7,0,0.1667,2.44,1.0,0.932,0.65
e17bec97-ad66-49e6-8aad-931dc211e618,75fa6bd8-e938-47d4-be3b-23e981600bec,EVT-REAL-2026-01474,27.129,78.34719,Uttar Pradesh,Sonbhadra,,,2026-01-15,TEST,Sonbhadra,GENERAL_INDIAN_TERRITORY,Uncertain,UNKNOWN,LOW_CONFIDENCE_HOTSPOT,UNVERIFIED,REAL,False,True,11.93,11.93,0.0,353.76,353.76,0.0,4760.674318267828,434425.4,342407.7,4200.0,552325.2,533244.8,0,0.2,2.89,1.0,1.151,0.65
bd28dfa2-4db9-4a12-8afb-55c090459a83,0c80fd45-13e5-41f3-b358-e81050932293,EVT-REAL-2026-01475,31.47642,76.9856,National / Other,,,,2026-01-15,TEST,National / Other,GENERAL_INDIAN_TERRITORY,Uncertain,UNKNOWN,LOW_CONFIDENCE_HOTSPOT,UNVERIFIED,REAL,False,True,9.48,9.48,0.0,329.97,329.97,0.0,12235.592054040177,919830.9,17636.8,4200.0,988635.8,974419.9,0,0.4667,13.33,1.0,3.004,0.2
8e77e428-6846-403a-95a6-b9fe10138d4d,4aef7581-ac0f-4f63-897b-adc2738e4c17,EVT-REAL-2026-01476,20.8762,84.9992,Odisha,Angul,2a796200-64ec-4d7a-80d6-7261c8e57442,Angul Steel Plant,2026-01-16,TEST,2a796200-64ec-4d7a-80d6-7261c8e57442,EASTERN_COAL_BELT,Gas Flare,WEAKLY_LABELED,FACILITY_THERMAL_BASE,UNVERIFIED,REAL,False,True,41.7,41.7,0.0,321.6,321.6,0.0,1246.2293289070835,128210.6,1295190.5,4200.0,392532.1,287280.7,1,1.0,1932.22,1.0,16.335,0.95
05d61326-ecd3-4878-9351-4cfd5ba93cbd,524d75a9-8b93-4cbc-99f2-004e7d258caf,EVT-REAL-2026-01477,20.92587,86.16745,Odisha,Angul,ede72833-fb66-45ff-9c9c-af1932788369,Designated Industrial Park / Estate (Way #376422797),2026-01-16,TEST,ede72833-fb66-45ff-9c9c-af1932788369,EASTERN_COAL_BELT,Gas Flare,WEAKLY_LABELED,FACILITY_THERMAL_BASE,UNVERIFIED,REAL,False,True,31.52,31.52,0.0,349.49,349.49,0.0,1236.740818595068,52505.9,1368638.0,4200.0,460236.5,391818.4,0,0.7333,11.56,1.0,5.217,0.95
db43b48c-cf6c-4ce5-97fb-00c4b470f542,63d58211-f70a-41e1-9343-170f6cc9f493,EVT-REAL-2026-01478,20.93156,86.16945,Odisha,Angul,ede72833-fb66-45ff-9c9c-af1932788369,Designated Industrial Park / Estate (Way #376422797),2026-01-16,TEST,ede72833-fb66-45ff-9c9c-af1932788369,EASTERN_COAL_BELT,Gas Flare,WEAKLY_LABELED,FACILITY_THERMAL_BASE,UNVERIFIED,REAL,False,True,31.52,31.52,0.0,367.0,367.0,0.0,647.2760292735269,51876.2,1368304.6,4200.0,459915.4,391758.7,0,0.6667,12.22,1.0,4.975,0.95
1e83a1d4-f2c9-498e-8dc2-80c2bc2ee1e5,e2fda069-9be9-4ab9-841a-2e092183ef21,EVT-REAL-2026-01479,23.8568,86.90791,Jharkhand,Dhanbad,b30ef258-a986-4489-a9b0-7cf77fa6666a,Chittaranjan Locomotive Works,2026-01-16,TEST,b30ef258-a986-4489-a9b0-7cf77fa6666a,EASTERN_COAL_BELT,Gas Flare,WEAKLY_LABELED,FACILITY_THERMAL_BASE,UNVERIFIED,REAL,False,True,16.75,16.75,0.0,345.36,345.36,0.0,268.58428464628463,201831.7,1206177.1,4200.0,387875.9,427145.1,0,1.0,28.89,1.0,2.774,0.95
0a6fa3ff-fa5e-43fc-aeff-70aa2c361bee,88d0a743-b8aa-47b5-acb1-0b9170daf571,EVT-REAL-2026-01480,23.85786,86.91295,Jharkhand,Dhanbad,2e1e575d-3872-4f99-bf4f-eb6ca87bdc5b,Chittranjan Locomotive Works,2026-01-16,TEST,2e1e575d-3872-4f99-bf4f-eb6ca87bdc5b,EASTERN_COAL_BELT,Gas Flare,WEAKLY_LABELED,FACILITY_THERMAL_BASE,UNVERIFIED,REAL,False,True,16.75,16.75,0.0,338.49,338.49,0.0,386.6517714385472,202016.4,1206524.2,4200.0,388384.2,427647.0,0,1.0,28.89,1.0,2.794,0.95
b737a4eb-210f-4cc1-9c40-bf4b7927192f,af48a640-d8c0-471f-83ea-10bd2af9b8d1,EVT-REAL-2026-01481,21.25377,86.10762,Odisha,Angul,,,2026-01-16,TEST,Angul,EASTERN_COAL_BELT,Uncertain,UNKNOWN,LOW_CONFIDENCE_HOTSPOT,UNVERIFIED,REAL,False,True,26.25,26.25,0.0,337.81,337.81,0.0,24315.329322756035,16192.1,1337485.6,4200.0,429826.7,372929.4,0,0.5,8.22,1.0,3.485,0.2
2c72e4f3-97bc-4c59-98ee-156e278a7327,f8457749-2e0a-415e-a68b-d71850bd99c4,EVT-REAL-2026-01482,21.66428,84.34614,Chhattisgarh,Korba,,,2026-01-16,TEST,Korba,EASTERN_COAL_BELT,Uncertain,UNKNOWN,LOW_CONFIDENCE_HOTSPOT,UNVERIFIED,REAL,False,True,31.34,31.34,0.0,333.22,333.22,0.0,26427.267541437337,181526.7,1184704.7,4200.0,283613.3,185910.8,0,1.0,22.89,1.0,5.084,0.2
1f2ec891-9c0e-4154-81bd-94c2e3a079e8,a8afdd23-dcaf-4783-8724-bd0737ee4ccf,EVT-REAL-2026-01483,19.84641,82.21607,Chhattisgarh,Korba,,,2026-01-16,TEST,Korba,EASTERN_COAL_BELT,Uncertain,UNKNOWN,LOW_CONFIDENCE_HOTSPOT,UNVERIFIED,REAL,False,True,26.69,26.69,0.0,347.08,347.08,0.0,19703.13944640974,416714.7,1240361.4,4200.0,458373.9,273486.4,0,1.0,52.67,1.0,4.105,0.2
32599f5e-0d62-481a-a828-978cfb2b06a5,0370abf9-59a5-48c8-8def-c1c861b3ab79,EVT-REAL-2026-01484,21.11816,86.17807,Odisha,Angul,,,2026-01-16,TEST,Angul,EASTERN_COAL_BELT,Other Thermal Source,REAL,BACKGROUND_THERMAL_SOURCE,UNVERIFIED,REAL,False,True,54.97,42.62,12.394353553130555,367.0,346.91,20.089999999999975,19019.895799682985,31217.5,1353516.6,4200.0,445610.5,384863.9,0,0.3333,5.56,1.0,9.196,0.2
494cfa0d-5cb2-463f-bcc7-f8d32d6a36b6,0886c9cd-79e4-4694-9f0e-7dbe10dc27e2,EVT-REAL-2026-01485,26.97716,78.42779,Uttar Pradesh,Sonbhadra,,,2026-01-16,TEST,Sonbhadra,GENERAL_INDIAN_TERRITORY,Agricultural Burning,REAL,BHUVAN_AGRICULTURAL_CYCLE,UNVERIFIED,REAL,False,True,54.67,32.61,22.059918404200864,341.88,340.78,1.1000000000000227,12140.607310393403,416074.1,361035.2,4200.0,536202.1,516921.4,0,0.0333,2.0,1.0,3.155,0.2
d0de6174-d9e5-49b0-b45b-cf23f6b8c5d6,577f1258-d516-47f7-bff7-c50ddceb916a,EVT-REAL-2026-01486,27.73436,80.16908,Uttar Pradesh,Sonbhadra,,,2026-01-16,TEST,Sonbhadra,GENERAL_INDIAN_TERRITORY,Agricultural Burning,REAL,BHUVAN_AGRICULTURAL_CYCLE,UNVERIFIED,REAL,False,True,8.01,8.01,0.0,343.48,343.48,0.0,13780.359778819486,429473.4,407094.1,4200.0,471912.2,458087.4,0,0.6667,4.44,1.0,2.576,0.2
d84faeeb-2bd1-4c23-a2c0-0bfb99f60500,0509cbe9-a0a8-4bf4-a88c-bf3c43d95d01,EVT-REAL-2026-01487,21.86498,84.26394,Chhattisgarh,Korba,,,2026-01-16,TEST,Korba,EASTERN_COAL_BELT,Uncertain,UNKNOWN,LOW_CONFIDENCE_HOTSPOT,UNVERIFIED,REAL,False,True,25.76,25.76,0.0,346.82,346.82,0.0,13604.902005738826,189769.9,1161992.8,4200.0,259945.8,170414.7,0,1.0,23.56,1.0,3.935,0.2
2493c13e-0176-4125-91ac-08f3e260959c,29d9da6f-4c55-4183-8990-3af9ada7e621,EVT-REAL-2026-01488,27.61867,79.87314,Uttar Pradesh,Sonbhadra,,,2026-01-16,TEST,Sonbhadra,GENERAL_INDIAN_TERRITORY,Agricultural Burning,REAL,BHUVAN_AGRICULTURAL_CYCLE,UNVERIFIED,REAL,False,True,13.75,11.96,1.7888543819998317,352.04,349.94,2.1000000000000227,8569.23316664798,422328.1,392406.9,4200.0,478955.2,463980.5,0,0.6333,4.44,1.0,4.545,0.2
f51d0797-dff2-4336-8e0f-877cdefbf8cc,6b58286d-d8c3-4e5a-81ef-ad6f74a2113b,EVT-REAL-2026-01489,25.52886,78.38066,Madhya Pradesh,Singrauli,,,2026-01-16,TEST,Singrauli,EASTERN_COAL_BELT,Uncertain,UNKNOWN,LOW_CONFIDENCE_HOTSPOT,UNVERIFIED,REAL,False,True,8.8,8.8,0.0,332.56,332.56,0.0,12777.437557151108,304088.4,508832.5,4200.0,470218.8,448407.3,0,0.3,2.67,1.0,1.279,0.2
5d5e986a-6b3a-466c-bd89-fa81e7acf7eb,1d50ab50-9d86-47f1-96a5-090daf5bb145,EVT-REAL-2026-01490,19.6234,82.47785,Chhattisgarh,Korba,,,2026-01-16,TEST,Korba,EASTERN_COAL_BELT,Other Thermal Source,REAL,BACKGROUND_THERMAL_SOURCE,UNVERIFIED,REAL,False,True,26.1,25.4,0.7,326.6,326.4,0.20000000000004547,29070.822587426068,425914.3,1274420.4,4200.0,480231.0,296376.7,0,1.0,58.67,1.0,3.429,0.2
9c6e7486-1673-4a8a-8712-b0d95bf54b16,6c7e9592-2d87-404c-97cb-243ec503f398,EVT-REAL-2026-01491,19.8285,82.4623,Chhattisgarh,Korba,,,2026-01-16,TEST,Korba,EASTERN_COAL_BELT,Uncertain,UNKNOWN,LOW_CONFIDENCE_HOTSPOT,UNVERIFIED,REAL,False,True,30.0,30.0,0.0,329.9,329.9,0.0,32244.692502443897,417164.7,1253271.6,4200.0,457701.7,273705.2,0,0.8,6.89,1.0,8.719,0.2
ce7b0d96-eb1d-4c2a-9fbd-5f0209b560fb,eb054cd9-7aea-486b-8c33-db52d4d9f755,EVT-REAL-2026-01492,19.0529,82.2601,Chhattisgarh,Korba,,,2026-01-16,TEST,Korba,EASTERN_COAL_BELT,Mining Activity,REAL,IBM_MINING_GROUND_TRUTH,UNVERIFIED,REAL,False,True,23.8,23.8,0.0,325.6,325.6,0.0,10145.336029854785,478001.4,1322294.3,4200.0,545102.8,360514.5,0,0.9333,14.0,1.0,3.781,0.2
d5a68c09-4388-48f4-9f07-8bdcf1fb0727,71fe336b-e2db-4b88-9397-971ed059abad,EVT-REAL-2026-01493,21.6381,81.766,Madhya Pradesh,Singrauli,,,2026-01-16,TEST,Singrauli,EASTERN_COAL_BELT,Uncertain,UNKNOWN,LOW_CONFIDENCE_HOTSPOT,UNVERIFIED,REAL,False,True,20.5,20.5,0.0,324.5,324.5,0.0,6785.636727585739,212902.3,1041715.1,4200.0,277158.8,106941.0,0,1.0,26.89,1.0,4.169,0.65
bb11fcaa-8a6a-482a-851a-a71c9be70049,b8d42c83-bc23-4761-9b9a-a8aeb08cab62,EVT-REAL-2026-01494,26.9757,78.4315,Uttar Pradesh,Sonbhadra,,,2026-01-16,TEST,Sonbhadra,GENERAL_INDIAN_TERRITORY,Agricultural Burning,REAL,BHUVAN_AGRICULTURAL_CYCLE,UNVERIFIED,REAL,False,True,12.8,12.8,0.0,307.1,307.1,0.0,12177.274750636023,415728.6,361341.3,4200.0,535806.3,516527.4,0,0.0333,2.0,1.0,0.739,0.2
ad1ac3d3-5c8d-4b93-9d36-d8ec3e2adb28,d2ef9624-20a3-4186-80b6-64d683730e17,EVT-REAL-2026-01495,27.6742,80.4539,Uttar Pradesh,Sonbhadra,,,2026-01-16,TEST,Sonbhadra,GENERAL_INDIAN_TERRITORY,Agricultural Burning,REAL,BHUVAN_AGRICULTURAL_CYCLE,UNVERIFIED,REAL,False,True,8.2,8.2,0.0,304.9,304.9,0.0,24106.002984110622,419562.3,433696.7,4200.0,450938.5,437916.6,0,0.3333,2.67,1.0,2.148,0.2
cc5f3172-1609-4fd8-8df1-7f7ed188fc97,f64b9d35-6584-469c-855f-2f773d4c1947,EVT-REAL-2026-01496,23.70059,86.0733,Jharkhand,Dhanbad,7bf3054f-2077-4d18-81ff-295c18289b66,Designated Industrial Park / Estate (Way #134530464),2026-01-17,TEST,7bf3054f-2077-4d18-81ff-295c18289b66,EASTERN_COAL_BELT,Gas Flare,WEAKLY_LABELED,FACILITY_THERMAL_BASE,UNVERIFIED,REAL,False,True,19.4,17.69,1.284523257866513,334.89,320.53,14.360000000000014,1225.677064217502,182810.7,1148977.5,4200.0,304196.5,344576.6,0,1.0,1211.78,1.0,7.436,0.95
36094175-d78d-437c-8e9c-9477f2ba3b98,b83f5528-4b7e-427f-9af5-a38eb22ed1f2,EVT-REAL-2026-01497,21.68824,84.29827,Chhattisgarh,Korba,,,2026-01-17,TEST,Korba,EASTERN_COAL_BELT,Uncertain,UNKNOWN,LOW_CONFIDENCE_HOTSPOT,UNVERIFIED,REAL,False,True,33.63,33.63,0.0,367.0,367.0,0.0,23252.79143633878,186450.2,1179561.9,4200.0,279042.5,180318.7,0,1.0,27.56,1.0,5.245,0.2
1f25f1be-f3e4-48b8-9fd4-376d02c1cbcd,b6ef115c-a8ca-4cdc-982b-0bc88cea4849,EVT-REAL-2026-01498,21.74945,81.24473,Madhya Pradesh,Singrauli,,,2026-01-17,TEST,Singrauli,EASTERN_COAL_BELT,Uncertain,UNKNOWN,LOW_CONFIDENCE_HOTSPOT,UNVERIFIED,REAL,False,True,21.81,21.81,0.0,344.74,344.74,0.0,23451.124984148217,193854.5,1006665.3,4200.0,291310.7,145091.8,0,1.0,11.33,1.0,4.281,0.2
ae5f03c5-2008-4257-baca-7d165c0be38b,709cc5a4-bca0-48f7-b476-c1fc453a9951,EVT-REAL-2026-01499,27.78262,80.22606,Uttar Pradesh,Sonbhadra,,,2026-01-17,TEST,Sonbhadra,GENERAL_INDIAN_TERRITORY,Agricultural Burning,REAL,BHUVAN_AGRICULTURAL_CYCLE,UNVERIFIED,REAL,False,True,8.89,8.89,0.0,336.76,336.76,0.0,18423.615851928484,433968.1,408441.1,4200.0,473198.8,459665.9,0,0.4667,3.78,1.0,1.561,0.2
a010d747-6ee7-4d40-9f5c-e691f7aac375,05ea9759-f6c4-4ace-9197-090f85f6b951,EVT-REAL-2026-01500,19.56335,82.51285,Chhattisgarh,Korba,,,2026-01-17,TEST,Korba,EASTERN_COAL_BELT,Uncertain,UNKNOWN,LOW_CONFIDENCE_HOTSPOT,UNVERIFIED,REAL,False,True,24.26,24.26,0.0,337.47,337.47,0.0,34377.35179080404,425876.7,1282002.1,4200.0,486629.0,302992.7,0,1.0,33.33,1.0,3.514,0.2
ca731086-8a46-4e60-a00b-d3f6cb48660f,fd084577-eda3-429a-9e52-278b9c465832,EVT-REAL-2026-01501,21.05587,70.84761,Gujarat,Jamnagar,,,2026-01-17,TEST,Jamnagar,WESTERN_PETROCHEMICAL,Other Thermal Source,REAL,BACKGROUND_THERMAL_SOURCE,UNVERIFIED,REAL,False,True,33.79,32.83,0.9591663046625439,352.13,350.15,1.9800000000000182,25681.292947713366,1060505.1,1035950.7,4200.0,1270394.3,1215529.0,0,0.3,8.44,1.0,5.162,0.2
e95ef643-0560-45f2-b166-2598d4659ec0,dc3b6526-cd96-4b6c-9d4d-890eb7cd233b,EVT-REAL-2026-01502,19.9977,81.8956,Chhattisgarh,Korba,,,2026-01-17,TEST,Korba,EASTERN_COAL_BELT,Other Thermal Source,REAL,BACKGROUND_THERMAL_SOURCE,UNVERIFIED,REAL,False,True,25.7,24.3,1.4,316.8,315.95,0.8500000000000227,48745.93883898818,393505.4,1211171.0,4200.0,447490.5,263027.8,0,0.6333,5.78,1.0,7.159,0.2
3b5cce50-edbb-4106-9063-d5d265fa30b9,2f6ce197-4def-4a2b-b4b5-429391eb18b9,EVT-REAL-2026-01503,23.3694,70.5561,Gujarat,Jamnagar,3e82788d-6202-40fd-a97d-e5e2e5c7ec3a,Solar Photovoltaic / Solar Thermal Power Generation (Way #1007113012),2026-01-17,TEST,3e82788d-6202-40fd-a97d-e5e2e5c7ec3a,WESTERN_PETROCHEMICAL,Industrial Fire,REAL,OSM_FACILITY_GROUND_TRUTH,UNVERIFIED,REAL,False,True,508.4,508.4,0.0,407.5,407.5,0.0,246.85986866604014,1046463.7,809296.2,4200.0,1250354.6,1228291.2,0,0.4,4.44,1.0,22.416,0.95
562a4635-8044-451d-8253-43a3447ce837,5ce09284-38cb-42df-9e8a-0d2cb16a389f,EVT-REAL-2026-01504,23.3773,70.5403,Gujarat,Jamnagar,3e82788d-6202-40fd-a97d-e5e2e5c7ec3a,Solar Photovoltaic / Solar Thermal Power Generation (Way #1007113012),2026-01-17,TEST,3e82788d-6202-40fd-a97d-e5e2e5c7ec3a,WESTERN_PETROCHEMICAL,Industrial Fire,REAL,OSM_FACILITY_GROUND_TRUTH,UNVERIFIED,REAL,False,True,28.1,28.1,0.0,325.5,325.5,0.0,1609.590300417874,1048012.3,809214.6,4200.0,1251880.8,1229801.3,0,0.4,4.89,1.0,2.396,0.95
53dadaad-1c17-4310-95ba-bad40eaee83d,c5889dca-e2f8-4d23-968e-13375dd7ebc9,EVT-REAL-2026-01505,22.5494,70.6538,Gujarat,Jamnagar,,,2026-01-17,TEST,Jamnagar,WESTERN_PETROCHEMICAL,Uncertain,UNKNOWN,LOW_CONFIDENCE_HOTSPOT,UNVERIFIED,REAL,False,True,44.1,44.1,0.0,331.7,331.7,0.0,10027.330419459022,1045113.6,887973.5,4200.0,1252189.2,1220885.1,0,1.0,14.89,1.0,5.914,0.2
f87cd595-c5a2-455b-af5f-6c13e40a19c9,7dec4f9a-09f8-48ce-a00f-fd4e30c88561,EVT-REAL-2026-01506,23.37752,70.56563,Gujarat,Jamnagar,d94c1db5-4e5f-4ef2-80d1-b675bf0d1872,Adhoi (Pasakayara),2026-01-17,TEST,d94c1db5-4e5f-4ef2-80d1-b675bf0d1872,WESTERN_PETROCHEMICAL,Industrial Fire,REAL,OSM_FACILITY_GROUND_TRUTH,UNVERIFIED,REAL,False,True,77.7,66.52,11.184811129384348,347.42,346.21,1.2100000000000364,778.0537031034203,1045427.6,808062.4,4200.0,1249300.3,1227224.5,0,0.2667,3.33,1.0,2.803,0.95
791b5511-eff1-4ff9-98e7-e548d716bb06,790b46a0-0ca3-4c6d-b6e0-22b13b7a0b93,EVT-REAL-2026-01507,23.367,70.5424,Gujarat,Jamnagar,3e82788d-6202-40fd-a97d-e5e2e5c7ec3a,Solar Photovoltaic / Solar Thermal Power Generation (Way #1007113012),2026-01-17,TEST,3e82788d-6202-40fd-a97d-e5e2e5c7ec3a,WESTERN_PETROCHEMICAL,Industrial Fire,REAL,OSM_FACILITY_GROUND_TRUTH,UNVERIFIED,REAL,False,True,52.1,52.1,0.0,336.3,336.3,0.0,1321.9070116130065,1047879.9,810146.6,4200.0,1251774.2,1229712.6,0,0.4,4.89,1.0,4.459,0.95
0eb2b5b3-a391-439a-a48f-6b866a624027,5af76f97-4f2a-4deb-99e1-31ad288e1c9d,EVT-REAL-2026-01508,23.7734,86.3963,Jharkhand,Dhanbad,78ced2c8-7ae2-4a97-8583-28b5fa469a7c,Mining and Quarrying n.e.c. (Way #1010056601),2026-01-18,TEST,78ced2c8-7ae2-4a97-8583-28b5fa469a7c,EASTERN_COAL_BELT,Mining Activity,REAL,IBM_MINING_GROUND_TRUTH,UNVERIFIED,REAL,False,True,24.5,24.5,0.0,300.4,300.4,0.0,681.1449556903824,190828.9,1169908.2,4200.0,336323.3,376176.4,0,1.0,9885.78,1.0,7.752,0.95
a5687552-64b4-45db-870e-501c3835a559,af64aeed-7309-4f0c-a2d9-02e1f52f430a,EVT-REAL-2026-01509,26.12853,79.99072,Madhya Pradesh,Singrauli,,,2026-01-18,TEST,Singrauli,EASTERN_COAL_BELT,Uncertain,UNKNOWN,LOW_CONFIDENCE_HOTSPOT,UNVERIFIED,REAL,False,True,9.95,9.95,0.0,330.82,330.82,0.0,20392.694506898526,260023.0,522577.3,4200.0,354734.8,335880.5,0,0.4667,10.89,1.0,1.523,0.2
20f9cb3f-63cb-4b9a-83e8-d411251ca225,2da496f3-3326-4679-a1e9-e95712c044f1,EVT-REAL-2026-01510,27.3557,81.42504,Uttar Pradesh,Sonbhadra,,,2026-01-18,TEST,Sonbhadra,GENERAL_INDIAN_TERRITORY,Agricultural Burning,REAL,BHUVAN_AGRICULTURAL_CYCLE,UNVERIFIED,REAL,False,True,8.01,8.01,0.0,330.1,330.1,0.0,9134.975719693817,383234.4,532886.7,4200.0,375812.5,366185.0,0,0.3,2.44,1.0,3.059,0.2
f8a3ab5c-a228-4cab-864b-154ca1a10689,115a93df-6fca-4933-8b3c-295dd6ae5bd9,EVT-REAL-2026-01511,27.60752,79.95672,Uttar Pradesh,Sonbhadra,,,2026-01-18,TEST,Sonbhadra,GENERAL_INDIAN_TERRITORY,Uncertain,UNKNOWN,LOW_CONFIDENCE_HOTSPOT,UNVERIFIED,REAL,False,True,9.27,9.27,0.0,335.91,335.91,0.0,5136.09722932852,419353.2,399479.7,4200.0,472898.5,458133.9,0,0.3333,2.22,1.0,2.526,0.65
e0340fcf-4c7e-4cec-b9ca-730d2a36ef76,fde37b55-d7c2-49b1-bbc5-d7031de96a8d,EVT-REAL-2026-01512,29.80203,75.52136,Punjab,Sangrur,9631126a-7ff3-49f7-91ac-55c56c48d88c,Gami Wala,2026-01-18,TEST,9631126a-7ff3-49f7-91ac-55c56c48d88c,NORTHERN_AGRICULTURE,Gas Flare,WEAKLY_LABELED,FACILITY_THERMAL_BASE,UNVERIFIED,REAL,False,True,10.84,9.02,1.2884098726725126,353.71,348.39,5.319999999999993,67.0267585059313,838100.9,11566.4,4200.0,952013.3,934071.6,0,1.0,30.44,1.0,1.843,0.95
2e0285a0-1a5b-47c0-bd02-4eb8e1ba632e,71139f6a-0a7f-4b38-88de-746e309fe3df,EVT-REAL-2026-01513,31.59965,76.4273,Punjab,Sangrur,,,2026-01-18,TEST,Sangrur,NORTHERN_AGRICULTURE,Agricultural Burning,REAL,BHUVAN_AGRICULTURAL_CYCLE,UNVERIFIED,REAL,False,True,19.53,19.53,0.0,328.94,328.94,0.0,18245.739798938594,955690.0,0.0,4200.0,1031977.8,1017181.2,4,0.6,8.67,1.0,4.323,0.2
2d492736-19b3-4087-99b2-ce0f866177f1,f4fc5dce-3a51-4c3a-a2d4-d9b47566c658,EVT-REAL-2026-01514,21.779,84.48883,Odisha,Angul,,,2026-01-18,TEST,Angul,EASTERN_COAL_BELT,Other Thermal Source,REAL,BACKGROUND_THERMAL_SOURCE,UNVERIFIED,REAL,False,True,38.89,33.2,5.694734409961539,367.0,342.4,24.600000000000023,36371.143767595444,166626.4,1183965.3,4200.0,279486.7,195438.6,0,0.7667,9.78,1.0,4.832,0.2
e450832e-7627-4fe3-909a-ea68ebaf2843,f51184d1-b3b5-44fe-bbd8-4039020704d2,EVT-REAL-2026-01515,26.06405,80.76511,Madhya Pradesh,Singrauli,,,2026-01-18,TEST,Singrauli,EASTERN_COAL_BELT,Uncertain,UNKNOWN,LOW_CONFIDENCE_HOTSPOT,UNVERIFIED,REAL,False,True,9.44,9.44,0.0,329.94,329.94,0.0,7295.841159300801,239743.5,576846.9,4200.0,291099.9,274249.3,0,0.6333,6.44,1.0,1.635,0.65
2e2f0afd-b894-4be0-a143-491780c97287,8aa95209-7877-4856-ae3e-bb14bd61a60f,EVT-REAL-2026-01516,21.7359,84.9022,Odisha,Angul,,,2026-01-18,TEST,Angul,EASTERN_COAL_BELT,Uncertain,UNKNOWN,LOW_CONFIDENCE_HOTSPOT,UNVERIFIED,REAL,False,True,37.1,37.1,0.0,324.1,324.1,0.0,7384.735327067792,123913.9,1214900.7,4200.0,307132.4,237787.5,0,1.0,23.56,1.0,4.003,0.65
6f7d2133-1fbd-4c70-a384-403e851e5bc9,a62a0672-eaf3-4eba-ae89-2de5d624e0c7,EVT-REAL-2026-01517,15.43054,76.87939,Andhra Pradesh,East Godavari,,,2026-01-19,TEST,East Godavari,GENERAL_INDIAN_TERRITORY,Uncertain,UNKNOWN,LOW_CONFIDENCE_HOTSPOT,UNVERIFIED,REAL,False,True,18.21,18.21,0.0,367.0,367.0,0.0,6814.75649922096,983369.4,1602419.7,4200.0,1128637.5,964826.9,0,1.0,9.78,1.0,3.461,0.65
7dc4fec7-12fa-4e67-b3dc-621c34ee2c6e,1fc1939b-2fa5-4c68-a0e0-42c86ba84657,EVT-REAL-2026-01518,27.51262,80.23174,Uttar Pradesh,Sonbhadra,,,2026-01-19,TEST,Sonbhadra,GENERAL_INDIAN_TERRITORY,Uncertain,UNKNOWN,LOW_CONFIDENCE_HOTSPOT,UNVERIFIED,REAL,False,True,10.05,10.05,0.0,329.53,329.53,0.0,2590.5174986048282,404260.7,427101.5,4200.0,448246.6,434088.2,0,0.9,7.78,1.0,2.503,0.65
58998c70-0fff-4cc9-a729-7712bcf34aa8,7263f37d-6447-4abc-97ca-af7c76a55377,EVT-REAL-2026-01519,18.88727,82.25166,Chhattisgarh,Korba,,,2026-01-19,TEST,Korba,EASTERN_COAL_BELT,Uncertain,UNKNOWN,LOW_CONFIDENCE_HOTSPOT,UNVERIFIED,REAL,False,True,24.6,24.6,0.0,346.52,346.52,0.0,19849.97291443936,489105.3,1338756.7,4200.0,563433.6,378864.0,0,1.0,14.89,1.0,5.394,0.2
122864b8-8ef3-4dd9-b694-edd868ed15c2,1d36401f-2cf8-482c-8ff6-c945f5f587e3,EVT-REAL-2026-01520,18.89133,82.25353,Chhattisgarh,Korba,,,2026-01-19,TEST,Korba,EASTERN_COAL_BELT,Other Thermal Source,REAL,BACKGROUND_THERMAL_SOURCE,UNVERIFIED,REAL,False,True,29.74,27.17,2.569046515733026,347.22,342.13,5.090000000000032,20327.536144267106,488684.9,1338422.0,4200.0,562966.9,378401.5,0,1.0,16.44,1.0,6.509,0.2
82263f4b-47fb-4363-8668-23fabbfd6431,e6f636fb-f76c-46e4-85fd-54398bebe7c5,EVT-REAL-2026-01521,21.73944,84.29816,Chhattisgarh,Korba,,,2026-01-19,TEST,Korba,EASTERN_COAL_BELT,Other Thermal Source,REAL,BACKGROUND_THERMAL_SOURCE,UNVERIFIED,REAL,False,True,26.4,26.04,0.36055512754639896,341.97,333.54,8.430000000000007,19709.45376119332,186395.6,1175092.9,4200.0,273950.0,178227.8,0,1.0,28.0,1.0,3.911,0.2
a5dbc207-a0a5-4258-9edc-63282275c596,1aae1e0f-b5b8-4a9c-8c80-e1dcdc733b3e,EVT-REAL-2026-01522,27.97253,78.72419,Uttar Pradesh,Sonbhadra,,,2026-01-19,TEST,Sonbhadra,GENERAL_INDIAN_TERRITORY,Uncertain,UNKNOWN,LOW_CONFIDENCE_HOTSPOT,UNVERIFIED,REAL,False,True,8.44,8.44,0.0,343.38,343.38,0.0,5171.668345820599,496763.0,284300.7,4200.0,583816.2,567026.1,0,0.8333,11.11,1.0,1.413,0.65
30d8ed81-0c91-49b2-9c90-56f04faeefb3,643a7396-5f6e-4358-a67d-a44c7369dd48,EVT-REAL-2026-01523,31.84694,75.3324,Punjab,Sangrur,74e284ec-3710-48fe-b9ef-7a45c7fbb419,Clay Building Materials (Brickyard / Brickworks / Kiln) (Way #1518467436),2026-01-19,TEST,74e284ec-3710-48fe-b9ef-7a45c7fbb419,NORTHERN_AGRICULTURE,Uncertain,UNKNOWN,LOW_CONFIDENCE_HOTSPOT,UNVERIFIED,REAL,False,True,15.13,15.13,0.0,337.94,337.94,0.0,1772.9028980913845,1031784.3,4484.6,4200.0,1120624.7,1104880.2,0,1.0,41.78,1.0,2.628,0.95
40bcc26c-f5c5-4bbe-b9d3-505f2466a053,8d8ef20a-b6c8-4216-a714-334cbc35e346,EVT-REAL-2026-01524,31.84618,75.32914,Punjab,Sangrur,74e284ec-3710-48fe-b9ef-7a45c7fbb419,Clay Building Materials (Brickyard / Brickworks / Kiln) (Way #1518467436),2026-01-19,TEST,74e284ec-3710-48fe-b9ef-7a45c7fbb419,NORTHERN_AGRICULTURE,Uncertain,UNKNOWN,LOW_CONFIDENCE_HOTSPOT,UNVERIFIED,REAL,False,True,28.72,28.72,0.0,345.26,345.26,0.0,1816.9817128756893,1031880.4,4400.8,4200.0,1120772.2,1105023.6,0,1.0,40.0,1.0,4.968,0.95
04de8c9c-3cf5-4398-8b46-a967855dab74,8b4cd5ad-238a-4dbf-a0b0-10677ec7ac87,EVT-REAL-2026-01525,27.9693,78.7206,Uttar Pradesh,Sonbhadra,,,2026-01-19,TEST,Sonbhadra,GENERAL_INDIAN_TERRITORY,Uncertain,UNKNOWN,LOW_CONFIDENCE_HOTSPOT,UNVERIFIED,REAL,False,True,32.9,32.9,0.0,333.7,333.7,0.0,4867.055576532642,496589.8,284341.1,4200.0,583814.9,567011.8,0,0.8,11.11,1.0,5.586,0.65
596a943a-85e9-44bd-82dd-34320b059e09,799f68e3-da02-45eb-8bbb-ab457d5209e7,EVT-REAL-2026-01526,27.5756,79.5504,Uttar Pradesh,Sonbhadra,,,2026-01-19,TEST,Sonbhadra,GENERAL_INDIAN_TERRITORY,Agricultural Burning,REAL,BHUVAN_AGRICULTURAL_CYCLE,UNVERIFIED,REAL,False,True,10.0,10.0,0.0,312.7,312.7,0.0,14213.54470738705,426054.5,372193.1,4200.0,495827.6,479909.5,0,1.0,8.89,1.0,2.77,0.2
fc0f6b00-d597-45c7-97be-137654f6bd02,60738299-d82c-48f7-94ca-e9b6f2d83207,EVT-REAL-2026-01527,27.4738,80.6083,Uttar Pradesh,Sonbhadra,,,2026-01-19,TEST,Sonbhadra,GENERAL_INDIAN_TERRITORY,Agricultural Burning,REAL,BHUVAN_AGRICULTURAL_CYCLE,UNVERIFIED,REAL,False,True,30.5,30.5,0.0,331.3,331.3,0.0,10085.871401532559,396385.0,459107.5,4200.0,424030.7,411086.3,0,0.5667,4.67,1.0,7.411,0.2
e50113ad-6d67-4d03-aa78-1cb6be795b71,3ff7f11f-a2bf-433e-956b-c826d74ed2f9,EVT-REAL-2026-01528,26.5611,81.0155,Madhya Pradesh,Singrauli,,,2026-01-19,TEST,Singrauli,EASTERN_COAL_BELT,Forest Fire,REAL,FSI_FOREST_CANOPY,UNVERIFIED,REAL,False,True,10.4,10.4,0.0,312.6,312.6,0.0,15137.633077021925,294769.1,554985.9,4200.0,317264.3,303378.9,0,0.1667,1.11,1.0,2.975,0.2
c3558382-86f1-49ce-b953-8f14381504c9,5d50a418-edfe-4547-abd2-c9f4e7ab1bb7,EVT-REAL-2026-01529,30.5131,76.249,Punjab,Sangrur,ea4d5b50-3661-4cfc-832e-022ce30381bf,Solar Photovoltaic / Solar Thermal Power Generation (Way #722342238),2026-01-19,TEST,ea4d5b50-3661-4cfc-832e-022ce30381bf,NORTHERN_AGRICULTURE,Agricultural Burning,REAL,BHUVAN_AGRICULTURAL_CYCLE,UNVERIFIED,REAL,False,True,8.8,8.8,0.0,307.9,307.9,0.0,402.35526141079936,860136.4,0.0,4200.0,953214.2,936897.5,4,1.0,16.89,1.0,1.463,0.95
7086998b-af2b-46ed-ae36-84ac1bd22120,3e512c0b-a638-46d6-bb17-78c28f492e3e,EVT-REAL-2026-01530,31.7075,76.0496,Punjab,Sangrur,0941a3fe-43cb-4501-b6ef-5a7179fdce99,Designated Industrial Park / Estate (Way #977470735),2026-01-19,TEST,0941a3fe-43cb-4501-b6ef-5a7179fdce99,NORTHERN_AGRICULTURE,Agricultural Burning,REAL,BHUVAN_AGRICULTURAL_CYCLE,UNVERIFIED,REAL,False,True,8.5,8.5,0.0,307.9,307.9,0.0,115.3367631177569,983387.6,0.0,4200.0,1064029.3,1048905.6,4,0.4,3.56,1.0,1.505,0.95
eaa8147b-ad58-4783-bed2-0a92b751876d,d20b880f-bd39-46d3-9667-ab2e056f21af,EVT-REAL-2026-01531,26.413,81.94695,Madhya Pradesh,Singrauli,,,2026-01-20,TEST,Singrauli,EASTERN_COAL_BELT,Uncertain,UNKNOWN,LOW_CONFIDENCE_HOTSPOT,UNVERIFIED,REAL,False,True,8.03,8.03,0.0,342.45,342.45,0.0,9213.541997825,287107.6,636167.8,4200.0,259761.9,251157.0,0,0.4333,4.22,1.0,2.014,0.2
25a0ba81-1d00-41ea-8b22-eb8b58c716ef,58a2753d-e669-4a59-bab3-3d42351091ab,EVT-REAL-2026-01532,27.51619,80.09933,Uttar Pradesh,Sonbhadra,,,2026-01-20,TEST,Sonbhadra,GENERAL_INDIAN_TERRITORY,Uncertain,UNKNOWN,LOW_CONFIDENCE_HOTSPOT,UNVERIFIED,REAL,False,True,14.55,14.55,0.0,338.4,338.4,0.0,5759.581202089686,406736.9,416769.6,4200.0,456310.7,441746.1,0,0.5333,5.78,1.0,2.178,0.65
ff2dc52b-65b5-4702-af45-b49b421ff7c0,ba1e9f68-2ef8-4d9b-af95-575e2ea2eeec,EVT-REAL-2026-01533,27.86165,78.13691,Rajasthan,Barmer,,,2026-01-20,TEST,Barmer,GENERAL_INDIAN_TERRITORY,Uncertain,UNKNOWN,LOW_CONFIDENCE_HOTSPOT,UNVERIFIED,REAL,False,True,8.94,8.94,0.0,328.77,328.77,0.0,2697.979316546694,513625.0,260852.1,4200.0,618271.7,600317.2,0,0.1,0.89,1.0,3.862,0.65
6b7f4081-fbf9-4ec3-937c-86a32dbefc9b,810c88a6-5ce1-47dc-a966-025533e24835,EVT-REAL-2026-01534,27.63629,79.99039,Uttar Pradesh,Sonbhadra,2704b404-42d5-4208-a147-3b031fc8591f,Designated Industrial Park / Estate (Way #454465911),2026-01-20,TEST,2704b404-42d5-4208-a147-3b031fc8591f,GENERAL_INDIAN_TERRITORY,Industrial Fire,REAL,OSM_FACILITY_GROUND_TRUTH,UNVERIFIED,REAL,False,True,9.09,9.09,0.0,343.95,343.95,0.0,935.087400460638,421811.2,399982.4,4200.0,473413.7,458815.9,0,0.5333,4.0,1.0,2.199,0.95
13063ce1-fbde-490a-af93-f36592f4201e,ce932120-2b3f-455c-a70b-71b4ecb0ffdc,EVT-REAL-2026-01535,31.36692,76.40157,Punjab,Sangrur,,,2026-01-20,TEST,Sangrur,NORTHERN_AGRICULTURE,Agricultural Burning,REAL,BHUVAN_AGRICULTURAL_CYCLE,UNVERIFIED,REAL,False,True,10.73,10.64,0.1,340.8,335.35,5.449999999999989,3694.0499612222156,934126.4,0.0,4200.0,1013613.6,998516.3,4,0.6333,9.11,1.0,1.347,0.65
fa3fbbe5-5b57-4faf-bfbd-e8bd32deef1f,bb6e668c-c2a4-431f-b506-62d4496cb3ab,EVT-REAL-2026-01536,31.04782,74.00937,Punjab,Sangrur,,,2026-01-20,TEST,Sangrur,NORTHERN_AGRICULTURE,Agricultural Burning,REAL,BHUVAN_AGRICULTURAL_CYCLE,UNVERIFIED,REAL,False,True,10.13,10.13,0.0,339.62,339.62,0.0,51633.24619172708,1037613.6,18196.9,4200.0,1151820.3,1134069.6,0,0.0,0.0,1.0,1.0,0.2
5071cbe6-ad50-4765-bf01-5d2d1e49cb39,b2e0f835-ad38-4b6a-bb57-5eab72be7885,EVT-REAL-2026-01537,21.9627,85.67092,Odisha,Angul,,,2026-01-20,TEST,Angul,EASTERN_COAL_BELT,Uncertain,UNKNOWN,LOW_CONFIDENCE_HOTSPOT,UNVERIFIED,REAL,False,True,26.07,26.07,0.0,367.0,367.0,0.0,24776.709822313525,44319.2,1249204.0,4200.0,343424.8,310810.3,0,0.5333,6.22,1.0,4.73,0.2
00dd8ea5-cd7e-4514-a831-3065174a1451,37478aac-46de-4cc7-a63d-e2c6bf11d088,EVT-REAL-2026-01538,21.6777,85.6237,Odisha,Angul,,,2026-01-20,TEST,Angul,EASTERN_COAL_BELT,Uncertain,UNKNOWN,LOW_CONFIDENCE_HOTSPOT,UNVERIFIED,REAL,False,True,34.2,34.2,0.0,309.9,309.9,0.0,26674.97960475992,49294.0,1269007.5,4200.0,361156.4,311701.7,0,0.8,6.67,1.0,7.88,0.2
f3d601c3-574c-4bc0-b23a-cf24c9e0b463,812f9c1e-cea0-4710-941d-c9f7a401f2cb,EVT-REAL-2026-01539,21.6699,85.6185,Odisha,Angul,,,2026-01-20,TEST,Angul,EASTERN_COAL_BELT,Uncertain,UNKNOWN,LOW_CONFIDENCE_HOTSPOT,UNVERIFIED,REAL,False,True,33.9,33.9,0.0,310.2,310.2,0.0,26884.62184438404,49834.9,1269284.0,4200.0,361381.8,311378.4,0,1.0,10.67,1.0,8.097,0.2
e4ecad96-254c-4d10-b50b-d2e582d70b0e,d362bbee-04ba-43df-9161-016390efa205,EVT-REAL-2026-01540,14.1861,80.093,Andhra Pradesh,East Godavari,1d085a5a-f606-4e8e-9eae-722f4f2d58b9,Designated Industrial Park / Estate (Way #809238308),2026-01-20,TEST,1d085a5a-f606-4e8e-9eae-722f4f2d58b9,GENERAL_INDIAN_TERRITORY,Industrial Fire,REAL,OSM_FACILITY_GROUND_TRUTH,UNVERIFIED,REAL,False,True,25.5,25.5,0.0,313.9,313.9,0.0,1274.6750446766814,1020983.7,1772680.0,4200.0,1117616.4,933965.8,0,0.0667,0.44,1.0,3.569,0.95
df3e4494-bd81-4129-b971-c3d37e0231e0,ce0fffbc-1cef-4eff-9d54-5103031591f1,EVT-REAL-2026-01541,14.1951,80.0843,Andhra Pradesh,East Godavari,71c096c8-65de-41ea-8ff8-3243eacf6735,Simhapuri Power Plant,2026-01-20,TEST,71c096c8-65de-41ea-8ff8-3243eacf6735,GENERAL_INDIAN_TERRITORY,Industrial Fire,REAL,OSM_FACILITY_GROUND_TRUTH,UNVERIFIED,REAL,False,True,48.4,48.4,0.0,321.0,321.0,0.0,1309.5299214145864,1020771.0,1771530.4,4200.0,1116884.9,933259.6,0,0.0667,0.44,1.0,4.356,0.95
45b024d2-fa5e-47f2-9657-c1228e3dccf6,50e60a83-516c-48be-b5af-3fb55ef98642,EVT-REAL-2026-01542,20.9637,86.0056,Odisha,Angul,ccfecf36-122a-46ec-8e75-8ab9585c9ee8,TATA Steel,2026-01-20,TEST,ccfecf36-122a-46ec-8e75-8ab9585c9ee8,EASTERN_COAL_BELT,Gas Flare,WEAKLY_LABELED,FACILITY_THERMAL_BASE,UNVERIFIED,REAL,False,True,26.0,26.0,0.0,327.2,327.2,0.0,924.1022242453432,49291.5,1354369.2,4200.0,445831.9,374719.3,1,1.0,2570.44,0.0,6.879,0.95
1634a989-3bee-4e9a-9c05-3884499dcc2a,7ff37b74-2ecf-4367-82f2-68ed43b6a92f,EVT-REAL-2026-01543,22.5561,70.6686,Gujarat,Jamnagar,,,2026-01-21,TEST,Jamnagar,WESTERN_PETROCHEMICAL,Uncertain,UNKNOWN,LOW_CONFIDENCE_HOTSPOT,UNVERIFIED,REAL,False,True,28.8,28.8,0.0,319.9,319.9,0.0,8838.549083567172,1043505.3,886701.2,4200.0,1250565.5,1219342.8,0,1.0,15.78,1.0,3.545,0.2
326d78a1-63a4-408c-ac78-4a890614f26e,3989793a-ed13-42db-b015-5bb2aab1bcf0,EVT-REAL-2026-01544,31.49259,76.92251,National / Other,,,,2026-01-21,TEST,National / Other,GENERAL_INDIAN_TERRITORY,Uncertain,UNKNOWN,LOW_CONFIDENCE_HOTSPOT,UNVERIFIED,REAL,False,True,12.66,11.61,1.0488088481701516,349.65,347.19,2.4599999999999795,7811.533220551325,924006.5,11639.6,4200.0,993669.7,979387.2,0,0.3667,5.11,1.0,3.73,0.65
5228ee90-173e-44da-8ffb-20b90390c73f,2067a5e7-c5a2-4cf3-af2d-1c8e6688ac8a,EVT-REAL-2026-01545,27.94983,80.98071,Uttar Pradesh,Sonbhadra,,,2026-01-21,TEST,Sonbhadra,GENERAL_INDIAN_TERRITORY,Agricultural Burning,REAL,BHUVAN_AGRICULTURAL_CYCLE,UNVERIFIED,REAL,False,True,12.49,12.49,0.0,343.29,343.29,0.0,16583.558629745705,448651.6,461363.4,4200.0,453546.8,443103.4,0,0.5667,4.0,1.0,3.777,0.2
b14ef4c8-78bd-4517-a447-2cde9a7dcf6f,136a2696-1ed3-4ae6-924f-33c830b870de,EVT-REAL-2026-01546,23.6836,86.3985,Jharkhand,Dhanbad,0348bfff-a7d5-4948-844e-1899cbf51b57,Designated Industrial Park / Estate (Way #825940073),2026-01-22,TEST,0348bfff-a7d5-4948-844e-1899cbf51b57,EASTERN_COAL_BELT,Uncertain,UNKNOWN,LOW_CONFIDENCE_HOTSPOT,UNVERIFIED,REAL,False,True,15.9,15.9,0.0,304.2,304.2,0.0,2000.6547582922597,180883.2,1176170.9,4200.0,337386.2,377671.0,0,1.0,4693.11,0.0,5.131,0.95
cfa4cb7b-c8a1-4b63-a140-011e34da5c8c,164954be-59b1-4d25-9e8a-57aef8ee94b0,EVT-REAL-2026-01547,21.5014,81.7455,Madhya Pradesh,Singrauli,,,2026-01-24,TEST,Singrauli,EASTERN_COAL_BELT,Uncertain,UNKNOWN,LOW_CONFIDENCE_HOTSPOT,UNVERIFIED,REAL,False,True,32.4,32.4,0.0,337.3,337.3,0.0,3049.143314366345,227115.1,1054195.5,4200.0,291991.6,119266.5,0,1.0,62.89,1.0,7.383,0.65
e3774933-d436-4281-8039-bb95f1bcde5c,1dd64aed-cf46-4697-a9c3-285829b38df4,EVT-REAL-2026-01548,24.2373,82.4288,Madhya Pradesh,Singrauli,36d83757-b5dd-43d6-9a69-6d3a12d0d492,Solar Photovoltaic / Solar Thermal Power Generation (Way #1499127735),2026-01-26,TEST,36d83757-b5dd-43d6-9a69-6d3a12d0d492,EASTERN_COAL_BELT,Gas Flare,WEAKLY_LABELED,FACILITY_THERMAL_BASE,UNVERIFIED,REAL,False,True,21.1,21.1,0.0,316.4,316.4,0.0,822.7384204144216,125567.0,839611.4,4200.0,37931.8,15476.6,0,1.0,34.0,1.0,3.103,0.95
896b05a6-34ff-4226-8cf4-fbdc880d8930,c5739b13-76ae-415e-a484-5173757cf987,EVT-REAL-2026-01549,22.14068,80.88124,Madhya Pradesh,Singrauli,,,2026-01-27,TEST,Singrauli,EASTERN_COAL_BELT,Uncertain,UNKNOWN,LOW_CONFIDENCE_HOTSPOT,UNVERIFIED,REAL,False,True,28.13,28.13,0.0,367.0,367.0,0.0,16034.941803208842,150543.7,951549.9,4200.0,280740.2,169876.9,0,0.5,8.67,1.0,2.937,0.2
be4e21b2-7b56-4b3f-87e4-8362553bb327,11966699-ca72-49cb-af3a-571801ee7fa7,EVT-REAL-2026-01550,23.6731,86.0947,Jharkhand,Dhanbad,52f465c3-1def-446f-8696-511667e0eacf,Industrial Manufacturing (cooling) (Way #669690360),2026-01-27,TEST,52f465c3-1def-446f-8696-511667e0eacf,EASTERN_COAL_BELT,Gas Flare,WEAKLY_LABELED,FACILITY_THERMAL_BASE,UNVERIFIED,REAL,False,True,18.7,18.7,0.0,307.4,307.4,0.0,991.8687677226183,179746.4,1152585.3,4200.0,306689.2,347192.5,0,1.0,3351.11,1.0,6.907,0.95
87c75cbd-feec-4882-a4f5-68b26fcc0ef9,5609db65-1a6b-4961-8d0d-d80b9eb27903,EVT-REAL-2026-01551,23.6761,86.0864,Jharkhand,Dhanbad,4d2b15db-0fa2-4129-9070-f4361c27eadd,Industrial Manufacturing (cooling) (Way #669690368),2026-01-27,TEST,4d2b15db-0fa2-4129-9070-f4361c27eadd,EASTERN_COAL_BELT,Gas Flare,WEAKLY_LABELED,FACILITY_THERMAL_BASE,UNVERIFIED,REAL,False,True,22.7,22.7,0.0,308.2,308.2,0.0,370.3369550195103,180083.2,1151717.1,4200.0,305811.1,346304.8,0,1.0,3378.0,1.0,8.43,0.95
bab3fa69-2926-470d-84e5-798fea4b844a,1aeedd16-4d22-4f40-b167-0c2a2101fef9,EVT-REAL-2026-01552,18.06913,82.07566,Chhattisgarh,Korba,,,2026-01-28,TEST,Korba,EASTERN_COAL_BELT,Other Thermal Source,REAL,BACKGROUND_THERMAL_SOURCE,UNVERIFIED,REAL,False,True,26.78,26.78,0.0,349.47,343.38,6.090000000000032,6941.211513054858,560206.7,1415520.9,4200.0,655452.2,470682.5,0,0.8667,10.44,1.0,4.205,0.65
b5959a33-bff0-4fdb-9707-01bc9b277a7c,8746389f-3ffd-421a-9029-c2f1e3b8907d,EVT-REAL-2026-01553,18.07456,82.07728,Chhattisgarh,Korba,,,2026-01-28,TEST,Korba,EASTERN_COAL_BELT,Other Thermal Source,REAL,BACKGROUND_THERMAL_SOURCE,UNVERIFIED,REAL,False,True,37.66,33.62,4.034848200366403,367.0,356.69,10.310000000000002,7410.110925825241,559678.3,1415023.0,4200.0,654835.7,470067.6,0,0.7667,9.33,1.0,6.72,0.65
10502732-e597-4e2e-8cf7-503043bd4fba,eceed51b-a365-40a0-9000-87990029d177,EVT-REAL-2026-01554,15.3836,76.6105,Karnataka,Ballari,,,2026-01-28,TEST,Ballari,GENERAL_INDIAN_TERRITORY,Uncertain,UNKNOWN,LOW_CONFIDENCE_HOTSPOT,UNVERIFIED,REAL,False,True,20.6,20.6,0.0,314.7,314.7,0.0,3852.1128403743683,1000178.2,1607708.2,4200.0,1148676.5,986580.5,0,1.0,15.33,1.0,3.712,0.65
93c052bd-4645-4adc-845f-a895b80be93c,cfe74965-99e3-4c01-aa85-97a298382f27,EVT-REAL-2026-01555,12.66047,76.63497,Tamil Nadu,Chennai,,,2026-01-31,TEST,Chennai,GENERAL_INDIAN_TERRITORY,Uncertain,UNKNOWN,LOW_CONFIDENCE_HOTSPOT,UNVERIFIED,REAL,False,True,31.63,31.63,0.0,349.3,349.3,0.0,15000.180863913793,1277907.8,1908955.3,4200.0,1408705.7,1235994.8,0,1.0,19.56,1.0,5.377,0.2
2b3c3264-3632-41ec-ac6d-8c1b6306f18e,618c93e5-1bff-411e-9992-566d3f2aa3ae,EVT-REAL-2026-01556,19.2994,81.6671,Chhattisgarh,Korba,,,2026-02-02,TEST,Korba,EASTERN_COAL_BELT,Other Thermal Source,REAL,BACKGROUND_THERMAL_SOURCE,UNVERIFIED,REAL,False,True,22.49,22.46,0.0,348.78,348.64,0.13999999999998636,36238.12467305207,467106.7,1273027.3,4200.0,528119.4,343868.4,0,1.0,18.0,1.0,4.63,0.2
74f7d010-56d8-43d3-81ab-0658310d5499,1ab6cbd0-9b1d-46e3-bef5-48a8086a8fc5,EVT-REAL-2026-01557,21.54061,81.75703,Madhya Pradesh,Singrauli,4544353d-b29b-40c5-a23a-0d2805e74d91,Designated Industrial Park / Estate (Way #310591078),2026-02-02,TEST,4544353d-b29b-40c5-a23a-0d2805e74d91,EASTERN_COAL_BELT,Uncertain,UNKNOWN,LOW_CONFIDENCE_HOTSPOT,UNVERIFIED,REAL,False,True,29.29,29.29,0.0,345.68,345.68,0.0,2320.5163361457685,223159.2,1050875.8,4200.0,287515.4,115258.7,0,1.0,128.89,1.0,14.294,0.95
89f51bd0-f265-4e00-8427-aa151e1d6841,a0bccca7-c72c-4b38-b4e8-1b17bf78bd17,EVT-REAL-2026-01558,23.72088,86.07884,Jharkhand,Dhanbad,,,2026-02-03,TEST,Dhanbad,EASTERN_COAL_BELT,Uncertain,UNKNOWN,LOW_CONFIDENCE_HOTSPOT,UNVERIFIED,REAL,False,True,15.32,15.32,0.0,352.2,352.2,0.0,3086.974621086418,185050.1,1148014.9,4200.0,304539.6,344813.9,0,1.0,241.78,1.0,5.37,0.65
773ca16b-82d4-491d-a0ff-6ce94d84a7af,39f17392-9d26-4457-9879-14c1ba28fc6c,EVT-REAL-2026-01559,19.23886,81.63581,Chhattisgarh,Korba,,,2026-02-03,TEST,Korba,EASTERN_COAL_BELT,Uncertain,UNKNOWN,LOW_CONFIDENCE_HOTSPOT,UNVERIFIED,REAL,False,True,24.01,24.01,0.0,344.21,344.21,0.0,32386.16897022487,473495.5,1278039.9,4200.0,535380.6,351191.1,0,0.6667,12.0,1.0,3.627,0.2
0e3ace87-e36b-4319-98cb-b81545b504eb,908dd80e-a58f-4c85-bb62-eb09518a7122,EVT-REAL-2026-01560,18.9871,82.2512,Chhattisgarh,Korba,,,2026-02-03,TEST,Korba,EASTERN_COAL_BELT,Mining Activity,REAL,IBM_MINING_GROUND_TRUTH,UNVERIFIED,REAL,False,True,26.0,26.0,0.0,325.5,325.5,0.0,14144.136807373605,482842.4,1328595.7,4200.0,552443.8,367847.8,0,1.0,20.22,1.0,4.908,0.2
7560bac4-e673-4e43-b12f-97845c821533,aebbd113-d57c-4e76-8f5d-c51802c0cc90,EVT-REAL-2026-01561,19.6816,82.0855,Chhattisgarh,Korba,,,2026-02-03,TEST,Korba,EASTERN_COAL_BELT,Uncertain,UNKNOWN,LOW_CONFIDENCE_HOTSPOT,UNVERIFIED,REAL,False,True,21.2,21.2,0.0,323.0,323.0,0.0,12542.712885591012,431550.0,1251240.0,4200.0,478367.0,293399.8,0,0.5333,4.44,1.0,5.131,0.2
c581bbef-5637-41ee-9227-e5e1ca5f536b,053b852d-609c-4dda-a7a0-acd21f337ddb,EVT-REAL-2026-01562,19.6185,82.5312,Chhattisgarh,Korba,,,2026-02-03,TEST,Korba,EASTERN_COAL_BELT,Uncertain,UNKNOWN,LOW_CONFIDENCE_HOTSPOT,UNVERIFIED,REAL,False,True,24.0,24.0,0.0,326.3,326.3,0.0,34669.61287600736,421245.8,1277337.8,4200.0,480421.7,296887.2,0,1.0,42.44,1.0,4.193,0.2
ef2d4aa2-2987-44bd-99c6-144f42a302bf,28b37933-0dd2-4d3d-be99-c106df5a8c6b,EVT-REAL-2026-01563,15.1385,76.5689,Karnataka,Ballari,,,2026-02-04,TEST,Ballari,GENERAL_INDIAN_TERRITORY,Uncertain,UNKNOWN,LOW_CONFIDENCE_HOTSPOT,UNVERIFIED,REAL,False,True,15.2,15.2,0.0,325.2,325.2,0.0,4585.44370613935,1026620.2,1634871.1,4200.0,1173832.9,1010741.3,0,1.0,47.11,1.0,1.436,0.65
fde2d62e-d729-44f3-83ef-a52780e43c01,3aeb3fae-9b84-4c2d-b6ec-601bcb263efb,EVT-REAL-2026-01564,15.1298,76.5704,Karnataka,Ballari,,,2026-02-04,TEST,Ballari,GENERAL_INDIAN_TERRITORY,Uncertain,UNKNOWN,LOW_CONFIDENCE_HOTSPOT,UNVERIFIED,REAL,False,True,25.7,25.7,0.0,333.6,333.6,0.0,3605.6117993183952,1027424.8,1635832.1,4200.0,1174554.5,1011407.7,0,1.0,45.11,1.0,2.435,0.65
14ce4c5d-cb91-4a03-9b08-4f070eef4051,5092c06b-f7fe-4f21-b8ac-a4af1702befa,EVT-REAL-2026-01565,18.9868,82.2865,Chhattisgarh,Korba,,,2026-02-04,TEST,Korba,EASTERN_COAL_BELT,Mining Activity,REAL,IBM_MINING_GROUND_TRUTH,UNVERIFIED,REAL,False,True,35.3,35.3,0.0,320.0,320.0,0.0,16628.68077415769,479792.6,1330111.6,4200.0,552112.5,367619.1,0,1.0,39.78,1.0,5.601,0.2
4430ca1e-c36f-4a6d-b1f9-77ed7b0b7dfa,852baa5f-4776-4fb9-b805-0f26b08b5a9b,EVT-REAL-2026-01566,18.9871,82.2989,Chhattisgarh,Korba,,,2026-02-04,TEST,Korba,EASTERN_COAL_BELT,Mining Activity,REAL,IBM_MINING_GROUND_TRUTH,UNVERIFIED,REAL,False,True,50.5,35.9,14.6,324.7,319.9,4.800000000000011,17574.807471274045,478698.0,1330604.9,4200.0,551957.1,367502.8,0,1.0,34.44,1.0,7.713,0.2
47c38110-e726-4bcd-a80a-3c4e48fb7aa4,1562d33d-fa54-47df-bbce-cc4effd79498,EVT-REAL-2026-01567,23.6808,86.3976,Jharkhand,Dhanbad,0348bfff-a7d5-4948-844e-1899cbf51b57,Designated Industrial Park / Estate (Way #825940073),2026-02-04,TEST,0348bfff-a7d5-4948-844e-1899cbf51b57,EASTERN_COAL_BELT,Uncertain,UNKNOWN,LOW_CONFIDENCE_HOTSPOT,UNVERIFIED,REAL,False,True,15.4,15.4,0.0,300.7,300.7,0.0,2309.700630613734,180573.1,1176289.0,4200.0,337325.7,377624.0,0,1.0,4765.78,0.0,4.97,0.95
1a53809c-77c2-4dc6-af11-dc0d3b7ff2eb,8a36be58-3110-4f19-946f-dfceec179a38,EVT-REAL-2026-01568,19.194,82.6291,Chhattisgarh,Korba,,,2026-02-05,TEST,Korba,EASTERN_COAL_BELT,Uncertain,UNKNOWN,LOW_CONFIDENCE_HOTSPOT,UNVERIFIED,REAL,False,True,54.0,54.0,0.0,319.6,319.6,0.0,13355.905066284056,437089.6,1324166.0,4200.0,526905.3,343879.4,0,0.6333,5.78,1.0,9.247,0.2
2e79db3b-88d3-4f6c-9220-7f6080c40574,3aec97c2-a031-4fec-a229-cbeec23ada88,EVT-REAL-2026-01569,19.2055,82.6315,Chhattisgarh,Korba,,,2026-02-05,TEST,Korba,EASTERN_COAL_BELT,Uncertain,UNKNOWN,LOW_CONFIDENCE_HOTSPOT,UNVERIFIED,REAL,False,True,29.0,29.0,0.0,313.8,313.8,0.0,12444.966498937929,436160.5,1323123.3,4200.0,525624.7,342606.4,0,0.4667,4.67,1.0,4.311,0.2
c1865ed2-2d26-417b-876a-1eba766600dd,933ab540-0f3b-43e9-9bcc-18319f3f1a37,EVT-REAL-2026-01570,12.80933,76.68519,Tamil Nadu,Chennai,,,2026-02-05,TEST,Chennai,GENERAL_INDIAN_TERRITORY,Other Thermal Source,REAL,BACKGROUND_THERMAL_SOURCE,UNVERIFIED,REAL,False,True,24.24,24.24,0.0,351.56,345.46,6.100000000000023,11683.02500248431,1260564.3,1892448.3,4200.0,1391542.6,1218982.7,0,1.0,24.44,1.0,4.305,0.2
11d176c0-e6fb-43d4-be17-651af9ba61c6,4c9ecd2d-6147-4f75-b520-c10da75951a6,EVT-REAL-2026-01571,18.32511,80.73038,Chhattisgarh,Korba,,,2026-02-06,TEST,Korba,EASTERN_COAL_BELT,Uncertain,UNKNOWN,LOW_CONFIDENCE_HOTSPOT,UNVERIFIED,REAL,False,True,20.63,20.63,0.0,341.14,341.14,0.0,27339.763357311967,572991.2,1342558.6,4200.0,658804.8,478081.2,0,0.9333,29.78,1.0,2.894,0.2
264d1794-0177-4315-b89a-455f2e1d8889,486e3097-fc54-4239-b6ef-c83cbc6d4175,EVT-REAL-2026-01572,19.66239,82.58701,Chhattisgarh,Korba,,,2026-02-06,TEST,Korba,EASTERN_COAL_BELT,Uncertain,UNKNOWN,LOW_CONFIDENCE_HOTSPOT,UNVERIFIED,REAL,False,True,20.56,20.56,0.0,367.0,367.0,0.0,38743.33214649164,413785.3,1275533.6,4200.0,475268.9,292030.2,0,1.0,25.56,1.0,6.864,0.2
a9e63828-944d-4b12-b87e-8191cdf847cf,a7582628-22c7-4621-ac2e-888d534810e8,EVT-REAL-2026-01573,18.31796,80.71607,Chhattisgarh,Korba,,,2026-02-06,TEST,Korba,EASTERN_COAL_BELT,Other Thermal Source,REAL,BACKGROUND_THERMAL_SOURCE,UNVERIFIED,REAL,False,True,25.91,22.61,2.3345235059857505,367.0,355.29,11.70999999999998,25698.808815483048,573803.3,1342887.7,4200.0,660040.0,479396.4,0,1.0,24.67,1.0,4.214,0.2
0770d926-24f1-4b8c-8ad4-17cd11af4c7c,87da85fe-e813-4ab1-aff2-36c256089ece,EVT-REAL-2026-01574,12.31757,76.14776,Karnataka,Ballari,,,2026-02-06,TEST,Ballari,GENERAL_INDIAN_TERRITORY,Uncertain,UNKNOWN,LOW_CONFIDENCE_HOTSPOT,UNVERIFIED,REAL,False,True,20.35,20.35,0.0,354.99,354.99,0.0,3125.2278417402094,1331865.5,1947312.6,4200.0,1466636.9,1295365.1,0,0.2333,2.0,1.0,2.27,0.65
83635dce-23f4-4d25-9ad6-dc231cd5fa42,2bdbabab-d3c9-4f25-bb64-6d48fede8b6d,EVT-REAL-2026-01575,12.38784,76.08929,Karnataka,Ballari,,,2026-02-06,TEST,Ballari,GENERAL_INDIAN_TERRITORY,Uncertain,UNKNOWN,LOW_CONFIDENCE_HOTSPOT,UNVERIFIED,REAL,False,True,24.39,24.39,0.0,349.93,349.93,0.0,6952.925841671669,1326920.4,1939574.8,4200.0,1462737.0,1291947.5,0,0.4333,4.0,1.0,6.804,0.65
97b2de58-836f-4e38-9922-7c87aea86f1f,6f826347-80f4-4996-98a2-aa6aede36502,EVT-REAL-2026-01576,18.35372,82.09158,Chhattisgarh,Korba,,,2026-02-06,TEST,Korba,EASTERN_COAL_BELT,Other Thermal Source,REAL,BACKGROUND_THERMAL_SOURCE,UNVERIFIED,REAL,False,True,36.05,31.0,5.049752469181039,367.0,367.0,0.0,16595.931657714103,538411.7,1386832.9,4200.0,623966.8,439171.2,0,1.0,11.78,1.0,9.049,0.2
dc3c1ac5-38d5-4d8b-8b79-979585638c7c,1c0c5e84-f3e8-4594-9a0d-3cd2b7f38ada,EVT-REAL-2026-01577,18.6905,82.1868,Chhattisgarh,Korba,,,2026-02-06,TEST,Korba,EASTERN_COAL_BELT,Uncertain,UNKNOWN,LOW_CONFIDENCE_HOTSPOT,UNVERIFIED,REAL,False,True,22.4,22.4,0.0,329.8,329.8,0.0,8190.110472881613,507464.6,1356132.9,4200.0,585802.4,401118.7,0,0.6333,6.89,1.0,5.326,0.2
ed83cbdb-d10e-4a23-a15c-5fe4852a0f55,6ec97230-ea14-42f0-acbf-e1831b625619,EVT-REAL-2026-01578,23.6468,86.2419,Jharkhand,Dhanbad,,,2026-02-06,TEST,Dhanbad,EASTERN_COAL_BELT,Uncertain,UNKNOWN,LOW_CONFIDENCE_HOTSPOT,UNVERIFIED,REAL,False,True,15.1,15.1,0.0,312.3,312.3,0.0,5979.844688308865,176813.2,1166135.7,4200.0,321939.0,362479.8,0,0.5,8.22,1.0,2.507,0.65
ae4d1291-b624-4364-84a8-9e0b160d3412,31caa16b-0c7f-4639-9f50-fd32c2f26680,EVT-REAL-2026-01579,23.6488,86.2602,Jharkhand,Dhanbad,,,2026-02-06,TEST,Dhanbad,EASTERN_COAL_BELT,Uncertain,UNKNOWN,LOW_CONFIDENCE_HOTSPOT,UNVERIFIED,REAL,False,True,23.7,23.7,0.0,316.3,316.3,0.0,4300.794911152245,177033.2,1167460.2,4200.0,323768.4,364289.3,0,0.4333,10.67,1.0,3.929,0.65
39058030-47f4-479f-b631-ff1389aafc1f,942d1cf3-0d44-4541-b340-f616ddec11b2,EVT-REAL-2026-01580,22.11,80.8979,Madhya Pradesh,Singrauli,,,2026-02-06,TEST,Singrauli,EASTERN_COAL_BELT,Uncertain,UNKNOWN,LOW_CONFIDENCE_HOTSPOT,UNVERIFIED,REAL,False,True,60.3,60.3,0.0,350.9,350.9,0.0,17356.565537921237,153942.6,955354.2,4200.0,282007.0,168576.9,0,0.6,8.22,1.0,12.889,0.2
f0f9391d-fe76-4c60-8385-4a1acbcd449c,cabf7447-3f3b-4b54-aa11-a4660a0943a2,EVT-REAL-2026-01581,22.1291,81.6526,Madhya Pradesh,Singrauli,,,2026-02-06,TEST,Singrauli,EASTERN_COAL_BELT,Uncertain,UNKNOWN,LOW_CONFIDENCE_HOTSPOT,UNVERIFIED,REAL,False,True,45.6,45.6,0.0,303.9,303.9,0.0,22583.68212663149,157340.8,988195.8,4200.0,233436.5,91414.3,0,0.2333,1.78,0.0,11.187,0.2
384f90f9-8a7d-452d-befb-2c8afaf04bc3,b011dd6d-c987-4023-a4ec-5f78f7407642,EVT-REAL-2026-01582,23.76715,86.40255,Jharkhand,Dhanbad,78ced2c8-7ae2-4a97-8583-28b5fa469a7c,Mining and Quarrying n.e.c. (Way #1010056601),2026-02-07,TEST,78ced2c8-7ae2-4a97-8583-28b5fa469a7c,EASTERN_COAL_BELT,Mining Activity,REAL,IBM_MINING_GROUND_TRUTH,UNVERIFIED,REAL,False,True,29.4,22.5,6.9,306.3,305.45,0.8500000000000227,1011.0009391917189,190136.8,1170835.1,4200.0,337007.7,376889.3,0,1.0,10811.78,0.5,9.534,0.95
b0c2cd72-0982-405a-87d3-fd8d766988f5,7f462399-52e4-4e74-9788-114202093a8b,EVT-REAL-2026-01583,23.68679,86.04797,Jharkhand,Dhanbad,7bf3054f-2077-4d18-81ff-295c18289b66,Designated Industrial Park / Estate (Way #134530464),2026-02-07,TEST,7bf3054f-2077-4d18-81ff-295c18289b66,EASTERN_COAL_BELT,Uncertain,UNKNOWN,LOW_CONFIDENCE_HOTSPOT,UNVERIFIED,REAL,False,True,19.15,19.15,0.0,350.49,350.49,0.0,1868.1836108142109,181340.4,1147920.5,4200.0,301786.1,342250.0,0,1.0,18.67,1.0,4.988,0.95
0f760392-64c5-4490-9dfe-494395d345f0,e933d09e-b7b2-4343-80cc-f54d03604b41,EVT-REAL-2026-01584,23.73034,86.44205,Jharkhand,Dhanbad,,,2026-02-07,TEST,Dhanbad,EASTERN_COAL_BELT,Other Thermal Source,REAL,BACKGROUND_THERMAL_SOURCE,UNVERIFIED,REAL,False,True,21.68,21.68,0.0,344.18,338.97,5.2099999999999795,5545.25765813254,186061.2,1176512.8,4200.0,341338.1,381381.5,0,1.0,3741.78,1.0,9.32,0.65
ba3d2dab-bfa4-4c3b-a6a6-96e0d1e8f218,21f3c790-74cf-439b-8a4c-8ebc2c7af796,EVT-REAL-2026-01585,18.81041,80.50188,Chhattisgarh,Korba,,,2026-02-07,TEST,Korba,EASTERN_COAL_BELT,Uncertain,UNKNOWN,LOW_CONFIDENCE_HOTSPOT,UNVERIFIED,REAL,False,True,30.63,30.63,0.0,343.86,343.86,0.0,36204.04700859552,520150.8,1284217.0,4200.0,616913.2,439911.4,0,0.7333,10.89,1.0,7.175,0.2
506c1428-8324-48c4-a84e-a088aaa09d36,e1d404f1-778e-43a8-ae24-b23b00fc0bcb,EVT-REAL-2026-01586,19.90767,81.8706,Chhattisgarh,Korba,,,2026-02-07,TEST,Korba,EASTERN_COAL_BELT,Uncertain,UNKNOWN,LOW_CONFIDENCE_HOTSPOT,UNVERIFIED,REAL,False,True,53.49,53.49,0.0,349.67,349.67,0.0,43844.92454627376,402914.2,1219217.2,4200.0,457782.7,273331.9,0,0.5,6.44,1.0,5.79,0.2
056f570c-ba37-41d1-8e9c-f6b648a02eed,aa91303b-5cde-4123-9943-843b60b2519f,EVT-REAL-2026-01587,19.96025,82.25925,Chhattisgarh,Korba,,,2026-02-08,TEST,Korba,EASTERN_COAL_BELT,Uncertain,UNKNOWN,LOW_CONFIDENCE_HOTSPOT,UNVERIFIED,REAL,False,True,24.24,24.24,0.0,343.93,343.93,0.0,32826.54822896063,405608.6,1230897.1,4200.0,445300.0,260466.4,0,1.0,39.11,1.0,4.355,0.2
edc03b1d-f625-42ca-9605-d18a52cd362f,a93c953a-a578-495a-8663-2054f793df10,EVT-REAL-2026-01588,18.59115,80.9221,Chhattisgarh,Korba,,,2026-02-08,TEST,Korba,EASTERN_COAL_BELT,Uncertain,UNKNOWN,LOW_CONFIDENCE_HOTSPOT,UNVERIFIED,REAL,False,True,21.78,21.78,0.0,344.8,344.8,0.0,35194.713884661134,543512.7,1320367.2,4200.0,624493.7,443155.5,0,0.5667,6.67,1.0,5.24,0.2
b8384ea3-688b-40cb-81cc-2b44f81cacc7,d7b3b125-6d81-4e63-aed2-5667a0a0512c,EVT-REAL-2026-01589,18.87295,82.1982,Chhattisgarh,Korba,,,2026-02-08,TEST,Korba,EASTERN_COAL_BELT,Other Thermal Source,REAL,BACKGROUND_THERMAL_SOURCE,UNVERIFIED,REAL,False,True,29.55,24.62,3.63318042491699,333.83,327.96,5.8700000000000045,15533.608569617038,494621.8,1337995.5,4200.0,565595.0,380895.1,0,1.0,33.11,1.0,3.955,0.2
84ff0908-c690-4545-815e-4b3995a9bd81,9bc6597d-f656-47bf-b9ac-eb79560e64e8,EVT-REAL-2026-01590,19.0627,82.206,Chhattisgarh,Korba,,,2026-02-08,TEST,Korba,EASTERN_COAL_BELT,Mining Activity,REAL,IBM_MINING_GROUND_TRUTH,UNVERIFIED,REAL,False,True,20.2,20.2,0.0,319.8,319.8,0.0,4689.559093663328,482162.0,1319024.5,4200.0,544628.0,359901.1,0,0.9667,11.78,1.0,2.782,0.65
999fe059-38ff-42f9-af2a-ca1d7fbdb9f5,f69ffe30-b956-4555-80d8-ddc338ea8a75,EVT-REAL-2026-01591,18.8643,82.1961,Chhattisgarh,Korba,,,2026-02-08,TEST,Korba,EASTERN_COAL_BELT,Uncertain,UNKNOWN,LOW_CONFIDENCE_HOTSPOT,UNVERIFIED,REAL,False,True,70.3,70.3,0.0,338.7,338.7,0.0,14569.729641218053,495353.8,1338789.8,4200.0,566570.8,381868.2,0,1.0,33.56,1.0,9.281,0.2
79017bc2-1066-47d3-a86d-a3742eb2248f,8f01b41a-8fd2-4185-a775-42af4807aff4,EVT-REAL-2026-01592,18.5837,80.9183,Chhattisgarh,Korba,,,2026-02-08,TEST,Korba,EASTERN_COAL_BELT,Uncertain,UNKNOWN,LOW_CONFIDENCE_HOTSPOT,UNVERIFIED,REAL,False,True,38.6,38.6,0.0,322.9,322.9,0.0,35695.74362383474,544337.0,1321031.4,4200.0,625401.5,444070.2,0,0.8,11.33,1.0,10.281,0.2
a36d779e-b926-4176-9893-6ae7ff11ea3e,1bf5e9ec-e309-4cc9-b970-2fe6741b939a,EVT-REAL-2026-01593,18.2809,80.6182,Chhattisgarh,Korba,,,2026-02-08,TEST,Korba,EASTERN_COAL_BELT,Uncertain,UNKNOWN,LOW_CONFIDENCE_HOTSPOT,UNVERIFIED,REAL,False,True,21.8,21.8,0.0,316.0,316.0,0.0,14898.158494717656,578148.0,1343929.6,4200.0,667305.7,487254.7,0,1.0,38.89,1.0,4.684,0.2
8bf755ea-8e4b-48ca-9b5e-61eb70517fb9,daf39764-9526-4626-b469-15fd0ae4acbe,EVT-REAL-2026-01594,19.4838,81.9556,Chhattisgarh,Korba,,,2026-02-08,TEST,Korba,EASTERN_COAL_BELT,Uncertain,UNKNOWN,LOW_CONFIDENCE_HOTSPOT,UNVERIFIED,REAL,False,True,29.8,29.8,0.0,323.0,323.0,0.0,33273.89585969039,450656.6,1265793.0,4200.0,502180.8,317277.9,0,0.3,2.22,1.0,6.421,0.2
093d28db-d09d-47ed-a070-5547dfb21b40,5454c48b-cc3e-4b85-8b7b-e4441820a86f,EVT-REAL-2026-01595,19.2545,82.7213,Chhattisgarh,Korba,dd2bf40f-24d6-4ef3-a21a-7b8cec52c921,Solar Photovoltaic / Solar Thermal Power Generation (Relation #13441175),2026-02-08,TEST,dd2bf40f-24d6-4ef3-a21a-7b8cec52c921,EASTERN_COAL_BELT,Uncertain,UNKNOWN,LOW_CONFIDENCE_HOTSPOT,UNVERIFIED,REAL,False,True,21.6,21.6,0.0,322.7,322.7,0.0,1570.0631387421383,425306.5,1322303.7,4200.0,519974.9,337207.9,0,1.0,21.11,1.0,3.949,0.95
07d387d4-73d0-4e0a-ad25-a19d961193e1,e57ec20e-8b8d-4e71-bd37-f04c4d6ad63a,EVT-REAL-2026-01596,21.9346,81.889,Madhya Pradesh,Singrauli,,,2026-02-08,TEST,Singrauli,EASTERN_COAL_BELT,Uncertain,UNKNOWN,LOW_CONFIDENCE_HOTSPOT,UNVERIFIED,REAL,False,True,47.8,47.8,0.0,333.2,333.2,0.0,11294.524105916422,185365.3,1018801.6,4200.0,241958.4,76653.2,0,1.0,23.11,1.0,9.167,0.2
bec829ea-20d6-4ca1-b133-aacc955e94c9,5186776a-5941-4dc0-b750-18b55eb7ed75,EVT-REAL-2026-01597,22.0108,81.8527,Madhya Pradesh,Singrauli,,,2026-02-08,TEST,Singrauli,EASTERN_COAL_BELT,Uncertain,UNKNOWN,LOW_CONFIDENCE_HOTSPOT,UNVERIFIED,REAL,False,True,21.9,21.9,0.0,321.6,321.6,0.0,19986.785901844705,176148.7,1009603.9,4200.0,235696.8,75916.3,0,1.0,13.33,1.0,4.727,0.2
189b7835-2b1b-4297-9e97-edeb905ecac9,27edf0b7-e782-4bf3-b3a6-e60e3c885e00,EVT-REAL-2026-01598,21.63892,81.51213,Madhya Pradesh,Singrauli,,,2026-02-09,TEST,Singrauli,EASTERN_COAL_BELT,Uncertain,UNKNOWN,LOW_CONFIDENCE_HOTSPOT,UNVERIFIED,REAL,False,True,26.24,26.24,0.0,334.45,334.45,0.0,19048.988494113593,207848.0,1029736.6,4200.0,288068.5,127257.3,0,1.0,49.56,1.0,4.864,0.2
ce541a15-3a1a-4dab-afe2-272f78aa7978,c0845b3f-0628-4c79-8149-7673bb78540f,EVT-REAL-2026-01599,18.65688,80.56476,Chhattisgarh,Korba,,,2026-02-09,TEST,Korba,EASTERN_COAL_BELT,Other Thermal Source,REAL,BACKGROUND_THERMAL_SOURCE,UNVERIFIED,REAL,False,True,27.1,24.67,1.772004514666935,333.11,328.97,4.139999999999986,21677.067344278843,536779.6,1302388.9,4200.0,630240.0,451958.2,0,1.0,72.89,1.0,4.493,0.2
7cbead88-b341-4f46-b1d2-2cb11f712860,f982722b-b82b-4d71-8347-a6dabfed35c2,EVT-REAL-2026-01600,18.33688,81.87131,Chhattisgarh,Korba,,,2026-02-09,TEST,Korba,EASTERN_COAL_BELT,Uncertain,UNKNOWN,LOW_CONFIDENCE_HOTSPOT,UNVERIFIED,REAL,False,True,21.7,21.7,0.0,346.28,346.28,0.0,24610.912682131475,557727.1,1380092.0,4200.0,628915.4,443948.1,0,0.6667,5.33,1.0,6.501,0.2
656c3f6f-4aa3-45d4-83d6-4ef878b09c0c,467166cd-8113-4d82-bd79-5d7d3f15ef66,EVT-REAL-2026-01601,18.33619,81.86597,Chhattisgarh,Korba,,,2026-02-09,TEST,Korba,EASTERN_COAL_BELT,Uncertain,UNKNOWN,LOW_CONFIDENCE_HOTSPOT,UNVERIFIED,REAL,False,True,37.96,37.96,0.0,341.71,341.71,0.0,25026.509579648187,558218.3,1379961.8,4200.0,629076.1,444108.9,0,0.7,5.56,1.0,10.831,0.2
8246897d-03b5-4b2b-bef1-f824b486a1d1,8014eb08-5592-4f44-a05e-2b441134a8d7,EVT-REAL-2026-01602,18.34792,80.55332,Chhattisgarh,Korba,,,2026-02-09,TEST,Korba,EASTERN_COAL_BELT,Uncertain,UNKNOWN,LOW_CONFIDENCE_HOTSPOT,UNVERIFIED,REAL,False,True,33.61,33.61,0.0,338.23,338.23,0.0,11586.80767367862,570997.1,1334912.3,4200.0,662656.7,483311.8,0,1.0,25.33,1.0,7.008,0.2
dede2c1f-b547-42e7-b3e0-5cab0497e41e,b3cba5d0-edd7-4868-9cc6-3d6c8ac910fb,EVT-REAL-2026-01603,18.3516,80.55277,Chhattisgarh,Korba,,,2026-02-09,TEST,Korba,EASTERN_COAL_BELT,Uncertain,UNKNOWN,LOW_CONFIDENCE_HOTSPOT,UNVERIFIED,REAL,False,True,33.61,33.61,0.0,343.04,343.04,0.0,11846.424204505069,570592.8,1334504.6,4200.0,662294.6,482966.5,0,1.0,29.33,1.0,6.762,0.2
92d9c304-82fc-4563-9f80-d5c33139b893,24256e90-6495-4a83-8f42-78ffba42f571,EVT-REAL-2026-01604,19.4065,82.45657,Chhattisgarh,Korba,,,2026-02-09,TEST,Korba,EASTERN_COAL_BELT,Uncertain,UNKNOWN,LOW_CONFIDENCE_HOTSPOT,UNVERIFIED,REAL,False,True,20.43,20.43,0.0,341.43,341.43,0.0,33093.1665963356,439664.9,1295161.1,4200.0,504338.3,320422.7,0,0.7667,8.22,1.0,4.209,0.2
290c7dbf-4028-49cb-a324-e3678779a0ce,fcb2b8b5-16ff-41da-83e2-dc4bbd1cd810,EVT-REAL-2026-01605,19.43521,82.66412,Chhattisgarh,Korba,,,2026-02-09,TEST,Korba,EASTERN_COAL_BELT,Uncertain,UNKNOWN,LOW_CONFIDENCE_HOTSPOT,UNVERIFIED,REAL,False,True,21.62,21.62,0.0,367.0,367.0,0.0,20442.011564826746,419386.3,1301682.2,4200.0,500104.8,317177.4,0,1.0,24.0,1.0,3.842,0.2
8721dacd-423a-4bcd-be7e-e57c8a25c116,9bea26d6-a344-4fbf-9890-586a0d2444ed,EVT-REAL-2026-01606,18.65805,80.5753,Chhattisgarh,Korba,,,2026-02-09,TEST,Korba,EASTERN_COAL_BELT,Other Thermal Source,REAL,BACKGROUND_THERMAL_SOURCE,UNVERIFIED,REAL,False,True,27.0,23.65,3.3496268448888453,328.1,325.7,2.400000000000034,22351.583347630396,536601.5,1302577.5,4200.0,629718.0,451347.2,0,1.0,63.78,1.0,5.201,0.2
5c1fe50c-4316-421f-83e2-260483687137,b113aec0-e651-4915-a0a0-5f3b61c85c01,EVT-REAL-2026-01607,19.7016,82.455,Chhattisgarh,Korba,,,2026-02-09,TEST,Korba,EASTERN_COAL_BELT,Uncertain,UNKNOWN,LOW_CONFIDENCE_HOTSPOT,UNVERIFIED,REAL,False,True,27.3,27.3,0.0,321.8,321.8,0.0,26456.3650301206,424036.3,1265579.8,4200.0,471767.5,287766.9,0,1.0,18.44,1.0,5.399,0.2
d550d64a-b38a-4e65-8311-44189b6e442a,5710cbda-98c6-4a85-b0ba-52e3d12261b7,EVT-REAL-2026-01608,19.59105,82.482,Chhattisgarh,Korba,,,2026-02-09,TEST,Korba,EASTERN_COAL_BELT,Other Thermal Source,REAL,BACKGROUND_THERMAL_SOURCE,UNVERIFIED,REAL,False,True,38.7,37.15,1.5491933384829668,325.6,325.1,0.5,30334.738485223595,427231.9,1277838.1,4200.0,483774.5,299951.4,0,1.0,42.0,1.0,5.777,0.2
99d97533-0529-4555-9b10-380398e3501f,84f10b58-c732-42ef-8b7a-387bc1b711f7,EVT-REAL-2026-01609,15.08166,76.76728,Andhra Pradesh,East Godavari,,,2026-02-10,TEST,East Godavari,GENERAL_INDIAN_TERRITORY,Other Thermal Source,REAL,BACKGROUND_THERMAL_SOURCE,UNVERIFIED,REAL,False,True,38.73,25.32,7.899367063252599,355.47,349.18,6.2900000000000205,5529.932083284924,1023537.2,1641006.5,4200.0,1167734.4,1002968.3,0,0.5667,14.0,1.0,8.344,0.65
91465f19-e5d4-4f27-ba44-53e7431cd5a5,456e9adf-c7eb-42fa-a179-995e445716fe,EVT-REAL-2026-01610,15.07971,76.77277,Andhra Pradesh,East Godavari,,,2026-02-10,TEST,East Godavari,GENERAL_INDIAN_TERRITORY,Other Thermal Source,REAL,BACKGROUND_THERMAL_SOURCE,UNVERIFIED,REAL,False,True,51.09,37.29,11.89915963419266,367.0,359.43,7.569999999999993,5323.830659902418,1023496.4,1641221.2,4200.0,1167606.3,1002792.5,0,0.3667,11.11,1.0,9.939,0.65
8fe11e78-e529-49f9-a1ec-ec60450719c4,eef15b20-8d6c-40a0-89af-3cbb08355c80,EVT-REAL-2026-01611,15.47462,76.97203,Andhra Pradesh,East Godavari,,,2026-02-10,TEST,East Godavari,GENERAL_INDIAN_TERRITORY,Other Thermal Source,REAL,BACKGROUND_THERMAL_SOURCE,UNVERIFIED,REAL,False,True,20.14,18.34,1.8055470085267789,367.0,360.51,6.490000000000009,7607.1645113282175,974879.7,1597618.5,4200.0,1119205.5,954947.8,0,1.0,18.0,1.0,2.695,0.65
1887466d-2cfb-4076-852d-178ec87dca89,16328bb0-8b5a-4069-9383-00ec08e96e14,EVT-REAL-2026-01612,23.70042,86.02103,Jharkhand,Dhanbad,,,2026-02-13,TEST,Dhanbad,EASTERN_COAL_BELT,Other Thermal Source,REAL,BACKGROUND_THERMAL_SOURCE,UNVERIFIED,REAL,False,True,16.31,16.11,0.2,341.48,332.79,8.689999999999998,4137.665295956216,182950.9,1144833.7,4200.0,298895.4,339306.9,0,1.0,27.78,1.0,2.007,0.65
a366832b-83d4-4507-9d31-cc0ec899b6db,5688227d-e249-4f47-9018-2e65ccfd5722,EVT-REAL-2026-01613,24.0941,82.6369,Madhya Pradesh,Singrauli,eecf2291-0da8-494c-9417-fc3414217f52,Designated Industrial Park / Estate (Way #803778816),2026-02-13,TEST,eecf2291-0da8-494c-9417-fc3414217f52,EASTERN_COAL_BELT,Industrial Fire,REAL,OSM_FACILITY_GROUND_TRUTH,UNVERIFIED,REAL,False,True,19.9,19.9,0.0,319.5,319.5,0.0,2462.4799446322713,142750.2,865413.0,4200.0,16583.6,2870.4,1,0.5333,5.56,1.0,3.09,0.95
26644a2a-ae7c-4a68-bfa7-3bc47942ca77,f60566da-8887-47f1-8a40-0b706b5bd4d9,EVT-REAL-2026-01614,15.1788,76.6555,Karnataka,Ballari,4eecf3da-549e-44d1-a698-4dce85b04ff7,Industrial Manufacturing (cooling) (Way #666448113),2026-02-13,TEST,4eecf3da-549e-44d1-a698-4dce85b04ff7,GENERAL_INDIAN_TERRITORY,Gas Flare,WEAKLY_LABELED,FACILITY_THERMAL_BASE,UNVERIFIED,REAL,False,True,20.7,20.7,0.0,315.4,315.4,0.0,226.97947525526436,1018666.6,1630321.7,4200.0,1165050.2,1001551.3,0,1.0,3417.33,0.0,7.734,0.95
d3979cca-8566-4127-b2a9-2424b46b228d,e7adf504-15ca-44cb-a7fd-e142f6c9d8a4,EVT-REAL-2026-01615,15.39088,76.68916,Karnataka,Ballari,,,2026-02-14,TEST,Ballari,GENERAL_INDIAN_TERRITORY,Uncertain,UNKNOWN,LOW_CONFIDENCE_HOTSPOT,UNVERIFIED,REAL,False,True,15.89,15.89,0.0,350.1,350.1,0.0,5901.924136774776,995851.1,1606827.6,4200.0,1143373.8,980741.8,0,1.0,17.33,1.0,2.28,0.65
f512136b-8bdc-4a21-8ea5-9d79dbce1cc4,8dc24fb8-dfe0-4e5a-bf17-bd9c096ee9e1,EVT-REAL-2026-01616,15.1598,76.5412,Karnataka,Ballari,,,2026-02-14,TEST,Ballari,GENERAL_INDIAN_TERRITORY,Uncertain,UNKNOWN,LOW_CONFIDENCE_HOTSPOT,UNVERIFIED,REAL,False,True,20.3,20.3,0.0,325.1,325.1,0.0,7888.756112163393,1025747.8,1632542.4,4200.0,1173473.2,1010687.8,0,1.0,47.33,1.0,2.275,0.65
630037a0-87bb-451e-a52f-9f84cbb722a3,dc6b8b49-f8c9-435f-a25c-b646221a9c70,EVT-REAL-2026-01617,15.4215,76.78831,Andhra Pradesh,East Godavari,,,2026-02-15,TEST,East Godavari,GENERAL_INDIAN_TERRITORY,Uncertain,UNKNOWN,LOW_CONFIDENCE_HOTSPOT,UNVERIFIED,REAL,False,True,15.47,15.47,0.0,367.0,367.0,0.0,12832.145913066595,988310.9,1603399.8,4200.0,1134744.7,971551.5,0,1.0,12.89,1.0,3.094,0.2
520984b2-8464-4ce9-bf37-95d5597a5e75,186b333d-7136-47a8-9f69-472c42d0a1c8,EVT-REAL-2026-01618,24.14051,82.70905,Madhya Pradesh,Singrauli,,,2026-02-15,TEST,Singrauli,EASTERN_COAL_BELT,Uncertain,UNKNOWN,LOW_CONFIDENCE_HOTSPOT,UNVERIFIED,REAL,False,True,15.39,15.39,0.0,346.12,346.12,0.0,3102.3522013325437,150808.2,866344.4,4200.0,9244.2,0.0,1,1.0,333.33,1.0,9.813,0.65
cc20b1da-d48f-43a2-911a-37952be681c1,c511a012-949d-4855-838c-e713001a3161,EVT-REAL-2026-01619,23.6779,86.0866,Jharkhand,Dhanbad,4d2b15db-0fa2-4129-9070-f4361c27eadd,Industrial Manufacturing (cooling) (Way #669690368),2026-02-16,TEST,4d2b15db-0fa2-4129-9070-f4361c27eadd,EASTERN_COAL_BELT,Gas Flare,WEAKLY_LABELED,FACILITY_THERMAL_BASE,UNVERIFIED,REAL,False,True,19.0,19.0,0.0,309.8,309.8,0.0,399.7185491237484,180282.4,1151608.2,4200.0,305809.6,346294.3,0,1.0,3549.56,0.0,7.074,0.95
43587aea-e0fa-4189-b83a-cc068af47511,44353408-b1a3-427e-a12d-b43df19cb98f,EVT-REAL-2026-01620,15.0267,76.699,Andhra Pradesh,East Godavari,b9c9c6e5-9ca6-4459-ace5-704f85999492,Jindal Vijayanagara Solar Plant,2026-02-19,TEST,b9c9c6e5-9ca6-4459-ace5-704f85999492,GENERAL_INDIAN_TERRITORY,Industrial Fire,REAL,OSM_FACILITY_GROUND_TRUTH,UNVERIFIED,REAL,False,True,53.0,37.9,15.1,338.0,332.45,5.550000000000011,1715.348112477634,1032073.4,1647116.8,4200.0,1176778.2,1012219.3,0,0.4333,4.44,1.0,3.482,0.95
ef44efef-9b74-4c76-bf25-adbb0678c558,539b1b36-825b-4ea5-b076-2ed9ce832f4b,EVT-REAL-2026-01621,15.0332,76.7139,Andhra Pradesh,East Godavari,29f92e1a-9abe-45c2-9909-108ab73152ec,Solar Photovoltaic / Solar Thermal Power Generation (Way #1493958742),2026-02-19,TEST,29f92e1a-9abe-45c2-9909-108ab73152ec,GENERAL_INDIAN_TERRITORY,Gas Flare,WEAKLY_LABELED,FACILITY_THERMAL_BASE,UNVERIFIED,REAL,False,True,25.6,25.6,0.0,328.2,328.2,0.0,964.1711272865116,1030764.6,1646388.8,4200.0,1175319.7,1010689.2,0,0.4,3.56,1.0,1.888,0.95
cfe984fb-47d6-4c01-9780-a5a576929da6,54172b6f-1757-4c3a-bbb3-8b492ab442a5,EVT-REAL-2026-01622,15.04455,76.6833,Karnataka,Ballari,4a9c6680-0022-4e42-a12d-023ea480b48c,Designated Industrial Park / Estate (Way #1192736936),2026-02-19,TEST,4a9c6680-0022-4e42-a12d-023ea480b48c,GENERAL_INDIAN_TERRITORY,Industrial Fire,REAL,OSM_FACILITY_GROUND_TRUTH,UNVERIFIED,REAL,False,True,49.0,38.65,10.34987922634849,336.2,332.25,3.9499999999999886,1903.0714916350555,1030959.8,1645152.7,4200.0,1175999.9,1011636.5,0,0.5667,6.22,1.0,3.645,0.95
1d7f3cd8-a13c-4e55-bb86-51fb2f2604ed,7f56bc38-e935-4ae3-b361-6b5caa3c7e7a,EVT-REAL-2026-01623,15.0522,76.6961,Karnataka,Ballari,4a9c6680-0022-4e42-a12d-023ea480b48c,Designated Industrial Park / Estate (Way #1192736936),2026-02-19,TEST,4a9c6680-0022-4e42-a12d-023ea480b48c,GENERAL_INDIAN_TERRITORY,Industrial Fire,REAL,OSM_FACILITY_GROUND_TRUTH,UNVERIFIED,REAL,False,True,26.6,26.6,0.0,328.3,328.3,0.0,1522.1383932928077,1029624.5,1644297.2,4200.0,1174551.6,1010136.6,0,0.3667,3.78,1.0,2.075,0.95
865f9f87-d1a9-4d64-a2e4-17ed00a1020b,40cc1d80-990d-495b-80f8-7f196e9d286c,EVT-REAL-2026-01624,15.0285,76.6863,Karnataka,Ballari,b9c9c6e5-9ca6-4459-ace5-704f85999492,Jindal Vijayanagara Solar Plant,2026-02-19,TEST,b9c9c6e5-9ca6-4459-ace5-704f85999492,GENERAL_INDIAN_TERRITORY,Uncertain,UNKNOWN,LOW_CONFIDENCE_HOTSPOT,UNVERIFIED,REAL,False,True,50.7,50.7,0.0,336.9,336.9,0.0,2491.0617393534803,1032448.6,1646926.4,4200.0,1177333.4,1012871.1,0,0.6667,7.11,1.0,3.756,0.95
25597924-89a4-4e9d-b81b-d468c23fce2f,56fd4e15-61e1-4b31-9f7d-6620f9b8bb08,EVT-REAL-2026-01625,23.7796,86.2041,Jharkhand,Dhanbad,3d267731-70ef-4957-bee7-f5b6da0dc53d,Designated Industrial Park / Estate (Way #825940046),2026-02-22,TEST,3d267731-70ef-4957-bee7-f5b6da0dc53d,EASTERN_COAL_BELT,Uncertain,UNKNOWN,LOW_CONFIDENCE_HOTSPOT,UNVERIFIED,REAL,False,True,15.8,15.8,0.0,305.4,305.4,0.0,1538.872820942683,191525.2,1154003.0,4200.0,316733.0,356639.3,0,1.0,3900.89,0.0,4.84,0.95
21772994-bb85-40e7-ad1f-1ca9df983666,802cd19f-9e69-400c-829b-414ab94ec640,EVT-REAL-2026-01626,15.19053,76.61414,Karnataka,Ballari,e486f359-d83f-41f8-aaeb-fe55160cfefa,Industrial Manufacturing (cooling) (Way #666448106),2026-02-28,TEST,e486f359-d83f-41f8-aaeb-fe55160cfefa,GENERAL_INDIAN_TERRITORY,Industrial Fire,REAL,OSM_FACILITY_GROUND_TRUTH,UNVERIFIED,REAL,False,True,20.59,20.59,0.0,343.42,343.42,0.0,2448.860699218747,1019349.9,1629066.8,4200.0,1166359.5,1003214.5,0,0.4333,3.33,1.0,7.128,0.95
63e32368-bb1f-42f7-bfd9-793f0edf660f,658c7593-b3d9-49b4-a80d-72a956ae2453,EVT-REAL-2026-01627,15.1899,76.61581,Karnataka,Ballari,e486f359-d83f-41f8-aaeb-fe55160cfefa,Industrial Manufacturing (cooling) (Way #666448106),2026-02-28,TEST,e486f359-d83f-41f8-aaeb-fe55160cfefa,GENERAL_INDIAN_TERRITORY,Uncertain,UNKNOWN,LOW_CONFIDENCE_HOTSPOT,UNVERIFIED,REAL,False,True,25.23,25.23,0.0,341.52,341.52,0.0,2257.8290635104877,1019337.6,1629134.7,4200.0,1166320.9,1003160.7,0,0.9667,6.89,1.0,12.78,0.95
77354742-eaea-40a9-b7f6-5822f65bcfa0,900054c6-14f7-44da-b00f-6c578d25422c,EVT-REAL-2026-01628,23.765,86.5812,Jharkhand,Dhanbad,d6fefaad-f0d6-402b-a0f2-a74e04649d87,Designated Industrial Park / Estate (Way #117627772),2026-02-28,TEST,d6fefaad-f0d6-402b-a0f2-a74e04649d87,EASTERN_COAL_BELT,Industrial Fire,REAL,OSM_FACILITY_GROUND_TRUTH,UNVERIFIED,REAL,False,True,23.3,23.3,0.0,322.2,322.2,0.0,725.7662054123848,189912.6,1185461.7,4200.0,355189.6,395006.8,0,0.5333,4.89,1.0,4.563,0.95
7da7144c-0c4b-42d5-b6d1-5324fbd670d5,449a3655-47c0-4963-adeb-bea484301d1e,EVT-REAL-2026-01629,23.83501,86.18198,Jharkhand,Dhanbad,,,2026-03-03,TEST,Dhanbad,EASTERN_COAL_BELT,Uncertain,UNKNOWN,LOW_CONFIDENCE_HOTSPOT,UNVERIFIED,REAL,False,True,19.88,19.88,0.0,344.84,344.84,0.0,3557.2367379774396,197664.8,1148452.8,4200.0,314108.9,353725.6,0,0.4667,6.67,1.0,2.308,0.65
4b71225d-734d-4677-a994-77927efb5e0d,fd277417-c857-4a40-b881-52a431e7aa5d,EVT-REAL-2026-01630,23.68248,86.09393,Jharkhand,Dhanbad,52f465c3-1def-446f-8696-511667e0eacf,Industrial Manufacturing (cooling) (Way #669690360),2026-03-03,TEST,52f465c3-1def-446f-8696-511667e0eacf,EASTERN_COAL_BELT,Gas Flare,WEAKLY_LABELED,FACILITY_THERMAL_BASE,UNVERIFIED,REAL,False,True,17.8,16.45,1.3564659966250536,338.66,326.03,12.630000000000052,83.04853692201658,180785.5,1151873.8,4200.0,306498.1,346956.1,0,1.0,3705.78,1.0,6.566,0.95
cfff7dac-ed03-4efc-8af8-6f36c0da483e,37942294-d299-468e-b5b1-59cf89b958b5,EVT-REAL-2026-01631,15.03291,76.56124,Karnataka,Ballari,21e98e23-704a-4d49-b09b-1c114f509d21,Designated Industrial Park / Estate (Way #1375816455),2026-03-03,TEST,21e98e23-704a-4d49-b09b-1c114f509d21,GENERAL_INDIAN_TERRITORY,Gas Flare,WEAKLY_LABELED,FACILITY_THERMAL_BASE,UNVERIFIED,REAL,False,True,17.69,17.69,0.0,351.08,351.08,0.0,1376.5285962284431,1037566.5,1646561.9,4200.0,1184108.9,1020536.9,0,0.8333,7.33,1.0,2.841,0.95
dbe076a5-c46a-413a-a6c1-98f8b7b75d44,e907cffc-5760-4b67-9e9a-09b29d69ae78,EVT-REAL-2026-01632,15.14453,76.54644,Karnataka,Ballari,,,2026-03-03,TEST,Ballari,GENERAL_INDIAN_TERRITORY,Uncertain,UNKNOWN,LOW_CONFIDENCE_HOTSPOT,UNVERIFIED,REAL,False,True,16.17,16.17,0.0,346.88,346.88,0.0,6144.459503814707,1027037.9,1634226.7,4200.0,1174583.9,1011682.3,0,1.0,50.67,1.0,1.842,0.65
3f23dcfb-a991-48cc-a4f1-619d67a61ac1,37e61abf-e464-4f16-b170-e113d918c382,EVT-REAL-2026-01633,23.6881,86.036,Jharkhand,Dhanbad,,,2026-03-03,TEST,Dhanbad,EASTERN_COAL_BELT,Uncertain,UNKNOWN,LOW_CONFIDENCE_HOTSPOT,UNVERIFIED,REAL,False,True,16.2,16.2,0.0,327.2,327.2,0.0,2830.4543625259894,181525.7,1146878.7,4200.0,300556.7,341021.3,0,1.0,24.0,1.0,2.321,0.65
b7a25469-f5bc-45d5-a0af-5967bb617fb1,c8c92b26-2d13-4bad-bd0a-6deba3b25bb9,EVT-REAL-2026-01634,23.7102,86.0007,Jharkhand,Dhanbad,,,2026-03-03,TEST,Dhanbad,EASTERN_COAL_BELT,Uncertain,UNKNOWN,LOW_CONFIDENCE_HOTSPOT,UNVERIFIED,REAL,False,True,34.5,34.5,0.0,338.1,338.1,0.0,6344.473325090125,184136.6,1142539.7,4200.0,296723.1,337096.7,0,1.0,33.56,1.0,4.185,0.65
51eaed54-4a4a-4b0e-8590-f055c4d53105,222a8922-08c2-4643-b7b0-fbc59ee2fcfc,EVT-REAL-2026-01635,23.72383,86.59401,Jharkhand,Dhanbad,,,2026-03-04,TEST,Dhanbad,EASTERN_COAL_BELT,Uncertain,UNKNOWN,LOW_CONFIDENCE_HOTSPOT,UNVERIFIED,REAL,False,True,15.0,15.0,0.0,333.54,333.54,0.0,4838.74349074161,185354.6,1189257.1,4200.0,356839.2,396844.5,0,0.6,6.44,1.0,2.603,0.65
05f3d231-e89c-4412-8c63-792a78f218c2,233651aa-3d14-4a68-b9cb-a91c6ff1411b,EVT-REAL-2026-01636,23.6394,86.4142,Jharkhand,Dhanbad,,,2026-03-04,TEST,Dhanbad,EASTERN_COAL_BELT,Uncertain,UNKNOWN,LOW_CONFIDENCE_HOTSPOT,UNVERIFIED,REAL,False,True,21.3,21.3,0.0,313.8,313.8,0.0,2670.9028412723987,175988.3,1180446.0,4200.0,339497.6,379974.4,0,0.5,5.33,1.0,4.221,0.65
bfebf05b-598e-4a0d-bb39-4ce9b19e6152,99d2867b-0cd9-484f-8fae-4630814b5809,EVT-REAL-2026-01637,15.17574,76.53133,Karnataka,Ballari,,,2026-03-06,TEST,Ballari,GENERAL_INDIAN_TERRITORY,Uncertain,UNKNOWN,LOW_CONFIDENCE_HOTSPOT,UNVERIFIED,REAL,False,True,16.49,16.49,0.0,345.58,345.58,0.0,9953.200559387496,1024604.5,1630788.6,4200.0,1172573.7,1009941.4,0,1.0,46.89,1.0,2.717,0.2
c0bed705-3134-402e-9e57-49be96afa040,d247d24d-bbdd-49ab-aa93-6b0ebf76ff8d,EVT-REAL-2026-01638,15.13681,76.5667,Karnataka,Ballari,,,2026-03-06,TEST,Ballari,GENERAL_INDIAN_TERRITORY,Uncertain,UNKNOWN,LOW_CONFIDENCE_HOTSPOT,UNVERIFIED,REAL,False,True,45.01,45.01,0.0,350.24,350.24,0.0,4456.933650330452,1026889.6,1635060.3,4200.0,1174118.3,1011033.6,0,1.0,50.67,1.0,4.081,0.65
b7911fd9-6dff-4447-a39f-7602f19703e4,a35770e8-01cf-4485-8e11-d7268f339748,EVT-REAL-2026-01639,15.13082,76.60134,Karnataka,Ballari,,,2026-03-06,TEST,Ballari,GENERAL_INDIAN_TERRITORY,Uncertain,UNKNOWN,LOW_CONFIDENCE_HOTSPOT,UNVERIFIED,REAL,False,True,15.57,15.57,0.0,349.19,349.19,0.0,3216.581145682221,1025923.3,1635687.0,4200.0,1172660.5,1009300.4,0,0.7667,15.11,1.0,2.095,0.65
0eefb7fc-7211-417b-b3ca-6c19d6a17130,66711b92-e7fd-4f84-bedf-e2666d7143ff,EVT-REAL-2026-01640,23.82473,86.18691,Jharkhand,Dhanbad,1995cb70-8415-474c-a877-7db2fcc5afd0,Designated Industrial Park / Estate (Way #825940045),2026-03-07,TEST,1995cb70-8415-474c-a877-7db2fcc5afd0,EASTERN_COAL_BELT,Uncertain,UNKNOWN,LOW_CONFIDENCE_HOTSPOT,UNVERIFIED,REAL,False,True,15.3,15.3,0.0,353.45,353.45,0.0,2459.7488774018725,196525.6,1149548.1,4200.0,314671.0,354342.4,0,0.5667,10.67,1.0,1.606,0.95
573e5807-67d7-484a-aec9-ed05cb2e83ac,7baa22ab-94ba-4cb2-96c1-4551d7513c7b,EVT-REAL-2026-01641,15.13373,76.96188,Andhra Pradesh,East Godavari,6ede05ab-9826-48e7-9f23-3f0a3876b41b,Nava Karnataka Steels,2026-03-09,TEST,6ede05ab-9826-48e7-9f23-3f0a3876b41b,GENERAL_INDIAN_TERRITORY,Gas Flare,WEAKLY_LABELED,FACILITY_THERMAL_BASE,UNVERIFIED,REAL,False,True,20.46,18.23,2.2978250586152114,367.0,349.85,17.149999999999977,930.5085457564032,1009949.7,1635325.6,4200.0,1151885.3,986017.6,0,1.0,11.56,1.0,4.479,0.95
ad934671-13a9-4594-953d-931db0fb2a9b,9192b892-4e70-46b8-93ff-094eaab1e0f3,EVT-REAL-2026-01642,15.195,76.6133,Karnataka,Ballari,,,2026-03-11,TEST,Ballari,GENERAL_INDIAN_TERRITORY,Uncertain,UNKNOWN,LOW_CONFIDENCE_HOTSPOT,UNVERIFIED,REAL,False,True,20.7,20.7,0.0,328.8,328.8,0.0,2701.6723719699576,1018939.3,1628573.1,4200.0,1165992.8,1002876.7,0,0.4,3.56,1.0,3.084,0.65
d7e4e1e0-76e3-4530-bc39-b16d97fbf484,f91abebd-a5b4-46ed-a3de-2b3083a6037e,EVT-REAL-2026-01643,24.33927,82.57125,Madhya Pradesh,Singrauli,,,2026-03-12,TEST,Singrauli,EASTERN_COAL_BELT,Forest Fire,REAL,FSI_FOREST_CANOPY,UNVERIFIED,REAL,False,True,15.31,15.31,0.0,341.8,341.8,0.0,15173.80438928774,142854.5,840577.9,4200.0,27882.8,13240.5,0,0.1,1.33,1.0,1.858,0.2
04a2b567-4aad-4be6-984d-bd735f0b30e5,b6ef9efe-f142-4c9a-9a2c-f3e743a34071,EVT-REAL-2026-01644,24.34286,82.56689,Madhya Pradesh,Singrauli,,,2026-03-12,TEST,Singrauli,EASTERN_COAL_BELT,Forest Fire,REAL,FSI_FOREST_CANOPY,UNVERIFIED,REAL,False,True,15.31,15.31,0.0,342.94,342.94,0.0,15433.143696595947,142572.4,839986.8,4200.0,28471.4,13673.2,0,0.0667,1.56,1.0,3.677,0.2
18e7bca5-5096-4650-88d9-1cc58e88570b,5ad9ba4f-8ebf-45ea-920e-da5c6b7c6954,EVT-REAL-2026-01645,15.3455,76.58803,Karnataka,Ballari,,,2026-03-12,TEST,Ballari,GENERAL_INDIAN_TERRITORY,Uncertain,UNKNOWN,LOW_CONFIDENCE_HOTSPOT,UNVERIFIED,REAL,False,True,15.35,15.35,0.0,367.0,367.0,0.0,6315.488330536414,1005021.5,1611947.6,4200.0,1153524.3,991385.6,0,0.4333,7.78,1.0,3.295,0.65
cb0eee51-010a-4a09-bbb2-640c93a22bd7,9dfc6771-6c5a-41c2-aea5-9bf4d708ee22,EVT-REAL-2026-01646,15.36795,76.65041,Karnataka,Ballari,,,2026-03-13,TEST,Ballari,GENERAL_INDIAN_TERRITORY,Uncertain,UNKNOWN,LOW_CONFIDENCE_HOTSPOT,UNVERIFIED,REAL,False,True,29.6,29.6,0.0,351.86,351.86,0.0,4605.022068569831,999913.3,1609397.7,4200.0,1147772.4,985300.1,0,1.0,28.22,1.0,5.102,0.65
47352bfa-e920-4652-b683-e4eda3a268f9,95716f33-cce2-4a73-a94b-e4d5b9f791ce,EVT-REAL-2026-01647,23.8003,82.9148,Chhattisgarh,Korba,,,2026-03-14,TEST,Korba,EASTERN_COAL_BELT,Uncertain,UNKNOWN,LOW_CONFIDENCE_HOTSPOT,UNVERIFIED,REAL,False,True,23.0,23.0,0.0,334.3,334.3,0.0,28164.993110576575,169652.8,908529.7,4200.0,16587.9,40582.4,0,0.6,9.56,1.0,4.435,0.2
0477fa79-9955-488e-a6ad-ffe571818bae,c7dfbfdb-9334-459f-8543-29045d4bc159,EVT-REAL-2026-01648,23.8683,82.8774,Chhattisgarh,Korba,,,2026-03-14,TEST,Korba,EASTERN_COAL_BELT,Uncertain,UNKNOWN,LOW_CONFIDENCE_HOTSPOT,UNVERIFIED,REAL,False,True,17.1,17.1,0.0,328.9,328.9,0.0,19701.890278885337,165755.3,900334.8,4200.0,9055.0,32151.2,0,1.0,20.0,1.0,1.909,0.2
4d43fdf7-031d-402d-ba15-f57f7f09cbfa,651f4616-6212-42cc-937d-c0af0403b647,EVT-REAL-2026-01649,23.9297,83.0568,Chhattisgarh,Korba,,,2026-03-14,TEST,Korba,EASTERN_COAL_BELT,Uncertain,UNKNOWN,LOW_CONFIDENCE_HOTSPOT,UNVERIFIED,REAL,False,True,15.6,15.6,0.0,328.3,328.3,0.0,24058.533325483175,183994.0,907282.6,4200.0,2252.4,40227.3,0,0.3333,3.78,1.0,2.604,0.2
d3680f47-e7e6-4e74-8286-b0aa05e5df3e,d3619eb6-d6cb-4458-8d7b-6afd0158978f,EVT-REAL-2026-01650,23.7655,86.3992,Jharkhand,Dhanbad,78ced2c8-7ae2-4a97-8583-28b5fa469a7c,Mining and Quarrying n.e.c. (Way #1010056601),2026-03-14,TEST,78ced2c8-7ae2-4a97-8583-28b5fa469a7c,EASTERN_COAL_BELT,Mining Activity,REAL,IBM_MINING_GROUND_TRUTH,UNVERIFIED,REAL,False,True,15.4,15.4,0.0,309.3,309.3,0.0,1233.1854801275858,189954.0,1170675.8,4200.0,336680.3,376571.5,0,1.0,11129.33,0.0,4.979,0.95
4468f9c2-2515-42e2-bb66-0e9a8c0066a0,ba63af0f-f1f0-436a-aa8b-3ca3ee3e8fd3,EVT-REAL-2026-01651,23.80463,82.10051,Madhya Pradesh,Singrauli,,,2026-03-15,TEST,Singrauli,EASTERN_COAL_BELT,Uncertain,UNKNOWN,LOW_CONFIDENCE_HOTSPOT,UNVERIFIED,REAL,False,True,16.04,16.04,0.0,367.0,367.0,0.0,31063.467737827694,86670.5,856234.1,4200.0,73038.3,60015.1,0,1.0,44.22,1.0,3.698,0.2
ce23197d-8d1d-4a0d-93c7-e478a831e2a2,2d500290-6faa-4052-9a2a-08522082fd35,EVT-REAL-2026-01652,15.49576,76.61258,Karnataka,Ballari,,,2026-03-17,TEST,Ballari,GENERAL_INDIAN_TERRITORY,Other Thermal Source,REAL,BACKGROUND_THERMAL_SOURCE,UNVERIFIED,REAL,False,True,20.66,19.11,1.5491933384829668,367.0,359.77,7.230000000000018,8097.316280413485,988886.2,1595295.8,4200.0,1138211.1,976719.7,0,1.0,21.78,1.0,3.447,0.2
672dd73b-3613-4804-a9c7-c329dbbbd04c,8def1268-c4f4-44df-a9be-5ec56b34da69,EVT-REAL-2026-01653,24.27737,83.38598,Jharkhand,Dhanbad,,,2026-03-19,TEST,Dhanbad,EASTERN_COAL_BELT,Uncertain,UNKNOWN,LOW_CONFIDENCE_HOTSPOT,UNVERIFIED,REAL,False,True,26.29,26.29,0.0,336.79,336.79,0.0,26467.525374997986,221173.2,902265.6,4200.0,30282.9,67931.6,0,0.1667,2.67,1.0,3.153,0.2
cb4019d0-d145-4366-8e90-6d2801171850,0c906719-e7d8-4e41-91b4-939bc6d1e9c2,EVT-REAL-2026-01654,23.7759,86.3928,Jharkhand,Dhanbad,78ced2c8-7ae2-4a97-8583-28b5fa469a7c,Mining and Quarrying n.e.c. (Way #1010056601),2026-03-22,TEST,78ced2c8-7ae2-4a97-8583-28b5fa469a7c,EASTERN_COAL_BELT,Mining Activity,REAL,IBM_MINING_GROUND_TRUTH,UNVERIFIED,REAL,False,True,15.9,15.9,0.0,314.8,314.8,0.0,960.541664757966,191105.8,1169456.6,4200.0,335948.2,375790.2,0,1.0,10867.78,1.0,5.105,0.95
88a00f12-6c7f-489c-beeb-406e4e326ffe,b2602778-54ab-41d2-a3f0-5bd161c1400d,EVT-REAL-2026-01655,15.47722,76.6142,Karnataka,Ballari,,,2026-03-22,TEST,Ballari,GENERAL_INDIAN_TERRITORY,Other Thermal Source,REAL,BACKGROUND_THERMAL_SOURCE,UNVERIFIED,REAL,False,True,37.18,25.69,7.66355009117837,367.0,349.19,17.810000000000002,7195.688262548974,990659.7,1597345.4,4200.0,1139821.5,978214.3,0,1.0,23.33,1.0,6.364,0.65
f6214de3-2cf6-4f2e-b1c5-6be357edae33,7678f3bb-0e40-412f-a794-bb57189efb62,EVT-REAL-2026-01656,23.5224,82.5331,Madhya Pradesh,Singrauli,,,2026-03-22,TEST,Singrauli,EASTERN_COAL_BELT,Mining Activity,REAL,IBM_MINING_GROUND_TRUTH,UNVERIFIED,REAL,False,True,37.1,37.1,0.0,331.5,331.5,0.0,20926.730187344252,131033.3,907822.2,4200.0,54620.1,66359.9,0,0.9,24.0,1.0,8.748,0.2
93a0bee8-17d1-4d1d-ac8f-fc5230e84f9f,858c752e-6df8-4fd8-a9b3-f54b22276a39,EVT-REAL-2026-01657,23.5209,82.5203,Madhya Pradesh,Singrauli,,,2026-03-22,TEST,Singrauli,EASTERN_COAL_BELT,Mining Activity,REAL,IBM_MINING_GROUND_TRUTH,UNVERIFIED,REAL,False,True,21.5,21.5,0.0,323.0,323.0,0.0,20719.820792760805,129727.6,907155.7,4200.0,55424.4,66631.9,0,0.7667,21.56,1.0,7.17,0.2
f21ededa-a708-4e5c-8f88-7b6ba79f2559,9ade17a2-5756-4776-bb39-d39a72af35d8,EVT-REAL-2026-01658,23.5324,82.531,Madhya Pradesh,Singrauli,,,2026-03-22,TEST,Singrauli,EASTERN_COAL_BELT,Mining Activity,REAL,IBM_MINING_GROUND_TRUTH,UNVERIFIED,REAL,False,True,36.5,36.5,0.0,331.2,331.2,0.0,22025.09872333403,130808.9,906814.5,4200.0,53771.0,65271.3,0,0.7333,22.44,1.0,7.498,0.2
9322b27f-08b0-47ea-a089-130bf0812a6f,5289cddf-41d9-4e74-88dc-0838961c0d9b,EVT-REAL-2026-01659,23.5309,82.5186,Madhya Pradesh,Singrauli,,,2026-03-22,TEST,Singrauli,EASTERN_COAL_BELT,Mining Activity,REAL,IBM_MINING_GROUND_TRUTH,UNVERIFIED,REAL,False,True,16.2,16.2,0.0,319.5,319.5,0.0,21832.544280710037,129544.2,906172.4,4200.0,54568.0,65545.4,0,0.6667,21.78,1.0,3.936,0.2
55642a37-aec0-4922-8fd2-05b6a39cdaed,677bc680-9326-4b2d-b653-e3daa4324097,EVT-REAL-2026-01660,15.47889,76.60974,Karnataka,Ballari,,,2026-03-23,TEST,Ballari,GENERAL_INDIAN_TERRITORY,Uncertain,UNKNOWN,LOW_CONFIDENCE_HOTSPOT,UNVERIFIED,REAL,False,True,24.75,24.75,0.0,348.62,348.62,0.0,6840.544814837456,990700.4,1597165.4,4200.0,1139933.1,978368.3,0,1.0,26.89,1.0,3.782,0.65
